{
  "type": "FeatureCollection",
  "name": "Špansko-Sjever A–F – volumeni iz lokacijske dozvole",
  "bbox": [15.882657699, 45.803023536, 15.885678195, 45.804463966],
  "reconstruction": {
    "schema": "consensus-builder.reconstruction.v1",
    "proposal": {
      "proposalId": "pionir-spansko-sjever-a-f-location-permit-2022",
      "city": "zagreb",
      "name": "Špansko-Sjever A–F – volumeni iz lokacijske dozvole",
      "title": "Špansko-Sjever A–F – volumeni iz lokacijske dozvole",
      "description": "Radna rekonstrukcija šest nadzemnih volumena A–F na k.č. 2795/3. Tlocrti su iz službene izmjene lokacijske dozvole iz 2022. i svaki je prostorno uparen s današnjom DGU zgradom. Lokacijski akt navodi ukupno 896 stanova i 8 ureda; kasnija izmjena za F smanjila je taj volumen na 141 stan i 4 ureda, pa se ukupni broj iz lokacijske dozvole ne predstavlja kao konačno izvedeno stanje.",
      "author": "zagreb.lol – lokalna analiza",
      "type": "building",
      "goal": "single",
      "primaryType": "Urban Rule",
      "typologyType": "single",
      "lifecycleStatus": "Active",
      "createdAt": "2026-08-13T00:00:00.000Z",
      "updatedAt": "2026-08-13T00:00:00.000Z",
      "tags": [
        "buildings",
        "research",
        "reconstruction",
        "location-permit"
      ],
      "parentParcelIds": [
        "HR-340057-2795/3"
      ],
      "cadastreParcelIds": [
        "HR-340057-2795/3"
      ],
      "parcelIds": [
        "HR-340057-2795/3"
      ],
      "acceptedParcelIds": [],
      "bounds": [15.882657699, 45.803023536, 15.885678195, 45.804463966],
      "source": {
        "locationPermitCaseId": "P20221230-1168647-Z06",
        "locationPermitClass": "UP/I-350-05/22-001/121",
        "locationPermitDecisionAt": "2022-07-19",
        "locationPermitFinalAt": "2022-08-16",
        "publicWfs": "https://oss.uredjenazemlja.hr/OssWebServices/external/eDozvole",
        "parcel": "current k.č. 2795/3, MB 340057, k.o. Stenjevec Jug; permit records use k.o. Stenjevec, MB 335592",
        "sourceStatistics": {
          "geometryDerivedFrom2022LocationPermit": {
            "parcelAreaM2": 23451.140442173328,
            "footprintAreaM2": 7286.889302668833,
            "siteCoveragePercent": 31.072643655165123,
            "buildingCount": 6
          },
          "displayOnlyHeightEstimate": {
            "heightEquivalentAboveGroundGbpM2": 70845.92934163837,
            "heightEquivalentKin": 3.021001452630111,
            "method": "footprint × current GDI height where reliable, otherwise 27 m, divided by 3 m; not permit GBP"
          },
          "locationPermitStated": {
            "locationPermitApartments": 896,
            "locationPermitOffices": 8,
            "plannedAboveGroundVolumes": 6,
            "laterKnownF": {
              "apartments": 141,
              "offices": 4,
              "storeys": "P+7+Uk",
              "permitUrl": "https://pionir.hr/wp-content/dokumentacija_dozvole/spansko_sjever/objekt_f/rjesenje-o-izmjeni-i-dopuni-gradevinske-dozvole-nadzemno-f.pdf"
            }
          },
          "caveat": "The proposal preserves the 2022 location-permit scheme. Later phase permits changed at least volume F, so this is not asserted to be the final as-built apartment total."
        }
      }
    },
    "buildingProposal": {
      "parentParcelIds": [
        "HR-340057-2795/3"
      ],
      "parentParcelNumbers": [
        {
          "id": "HR-340057-2795/3",
          "number": "2795/3",
          "cadastre": "Stenjevec Jug"
        }
      ],
      "createdFrom": "single-building",
      "typologyType": "single",
      "blockName": "Špansko-Sjever A–F – k.č. 2795/3",
      "parameters": {
        "typology": "single",
        "floorHeightM": 3,
        "geometryBasis": "permit-planned-footprint",
        "sourceStatistics": {
          "geometryDerivedFrom2022LocationPermit": {
            "parcelAreaM2": 23451.140442173328,
            "footprintAreaM2": 7286.889302668833,
            "siteCoveragePercent": 31.072643655165123,
            "buildingCount": 6
          },
          "displayOnlyHeightEstimate": {
            "heightEquivalentAboveGroundGbpM2": 70845.92934163837,
            "heightEquivalentKin": 3.021001452630111,
            "method": "footprint × current GDI height where reliable, otherwise 27 m, divided by 3 m; not permit GBP"
          },
          "locationPermitStated": {
            "locationPermitApartments": 896,
            "locationPermitOffices": 8,
            "plannedAboveGroundVolumes": 6,
            "laterKnownF": {
              "apartments": 141,
              "offices": 4,
              "storeys": "P+7+Uk",
              "permitUrl": "https://pionir.hr/wp-content/dokumentacija_dozvole/spansko_sjever/objekt_f/rjesenje-o-izmjeni-i-dopuni-gradevinske-dozvole-nadzemno-f.pdf"
            }
          },
          "caveat": "The proposal preserves the 2022 location-permit scheme. Later phase permits changed at least volume F, so this is not asserted to be the final as-built apartment total."
        }
      },
      "ancestorKey": "HR-340057-2795/3",
      "takeWholeParcels": true,
      "metadata": {
        "sourceStatistics": {
          "geometryDerivedFrom2022LocationPermit": {
            "parcelAreaM2": 23451.140442173328,
            "footprintAreaM2": 7286.889302668833,
            "siteCoveragePercent": 31.072643655165123,
            "buildingCount": 6
          },
          "displayOnlyHeightEstimate": {
            "heightEquivalentAboveGroundGbpM2": 70845.92934163837,
            "heightEquivalentKin": 3.021001452630111,
            "method": "footprint × current GDI height where reliable, otherwise 27 m, divided by 3 m; not permit GBP"
          },
          "locationPermitStated": {
            "locationPermitApartments": 896,
            "locationPermitOffices": 8,
            "plannedAboveGroundVolumes": 6,
            "laterKnownF": {
              "apartments": 141,
              "offices": 4,
              "storeys": "P+7+Uk",
              "permitUrl": "https://pionir.hr/wp-content/dokumentacija_dozvole/spansko_sjever/objekt_f/rjesenje-o-izmjeni-i-dopuni-gradevinske-dozvole-nadzemno-f.pdf"
            }
          },
          "caveat": "The proposal preserves the 2022 location-permit scheme. Later phase permits changed at least volume F, so this is not asserted to be the final as-built apartment total."
        }
      }
    }
  },
  "features": [
    {
      "type": "Feature",
      "properties": {
        "id": "HR-340057-2795/3",
        "cestica_id": 40366554,
        "maticni_broj_ko": 340057,
        "broj_cestice": "2795/3",
        "areaM2": 23451.925300006213,
        "source": "DGU katastar, aktualna čestica",
        "permitCadastre": "k.o. Stenjevec (MB 335592)",
        "currentCadastre": "k.o. Stenjevec Jug (MB 340057)",
        "consensus:role": "site"
      },
      "geometry": {
        "type": "MultiPolygon",
        "coordinates": [
          [
            [
              [15.883499353, 45.803274369],
              [15.883778928, 45.803179599],
              [15.883899152, 45.803138856],
              [15.884239289, 45.803023536],
              [15.884299258, 45.803080277],
              [15.88424131, 45.803552448],
              [15.884305207, 45.803556302],
              [15.884733335, 45.803582002],
              [15.884930428, 45.803593861],
              [15.885004612, 45.80359831],
              [15.885074938, 45.803602557],
              [15.885237189, 45.803612338],
              [15.885275631, 45.803614615],
              [15.885276477, 45.803607871],
              [15.885277323, 45.803601127],
              [15.885321036, 45.803603791],
              [15.885552842, 45.803617725],
              [15.885678195, 45.803625238],
              [15.885677349, 45.803631982],
              [15.885643146, 45.803911185],
              [15.885605851, 45.804214216],
              [15.885583948, 45.804392618],
              [15.885580383, 45.804400967],
              [15.885572461, 45.804407673],
              [15.88556148, 45.804411843],
              [15.885550534, 45.804412773],
              [15.885382701, 45.804407282],
              [15.885093977, 45.80439781],
              [15.884772691, 45.804389512],
              [15.884514502, 45.804387762],
              [15.884368726, 45.804388776],
              [15.88430838, 45.80438944],
              [15.884298593, 45.80437859],
              [15.884291519, 45.804366765],
              [15.884203896, 45.804367642],
              [15.884197839, 45.804380207],
              [15.884188705, 45.804391855],
              [15.884094629, 45.804394587],
              [15.883969529, 45.804398951],
              [15.883891016, 45.804402127],
              [15.883798078, 45.804406575],
              [15.883643341, 45.804415188],
              [15.883488972, 45.804425423],
              [15.883326215, 45.804437952],
              [15.883163696, 45.804452281],
              [15.883103937, 45.804458077],
              [15.883059503, 45.804462426],
              [15.883044691, 45.804463966],
              [15.883046819, 45.804445981],
              [15.883083712, 45.804145738],
              [15.883105759, 45.803966618],
              [15.882934249, 45.803956334],
              [15.882657699, 45.803939813],
              [15.882657862, 45.80391345],
              [15.882658076, 45.803894106],
              [15.882659962, 45.80387477],
              [15.882663059, 45.803850582],
              [15.882676274, 45.803737369],
              [15.882688531, 45.803641067],
              [15.882695008, 45.803590444],
              [15.882699835, 45.803572744],
              [15.882709668, 45.803556061],
              [15.882723985, 45.803541111],
              [15.882742265, 45.803528433],
              [15.88278653, 45.803515985],
              [15.882822044, 45.80350376],
              [15.883064429, 45.803421748],
              [15.883280471, 45.803348501],
              [15.883499353, 45.803274369]
            ]
          ]
        ]
      }
    },
    {
      "type": "Feature",
      "properties": {
        "name": "A",
        "block": "Špansko-Sjever A–F – k.č. 2795/3",
        "type": "proposedBuildingSingle",
        "footprintMode": "polygon",
        "height": 29.50879914,
        "heightM": 29.50879914,
        "floors": null,
        "storeys": null,
        "floorCountBasis": "unresolved in the archived source; 27 m is used only as a temporary display height",
        "heightBasis": "matched GDI 2022 ridge height",
        "color": "#2f6fed",
        "source": "official national eDozvola WFS, 2022 location-permit amendment",
        "sourceCaseId": "P20221230-1168647-Z06",
        "sourceFeatureId": "eDozvola_building_polygon.180341",
        "permitFootprintAreaM2": 900.1797488702399,
        "locationPermitApartments": 116,
        "locationPermitOffices": 0,
        "laterKnownApartments": null,
        "laterKnownOffices": null,
        "matchedDguBuildingId": 13391447,
        "matchedDguBuildingNumber": "1094",
        "matchedDguBuildingType": "STAMBENA ZGRADA",
        "observedDguFootprintAreaM2": 900.1820500247195,
        "permitOverlapRatio": 0.9997655814521776,
        "dguOverlapRatio": 0.9997630257302031,
        "gdiObjectId": 301932,
        "gdiHeightM": 29.50879914,
        "gdiMatchOverlapRatio": 0.9969710170601703,
        "geometryBasis": "permit-planned-footprint",
        "consensus:role": "building",
        "consensus:index": 0
      },
      "geometry": {
        "type": "Polygon",
        "coordinates": [
          [
            [15.88435999, 45.80416589],
            [15.88433653, 45.80435697],
            [15.88433639, 45.80435805],
            [15.88444014, 45.80436428],
            [15.88444114, 45.80435537],
            [15.88480602, 45.80437723],
            [15.88480489, 45.80438622],
            [15.88490865, 45.80439244],
            [15.88491091, 45.80437347],
            [15.88493225, 45.80420019],
            [15.88482849, 45.80419397],
            [15.88482736, 45.80420296],
            [15.88446262, 45.80418111],
            [15.88446374, 45.80417212],
            [15.88436089, 45.80416598],
            [15.88435999, 45.80416589]
          ]
        ]
      }
    },
    {
      "type": "Feature",
      "properties": {
        "name": "B",
        "block": "Špansko-Sjever A–F – k.č. 2795/3",
        "type": "proposedBuildingSingle",
        "footprintMode": "polygon",
        "height": 36.53437805,
        "heightM": 36.53437805,
        "floors": null,
        "storeys": null,
        "floorCountBasis": "unresolved in the archived source; 27 m is used only as a temporary display height",
        "heightBasis": "matched GDI 2022 ridge height",
        "color": "#d63384",
        "source": "official national eDozvola WFS, 2022 location-permit amendment",
        "sourceCaseId": "P20221230-1168647-Z06",
        "sourceFeatureId": "eDozvola_building_polygon.180590",
        "permitFootprintAreaM2": 900.0838554910812,
        "locationPermitApartments": 116,
        "locationPermitOffices": 0,
        "laterKnownApartments": null,
        "laterKnownOffices": null,
        "matchedDguBuildingId": 13391448,
        "matchedDguBuildingNumber": "1093",
        "matchedDguBuildingType": "STAMBENA ZGRADA",
        "observedDguFootprintAreaM2": 900.0589000049318,
        "permitOverlapRatio": 0.99975275983534,
        "dguOverlapRatio": 0.9997804794836327,
        "gdiObjectId": 301394,
        "gdiHeightM": 36.53437805,
        "gdiMatchOverlapRatio": 0.9999999999999998,
        "geometryBasis": "permit-planned-footprint",
        "consensus:role": "building",
        "consensus:index": 1
      },
      "geometry": {
        "type": "Polygon",
        "coordinates": [
          [
            [15.88441567, 45.80371242],
            [15.88439221, 45.80390359],
            [15.88439311, 45.80390369],
            [15.88449584, 45.80390982],
            [15.88449696, 45.80390083],
            [15.88486184, 45.80392277],
            [15.88486071, 45.80393167],
            [15.88496434, 45.8039379],
            [15.88496618, 45.80392252],
            [15.8849861, 45.80376111],
            [15.88498794, 45.80374574],
            [15.88488431, 45.80373951],
            [15.88488318, 45.8037485],
            [15.88451844, 45.80372656],
            [15.88451944, 45.80371757],
            [15.88441581, 45.80371134],
            [15.88441567, 45.80371242]
          ]
        ]
      }
    },
    {
      "type": "Feature",
      "properties": {
        "name": "C",
        "block": "Špansko-Sjever A–F – k.č. 2795/3",
        "type": "proposedBuildingSingle",
        "footprintMode": "polygon",
        "height": 30.38722175,
        "heightM": 30.38722175,
        "floors": null,
        "storeys": null,
        "floorCountBasis": "unresolved in the archived source; 27 m is used only as a temporary display height",
        "heightBasis": "matched GDI 2022 ridge height",
        "color": "#198754",
        "source": "official national eDozvola WFS, 2022 location-permit amendment",
        "sourceCaseId": "P20221230-1168647-Z06",
        "sourceFeatureId": "eDozvola_building_polygon.180574",
        "permitFootprintAreaM2": 1462.0223692944423,
        "locationPermitApartments": 188,
        "locationPermitOffices": 0,
        "laterKnownApartments": null,
        "laterKnownOffices": null,
        "matchedDguBuildingId": 13391449,
        "matchedDguBuildingNumber": "1091",
        "matchedDguBuildingType": "STAMBENA ZGRADA",
        "observedDguFootprintAreaM2": 1462.0047999865988,
        "permitOverlapRatio": 0.999899257621572,
        "dguOverlapRatio": 0.9999112736818955,
        "gdiObjectId": 301395,
        "gdiHeightM": 30.38722175,
        "gdiMatchOverlapRatio": 1.0000000000000002,
        "geometryBasis": "permit-planned-footprint",
        "consensus:role": "building",
        "consensus:index": 2
      },
      "geometry": {
        "type": "Polygon",
        "coordinates": [
          [
            [15.88535135, 45.80373681],
            [15.88534924, 45.80375362],
            [15.88534245, 45.80380937],
            [15.8853553, 45.80381016],
            [15.88529214, 45.80432432],
            [15.88527941, 45.80432363],
            [15.88527065, 45.80439511],
            [15.88527051, 45.8043961],
            [15.88554526, 45.80441261],
            [15.88555416, 45.80434013],
            [15.88554131, 45.80433934],
            [15.88560447, 45.80382509],
            [15.88561732, 45.80382588],
            [15.88562623, 45.80375331],
            [15.88535135, 45.80373681]
          ]
        ]
      }
    },
    {
      "type": "Feature",
      "properties": {
        "name": "D",
        "block": "Špansko-Sjever A–F – k.č. 2795/3",
        "type": "proposedBuildingSingle",
        "footprintMode": "polygon",
        "height": 27,
        "heightM": 27,
        "floors": null,
        "storeys": null,
        "floorCountBasis": "unresolved in the archived source; 27 m is used only as a temporary display height",
        "heightBasis": "27 m display proxy (nine levels × 3 m); GDI predates completion",
        "color": "#fd7e14",
        "source": "official national eDozvola WFS, 2022 location-permit amendment",
        "sourceCaseId": "P20221230-1168647-Z06",
        "sourceFeatureId": "eDozvola_building_polygon.180371",
        "permitFootprintAreaM2": 1462.0826663012901,
        "locationPermitApartments": 188,
        "locationPermitOffices": 0,
        "laterKnownApartments": null,
        "laterKnownOffices": null,
        "matchedDguBuildingId": 13391445,
        "matchedDguBuildingNumber": "1101",
        "matchedDguBuildingType": "STAMBENA ZGRADA",
        "observedDguFootprintAreaM2": 1462.0861500064048,
        "permitOverlapRatio": 0.9999173755826827,
        "dguOverlapRatio": 0.9999149930847187,
        "gdiObjectId": 301436,
        "gdiHeightM": 0.9075015,
        "gdiMatchOverlapRatio": 0.38912944052528253,
        "geometryBasis": "permit-planned-footprint",
        "consensus:role": "building",
        "consensus:index": 3
      },
      "geometry": {
        "type": "Polygon",
        "coordinates": [
          [
            [15.88382776, 45.80319646],
            [15.88381885, 45.80326902],
            [15.88383171, 45.80326972],
            [15.88376853, 45.80378398],
            [15.88375568, 45.80378319],
            [15.88374677, 45.80385575],
            [15.88402011, 45.80387216],
            [15.88402165, 45.80387226],
            [15.88403055, 45.8037997],
            [15.8840177, 45.80379891],
            [15.88408087, 45.80328474],
            [15.88409373, 45.80328553],
            [15.88410263, 45.80321297],
            [15.88382776, 45.80319646]
          ]
        ]
      }
    },
    {
      "type": "Feature",
      "properties": {
        "name": "E",
        "block": "Špansko-Sjever A–F – k.č. 2795/3",
        "type": "proposedBuildingSingle",
        "footprintMode": "polygon",
        "height": 27,
        "heightM": 27,
        "floors": null,
        "storeys": null,
        "floorCountBasis": "unresolved in the archived source; 27 m is used only as a temporary display height",
        "heightBasis": "27 m display proxy (nine levels × 3 m); GDI predates completion",
        "color": "#6f42c1",
        "source": "official national eDozvola WFS, 2022 location-permit amendment",
        "sourceCaseId": "P20221230-1168647-Z06",
        "sourceFeatureId": "eDozvola_building_polygon.180327",
        "permitFootprintAreaM2": 1082.8893767193233,
        "locationPermitApartments": 142,
        "locationPermitOffices": 0,
        "laterKnownApartments": null,
        "laterKnownOffices": null,
        "matchedDguBuildingId": 13391446,
        "matchedDguBuildingNumber": "1099",
        "matchedDguBuildingType": "STAMBENA ZGRADA",
        "observedDguFootprintAreaM2": 1082.8780500211378,
        "permitOverlapRatio": 0.9997322199857648,
        "dguOverlapRatio": 0.9997426769944018,
        "gdiObjectId": 301438,
        "gdiHeightM": 8.14231731,
        "gdiMatchOverlapRatio": 1,
        "geometryBasis": "permit-planned-footprint",
        "consensus:role": "building",
        "consensus:index": 4
      },
      "geometry": {
        "type": "Polygon",
        "coordinates": [
          [
            [15.88327523, 45.80416202],
            [15.88325162, 45.80435427],
            [15.88335537, 45.8043605],
            [15.8833565, 45.80435151],
            [15.88384172, 45.80438067],
            [15.88384059, 45.80438966],
            [15.88394435, 45.80439589],
            [15.88396795, 45.80420373],
            [15.8838642, 45.8041975],
            [15.8838632, 45.8042064],
            [15.88372434, 45.8041981],
            [15.88350578, 45.80418495],
            [15.88337785, 45.80417724],
            [15.88337898, 45.80416825],
            [15.88327523, 45.80416202]
          ]
        ]
      }
    },
    {
      "type": "Feature",
      "properties": {
        "name": "F",
        "block": "Špansko-Sjever A–F – k.č. 2795/3",
        "type": "proposedBuildingSingle",
        "footprintMode": "polygon",
        "height": 27,
        "heightM": 27,
        "floors": 9,
        "storeys": 9,
        "floorCountBasis": "P+7+Uk in the signed building permit; nine above-ground levels",
        "heightBasis": "27 m display proxy (nine levels × 3 m); GDI predates completion",
        "color": "#20c997",
        "source": "official national eDozvola WFS, 2022 location-permit amendment",
        "sourceCaseId": "P20221230-1168647-Z06",
        "sourceFeatureId": "eDozvola_building_polygon.180619",
        "permitFootprintAreaM2": 1479.8768138543744,
        "locationPermitApartments": 146,
        "locationPermitOffices": 8,
        "laterKnownApartments": 141,
        "laterKnownOffices": 4,
        "matchedDguBuildingId": 13391664,
        "matchedDguBuildingNumber": "1114",
        "matchedDguBuildingType": "ZGRADA MJEŠOVITE UPORABE",
        "observedDguFootprintAreaM2": 1639.023000020573,
        "permitOverlapRatio": 0.9287333377942429,
        "dguOverlapRatio": 0.8385550006546774,
        "gdiObjectId": null,
        "gdiHeightM": 0,
        "gdiMatchOverlapRatio": 0,
        "geometryBasis": "permit-planned-footprint",
        "consensus:role": "building",
        "consensus:index": 5,
        "floorPlans": {
          "schema": "consensus-builder.building-floor-plans.v2",
          "registration": {
            "corners": [
              [15.88274483, 45.803805804],
              [15.883384536, 45.80384422],
              [15.883439981, 45.803395539],
              [15.882800274, 45.803357123]
            ],
            "basis": "Uniform-scale fit to oriented permit footprint, centred on that footprint; catalogue north symbol fixes rotation.",
            "accuracy": "approximate",
            "northInDrawing": "up",
            "permitFeatureId": "eDozvola_building_polygon.180619",
            "metresPerPdfPoint": 0.179428,
            "maxEdgeResidualM": 0.14,
            "note": "This residual measures outline fit, not surveyed positional accuracy. Balconies and later design changes can differ from the permit footprint."
          },
          "layouts": [
            {
              "id": "F-layout-1",
              "source": {
                "url": "https://pionir.hr/wp-content/katalozi/spansko_sjever/objekt_f/Spansko_sjever-F-15.pdf",
                "sha256": "92e34c736498cd70a4f76ebaa115a107534994b2aab9dbe24c9b10205d19d866",
                "page": 1,
                "crop": [146.6, 526.4, 424.3, 805.8],
                "wallExtraction": "orthogonal-network",
                "reviewedStairGeometry": {
                  "flights": [
                    {
                      "a": [0.60569, 0.274159],
                      "b": [0.590025, 0.274159],
                      "widthPdfPoints": 7.2,
                      "steps": 3,
                      "riseFraction": [0, 0.2]
                    },
                    {
                      "a": [0.576413, 0.287581],
                      "b": [0.576413, 0.332319],
                      "widthPdfPoints": 7.2,
                      "steps": 9,
                      "riseFraction": [0.2, 0.8]
                    },
                    {
                      "a": [0.590025, 0.345383],
                      "b": [0.60569, 0.345383],
                      "widthPdfPoints": 7.2,
                      "steps": 3,
                      "riseFraction": [0.8, 1]
                    }
                  ],
                  "landings": [
                    [
                      [0.562838, 0.261632],
                      [0.590025, 0.261632],
                      [0.590025, 0.287581],
                      [0.562838, 0.287581]
                    ],
                    [
                      [0.562838, 0.332319],
                      [0.590025, 0.332319],
                      [0.590025, 0.358268],
                      [0.562838, 0.358268]
                    ]
                  ],
                  "voids": [
                    [
                      [0.562838, 0.261632],
                      [0.60641, 0.261632],
                      [0.60641, 0.358268],
                      [0.562838, 0.358268]
                    ]
                  ],
                  "landingRiseFractions": [0.2, 0.8]
                }
              },
              "sourceVectorSha256": "115539a6c9a5cb6f9ec16f36db28995249097e9a1719118b1e7e41ef010d6f9c",
              "architecture": {
                "schema": "consensus-builder.floor-architecture.v1",
                "dimensionsM": [49.8272, 50.1322],
                "wallHeightM": 2.8,
                "slabThicknessM": 0.2,
                "walls": [
                  [
                    [
                      [0.998652, 0.318658],
                      [0.994939, 0.318658],
                      [0.994939, 0.398048],
                      [0.998652, 0.398048]
                    ]
                  ],
                  [
                    [
                      [0.998652, 0.002493],
                      [0.765948, 0.002493],
                      [0.765948, 0.006184],
                      [0.994939, 0.006184],
                      [0.994939, 0.313072],
                      [0.998652, 0.313072]
                    ]
                  ],
                  [
                    [
                      [0.998652, 0.661551],
                      [0.998652, 0.535285],
                      [0.994939, 0.535285],
                      [0.994939, 0.661551]
                    ]
                  ],
                  [
                    [
                      [0.998652, 0.529899],
                      [0.998652, 0.403832],
                      [0.994939, 0.403832],
                      [0.994939, 0.529899]
                    ]
                  ],
                  [
                    [
                      [0.776585, 0.847559],
                      [0.776585, 0.844069],
                      [0.795751, 0.844069],
                      [0.795751, 0.841475],
                      [0.776585, 0.841475],
                      [0.776585, 0.798389],
                      [0.813312, 0.798389],
                      [0.813312, 0.810557],
                      [0.82455, 0.810557],
                      [0.82455, 0.841475],
                      [0.810301, 0.841475],
                      [0.810301, 0.844069],
                      [0.833582, 0.844069],
                      [0.833582, 0.842174],
                      [0.828665, 0.842174],
                      [0.828665, 0.798389],
                      [0.848935, 0.798389],
                      [0.848935, 0.842174],
                      [0.847831, 0.842174],
                      [0.847831, 0.844069],
                      [0.851945, 0.844069],
                      [0.851945, 0.842174],
                      [0.851042, 0.842174],
                      [0.851042, 0.798389],
                      [0.967344, 0.798389],
                      [0.967344, 0.854142],
                      [0.883755, 0.854142],
                      [0.883755, 0.842174],
                      [0.868402, 0.842174],
                      [0.868402, 0.844069],
                      [0.869506, 0.844069],
                      [0.869506, 0.870499],
                      [0.867298, 0.870499],
                      [0.867298, 0.872394],
                      [0.871412, 0.872394],
                      [0.871412, 0.858231],
                      [0.967344, 0.858231],
                      [0.967344, 0.88875],
                      [0.96905, 0.88875],
                      [0.96905, 0.872394],
                      [0.970354, 0.872394],
                      [0.970354, 0.88875],
                      [0.973766, 0.88875],
                      [0.973766, 0.798988],
                      [0.998652, 0.798988],
                      [0.998652, 0.667535],
                      [0.994939, 0.667535],
                      [0.994939, 0.791906],
                      [0.953496, 0.791906],
                      [0.953496, 0.760988],
                      [0.950084, 0.760988],
                      [0.950084, 0.763382],
                      [0.948579, 0.763382],
                      [0.948579, 0.760988],
                      [0.946974, 0.760988],
                      [0.946974, 0.7945],
                      [0.830571, 0.7945],
                      [0.830571, 0.755802],
                      [0.831675, 0.755802],
                      [0.831675, 0.753907],
                      [0.805083, 0.753907],
                      [0.805083, 0.756301],
                      [0.826457, 0.756301],
                      [0.826457, 0.7945],
                      [0.78973, 0.7945],
                      [0.78973, 0.787418],
                      [0.776585, 0.787418],
                      [0.776585, 0.756301],
                      [0.790834, 0.756301],
                      [0.790834, 0.753907],
                      [0.776585, 0.753907],
                      [0.776585, 0.751713],
                      [0.775079, 0.751713],
                      [0.775079, 0.750915],
                      [0.770062, 0.750915],
                      [0.770062, 0.847559]
                    ],
                    [
                      [0.96905, 0.851848],
                      [0.96905, 0.815345],
                      [0.970354, 0.815345],
                      [0.970354, 0.851848]
                    ],
                    [
                      [0.950084, 0.776447],
                      [0.950084, 0.77924],
                      [0.948579, 0.77924],
                      [0.948579, 0.776447]
                    ]
                  ],
                  [
                    [
                      [0.704636, 0.313471],
                      [0.649746, 0.313471],
                      [0.649746, 0.267892],
                      [0.675034, 0.267892],
                      [0.675034, 0.265398],
                      [0.673729, 0.265398],
                      [0.673729, 0.261509],
                      [0.637002, 0.261509],
                      [0.637002, 0.254427],
                      [0.634594, 0.254427],
                      [0.634594, 0.362242],
                      [0.647338, 0.362242],
                      [0.647338, 0.358153],
                      [0.638708, 0.358153],
                      [0.638708, 0.31756],
                      [0.687778, 0.31756],
                      [0.687778, 0.358153],
                      [0.679148, 0.358153],
                      [0.679148, 0.362242],
                      [0.703933, 0.362242],
                      [0.703933, 0.359849],
                      [0.691892, 0.359849],
                      [0.691892, 0.326138],
                      [0.702428, 0.326138],
                      [0.702428, 0.31756],
                      [0.732733, 0.31756],
                      [0.732733, 0.359849],
                      [0.72039, 0.359849],
                      [0.72039, 0.362242],
                      [0.746079, 0.362242],
                      [0.746079, 0.359849],
                      [0.735041, 0.359849],
                      [0.735041, 0.31756],
                      [0.762536, 0.31756],
                      [0.762536, 0.326138],
                      [0.77247, 0.326138],
                      [0.77247, 0.359849],
                      [0.762536, 0.359849],
                      [0.762536, 0.362242],
                      [0.773976, 0.362242],
                      [0.773976, 0.362641],
                      [0.776585, 0.362641],
                      [0.776585, 0.35556],
                      [0.791938, 0.35556],
                      [0.791938, 0.353166],
                      [0.776585, 0.353166],
                      [0.776585, 0.330825],
                      [0.783709, 0.330825],
                      [0.783709, 0.31756],
                      [0.826457, 0.31756],
                      [0.826457, 0.353166],
                      [0.806187, 0.353166],
                      [0.806187, 0.35556],
                      [0.830571, 0.35556],
                      [0.830571, 0.31756],
                      [0.946974, 0.31756],
                      [0.946974, 0.349077],
                      [0.953496, 0.349077],
                      [0.953496, 0.31756],
                      [0.99805, 0.31756],
                      [0.99805, 0.313471],
                      [0.953496, 0.313471],
                      [0.953496, 0.047375],
                      [0.880644, 0.047375],
                      [0.880644, 0.053858],
                      [0.946974, 0.053858],
                      [0.946974, 0.203263],
                      [0.865793, 0.203263],
                      [0.865793, 0.191294],
                      [0.851042, 0.191294],
                      [0.851042, 0.203961],
                      [0.850038, 0.203961],
                      [0.850038, 0.205856],
                      [0.851042, 0.205856],
                      [0.851042, 0.21922],
                      [0.853049, 0.21922],
                      [0.853049, 0.205856],
                      [0.946974, 0.205856],
                      [0.946974, 0.258716],
                      [0.853049, 0.258716],
                      [0.853049, 0.235278],
                      [0.851042, 0.235278],
                      [0.851042, 0.253729],
                      [0.848935, 0.253729],
                      [0.848935, 0.255724],
                      [0.851042, 0.255724],
                      [0.851042, 0.260811],
                      [0.946974, 0.260811],
                      [0.946974, 0.313471],
                      [0.830571, 0.313471],
                      [0.830571, 0.255724],
                      [0.832678, 0.255724],
                      [0.832678, 0.253729],
                      [0.809197, 0.253729],
                      [0.809197, 0.255724],
                      [0.826457, 0.255724],
                      [0.826457, 0.313471],
                      [0.78973, 0.313471],
                      [0.78973, 0.30639],
                      [0.776585, 0.30639],
                      [0.776585, 0.255724],
                      [0.794948, 0.255724],
                      [0.794948, 0.253729],
                      [0.764643, 0.253729],
                      [0.764643, 0.255724],
                      [0.773976, 0.255724],
                      [0.773976, 0.313471],
                      [0.706944, 0.313471],
                      [0.706944, 0.251136],
                      [0.705639, 0.251136],
                      [0.705639, 0.250538],
                      [0.701124, 0.250538],
                      [0.701124, 0.265398],
                      [0.69139, 0.265398],
                      [0.69139, 0.267892],
                      [0.704636, 0.267892]
                    ],
                    [
                      [0.950084, 0.285944],
                      [0.948579, 0.285944],
                      [0.948579, 0.284249],
                      [0.950084, 0.284249]
                    ],
                    [
                      [0.950084, 0.229294],
                      [0.948579, 0.229294],
                      [0.948579, 0.227299],
                      [0.950084, 0.227299]
                    ],
                    [
                      [0.950084, 0.300605],
                      [0.950084, 0.303398],
                      [0.948579, 0.303398],
                      [0.948579, 0.300605]
                    ],
                    [
                      [0.950084, 0.266894],
                      [0.950084, 0.269687],
                      [0.948579, 0.269687],
                      [0.948579, 0.266894]
                    ],
                    [
                      [0.950084, 0.243855],
                      [0.950084, 0.246648],
                      [0.948579, 0.246648],
                      [0.948579, 0.243855]
                    ],
                    [
                      [0.950084, 0.209945],
                      [0.950084, 0.212738],
                      [0.948579, 0.212738],
                      [0.948579, 0.209945]
                    ],
                    [
                      [0.950084, 0.191095],
                      [0.950084, 0.193887],
                      [0.948579, 0.193887],
                      [0.948579, 0.191095]
                    ],
                    [
                      [0.950084, 0.175636],
                      [0.950084, 0.178428],
                      [0.948579, 0.178428],
                      [0.948579, 0.175636]
                    ],
                    [
                      [0.950084, 0.156686],
                      [0.950084, 0.159279],
                      [0.948579, 0.159279],
                      [0.948579, 0.156686]
                    ],
                    [
                      [0.950084, 0.122077],
                      [0.950084, 0.12487],
                      [0.948579, 0.12487],
                      [0.948579, 0.122077]
                    ],
                    [
                      [0.950084, 0.106618],
                      [0.950084, 0.109211],
                      [0.948579, 0.109211],
                      [0.948579, 0.106618]
                    ],
                    [
                      [0.950084, 0.087568],
                      [0.950084, 0.090361],
                      [0.948579, 0.090361],
                      [0.948579, 0.087568]
                    ],
                    [
                      [0.950084, 0.072109],
                      [0.950084, 0.074902],
                      [0.948579, 0.074902],
                      [0.948579, 0.072109]
                    ],
                    [
                      [0.950084, 0.141027],
                      [0.950084, 0.14382],
                      [0.948579, 0.14382],
                      [0.948579, 0.141027]
                    ]
                  ],
                  [
                    [
                      [0.762536, 0.452205],
                      [0.762536, 0.459685],
                      [0.761432, 0.459685],
                      [0.761432, 0.462078],
                      [0.770062, 0.462078],
                      [0.770062, 0.467863],
                      [0.775079, 0.467863],
                      [0.775079, 0.467265],
                      [0.776585, 0.467265],
                      [0.776585, 0.453501],
                      [0.82455, 0.453501],
                      [0.82455, 0.465669],
                      [0.828665, 0.465669],
                      [0.828665, 0.463774],
                      [0.826457, 0.463774],
                      [0.826457, 0.450908],
                      [0.776585, 0.450908],
                      [0.776585, 0.415003],
                      [0.788626, 0.415003],
                      [0.788626, 0.402835],
                      [0.826457, 0.402835],
                      [0.826457, 0.415003],
                      [0.830571, 0.415003],
                      [0.830571, 0.402835],
                      [0.946974, 0.402835],
                      [0.946974, 0.426173],
                      [0.953496, 0.426173],
                      [0.953496, 0.402835],
                      [0.99805, 0.402835],
                      [0.99805, 0.398746],
                      [0.953496, 0.398746],
                      [0.953496, 0.385581],
                      [0.946974, 0.385581],
                      [0.946974, 0.398746],
                      [0.788626, 0.398746],
                      [0.788626, 0.386478],
                      [0.776585, 0.386478],
                      [0.776585, 0.383486],
                      [0.770062, 0.383486],
                      [0.770062, 0.452205]
                    ]
                  ],
                  [
                    [
                      [0.770062, 0.577374],
                      [0.776585, 0.577374],
                      [0.776585, 0.575279],
                      [0.790834, 0.575279],
                      [0.790834, 0.572686],
                      [0.776585, 0.572686],
                      [0.776585, 0.541768],
                      [0.78973, 0.541768],
                      [0.78973, 0.534686],
                      [0.826457, 0.534686],
                      [0.826457, 0.572686],
                      [0.805083, 0.572686],
                      [0.805083, 0.575279],
                      [0.831675, 0.575279],
                      [0.831675, 0.573284],
                      [0.830571, 0.573284],
                      [0.830571, 0.534686],
                      [0.946974, 0.534686],
                      [0.946974, 0.568098],
                      [0.948579, 0.568098],
                      [0.948579, 0.565804],
                      [0.950084, 0.565804],
                      [0.950084, 0.568098],
                      [0.953496, 0.568098],
                      [0.953496, 0.534686],
                      [0.99805, 0.534686],
                      [0.99805, 0.530597],
                      [0.953496, 0.530597],
                      [0.953496, 0.497086],
                      [0.950084, 0.497086],
                      [0.950084, 0.499679],
                      [0.948579, 0.499679],
                      [0.948579, 0.497086],
                      [0.946974, 0.497086],
                      [0.946974, 0.530597],
                      [0.830571, 0.530597],
                      [0.830571, 0.492099],
                      [0.831675, 0.492099],
                      [0.831675, 0.490005],
                      [0.805083, 0.490005],
                      [0.805083, 0.492598],
                      [0.826457, 0.492598],
                      [0.826457, 0.530597],
                      [0.78973, 0.530597],
                      [0.78973, 0.523516],
                      [0.776585, 0.523516],
                      [0.776585, 0.492598],
                      [0.790834, 0.492598],
                      [0.790834, 0.490005],
                      [0.776585, 0.490005],
                      [0.776585, 0.48801],
                      [0.775079, 0.48801],
                      [0.775079, 0.487212],
                      [0.770062, 0.487212]
                    ],
                    [
                      [0.950084, 0.549846],
                      [0.950084, 0.552639],
                      [0.948579, 0.552639],
                      [0.948579, 0.549846]
                    ],
                    [
                      [0.950084, 0.512744],
                      [0.950084, 0.515338],
                      [0.948579, 0.515338],
                      [0.948579, 0.512744]
                    ]
                  ],
                  [
                    [
                      [0.826457, 0.60161],
                      [0.828665, 0.60161],
                      [0.828665, 0.599715],
                      [0.82455, 0.599715],
                      [0.82455, 0.611783],
                      [0.776585, 0.611783],
                      [0.776585, 0.598219],
                      [0.770062, 0.598219],
                      [0.770062, 0.731765],
                      [0.775079, 0.731765],
                      [0.775079, 0.730968],
                      [0.773976, 0.730968],
                      [0.773976, 0.726579],
                      [0.776585, 0.726579],
                      [0.776585, 0.729172],
                      [0.780699, 0.729172],
                      [0.780699, 0.717403],
                      [0.82455, 0.717403],
                      [0.82455, 0.729372],
                      [0.828665, 0.729372],
                      [0.828665, 0.727477],
                      [0.826457, 0.727477],
                      [0.826457, 0.71481],
                      [0.776585, 0.71481],
                      [0.776585, 0.678706],
                      [0.788626, 0.678706],
                      [0.788626, 0.666538],
                      [0.826457, 0.666538],
                      [0.826457, 0.678706],
                      [0.830571, 0.678706],
                      [0.830571, 0.666538],
                      [0.946974, 0.666538],
                      [0.946974, 0.689876],
                      [0.953496, 0.689876],
                      [0.953496, 0.666538],
                      [0.99805, 0.666538],
                      [0.99805, 0.662449],
                      [0.953496, 0.662449],
                      [0.953496, 0.63921],
                      [0.946974, 0.63921],
                      [0.946974, 0.662449],
                      [0.830571, 0.662449],
                      [0.830571, 0.650381],
                      [0.826457, 0.650381],
                      [0.826457, 0.662449],
                      [0.788626, 0.662449],
                      [0.788626, 0.650381],
                      [0.776585, 0.650381],
                      [0.776585, 0.614276],
                      [0.826457, 0.614276]
                    ]
                  ],
                  [
                    [
                      [0.878537, 0.956172],
                      [0.967344, 0.956172],
                      [0.967344, 0.953579],
                      [0.948981, 0.953579],
                      [0.948981, 0.952781],
                      [0.946171, 0.952781],
                      [0.946171, 0.951285],
                      [0.948981, 0.951285],
                      [0.948981, 0.94949],
                      [0.878537, 0.94949]
                    ],
                    [
                      [0.932724, 0.951285],
                      [0.935333, 0.951285],
                      [0.935333, 0.952781],
                      [0.932724, 0.952781]
                    ]
                  ],
                  [
                    [
                      [0.851945, 0.60161],
                      [0.851945, 0.589442],
                      [0.946974, 0.589442],
                      [0.946974, 0.602707],
                      [0.953496, 0.602707],
                      [0.953496, 0.58635],
                      [0.946974, 0.58635],
                      [0.946974, 0.587447],
                      [0.851945, 0.587447],
                      [0.851945, 0.573284],
                      [0.847831, 0.573284],
                      [0.847831, 0.575279],
                      [0.850038, 0.575279],
                      [0.850038, 0.599715],
                      [0.847028, 0.599715],
                      [0.847028, 0.60161]
                    ]
                  ],
                  [
                    [
                      [0.851945, 0.477936],
                      [0.946974, 0.477936],
                      [0.946974, 0.478834],
                      [0.953496, 0.478834],
                      [0.953496, 0.462677],
                      [0.946974, 0.462677],
                      [0.946974, 0.475842],
                      [0.851945, 0.475842],
                      [0.851945, 0.463774],
                      [0.847028, 0.463774],
                      [0.847028, 0.465669],
                      [0.850038, 0.465669],
                      [0.850038, 0.490005],
                      [0.847831, 0.490005],
                      [0.847831, 0.492099],
                      [0.851945, 0.492099]
                    ]
                  ],
                  [
                    [
                      [0.851945, 0.741639],
                      [0.946974, 0.741639],
                      [0.946974, 0.742736],
                      [0.953496, 0.742736],
                      [0.953496, 0.72638],
                      [0.946974, 0.72638],
                      [0.946974, 0.739545],
                      [0.851945, 0.739545],
                      [0.851945, 0.727477],
                      [0.847028, 0.727477],
                      [0.847028, 0.729372],
                      [0.850038, 0.729372],
                      [0.850038, 0.753907],
                      [0.847831, 0.753907],
                      [0.847831, 0.755802],
                      [0.851945, 0.755802]
                    ]
                  ],
                  [
                    [
                      [0.950084, 0.709026],
                      [0.948579, 0.709026],
                      [0.948579, 0.723587],
                      [0.950084, 0.723587]
                    ]
                  ],
                  [
                    [
                      [0.950084, 0.481627],
                      [0.948579, 0.481627],
                      [0.948579, 0.494692],
                      [0.950084, 0.494692]
                    ]
                  ],
                  [
                    [
                      [0.948579, 0.74533],
                      [0.948579, 0.758395],
                      [0.950084, 0.758395],
                      [0.950084, 0.74533]
                    ]
                  ],
                  [
                    [
                      [0.948579, 0.692669],
                      [0.948579, 0.70733],
                      [0.950084, 0.70733],
                      [0.950084, 0.692669]
                    ]
                  ],
                  [
                    [
                      [0.948579, 0.368227],
                      [0.948579, 0.382788],
                      [0.950084, 0.382788],
                      [0.950084, 0.368227]
                    ]
                  ],
                  [
                    [
                      [0.948579, 0.621856],
                      [0.948579, 0.636418],
                      [0.950084, 0.636418],
                      [0.950084, 0.621856]
                    ]
                  ],
                  [
                    [
                      [0.948579, 0.35167],
                      [0.948579, 0.366332],
                      [0.950084, 0.366332],
                      [0.950084, 0.35167]
                    ]
                  ],
                  [
                    [
                      [0.949181, 0.570492],
                      [0.949181, 0.583657],
                      [0.950084, 0.583657],
                      [0.950084, 0.570492]
                    ]
                  ],
                  [
                    [
                      [0.948579, 0.428766],
                      [0.948579, 0.443627],
                      [0.950084, 0.443627],
                      [0.950084, 0.428766]
                    ]
                  ],
                  [
                    [
                      [0.948579, 0.445323],
                      [0.948579, 0.459884],
                      [0.950084, 0.459884],
                      [0.950084, 0.445323]
                    ]
                  ],
                  [
                    [
                      [0.875727, 0.951285],
                      [0.861077, 0.951285],
                      [0.861077, 0.952781],
                      [0.875727, 0.952781]
                    ]
                  ],
                  [
                    [
                      [0.85927, 0.951285],
                      [0.84462, 0.951285],
                      [0.84462, 0.952781],
                      [0.85927, 0.952781]
                    ]
                  ],
                  [
                    [
                      [0.811104, 0.874588],
                      [0.82455, 0.874588],
                      [0.82455, 0.94949],
                      [0.811104, 0.94949],
                      [0.811104, 0.956172],
                      [0.84181, 0.956172],
                      [0.84181, 0.94949],
                      [0.828665, 0.94949],
                      [0.828665, 0.884661],
                      [0.847831, 0.884661],
                      [0.847831, 0.872394],
                      [0.848935, 0.872394],
                      [0.848935, 0.870499],
                      [0.845924, 0.870499],
                      [0.845924, 0.882766],
                      [0.828665, 0.882766],
                      [0.828665, 0.870499],
                      [0.811104, 0.870499]
                    ]
                  ],
                  [
                    [
                      [0.813512, 0.169552],
                      [0.813512, 0.173441],
                      [0.828665, 0.173441],
                      [0.828665, 0.205856],
                      [0.831675, 0.205856],
                      [0.831675, 0.203961],
                      [0.830571, 0.203961],
                      [0.830571, 0.053858],
                      [0.843917, 0.053858],
                      [0.843917, 0.047375],
                      [0.826457, 0.047375],
                      [0.826457, 0.169552]
                    ]
                  ],
                  [
                    [
                      [0.808495, 0.951285],
                      [0.795349, 0.951285],
                      [0.795349, 0.952781],
                      [0.808495, 0.952781]
                    ]
                  ],
                  [
                    [
                      [0.703933, 0.209047],
                      [0.703933, 0.22331],
                      [0.702027, 0.22331],
                      [0.702027, 0.224806],
                      [0.701124, 0.224806],
                      [0.701124, 0.231189],
                      [0.705639, 0.231189],
                      [0.705639, 0.230391],
                      [0.704636, 0.230391],
                      [0.704636, 0.227299],
                      [0.796253, 0.227299],
                      [0.796253, 0.221115],
                      [0.794246, 0.221115],
                      [0.794246, 0.224806],
                      [0.765346, 0.224806],
                      [0.765346, 0.191693],
                      [0.771768, 0.191693],
                      [0.771768, 0.173441],
                      [0.794246, 0.173441],
                      [0.794246, 0.206953],
                      [0.796253, 0.206953],
                      [0.796253, 0.173441],
                      [0.797055, 0.173441],
                      [0.797055, 0.169552],
                      [0.765346, 0.169552],
                      [0.765346, 0.053858],
                      [0.808093, 0.053858],
                      [0.808093, 0.052062],
                      [0.78973, 0.052062],
                      [0.78973, 0.050866],
                      [0.808093, 0.050866],
                      [0.808093, 0.047375],
                      [0.765346, 0.047375],
                      [0.765346, 0.003192],
                      [0.761231, 0.003192],
                      [0.761231, 0.047375],
                      [0.733536, 0.047375],
                      [0.733536, 0.050866],
                      [0.751899, 0.050866],
                      [0.751899, 0.052062],
                      [0.733536, 0.052062],
                      [0.733536, 0.053858],
                      [0.761231, 0.053858],
                      [0.761231, 0.169552],
                      [0.704435, 0.169552],
                      [0.704435, 0.173441],
                      [0.716276, 0.173441],
                      [0.716276, 0.189798],
                      [0.703933, 0.189798],
                      [0.703933, 0.194885],
                      [0.706542, 0.194885],
                      [0.706542, 0.191693],
                      [0.718183, 0.191693],
                      [0.718183, 0.173441],
                      [0.761231, 0.173441],
                      [0.761231, 0.209945],
                      [0.754107, 0.209945],
                      [0.754107, 0.22331],
                      [0.706542, 0.22331],
                      [0.706542, 0.209047]
                    ]
                  ],
                  [
                    [
                      [0.736145, 0.868404],
                      [0.736145, 0.870499],
                      [0.715172, 0.870499],
                      [0.715172, 0.874588],
                      [0.753003, 0.874588],
                      [0.753003, 0.94949],
                      [0.71738, 0.94949],
                      [0.71738, 0.951285],
                      [0.719688, 0.951285],
                      [0.719688, 0.952781],
                      [0.71738, 0.952781],
                      [0.71738, 0.956172],
                      [0.753906, 0.956172],
                      [0.753906, 0.955773],
                      [0.756214, 0.955773],
                      [0.756214, 0.956172],
                      [0.79274, 0.956172],
                      [0.79274, 0.952781],
                      [0.790332, 0.952781],
                      [0.790332, 0.951285],
                      [0.79274, 0.951285],
                      [0.79274, 0.94949],
                      [0.757117, 0.94949],
                      [0.757117, 0.874588],
                      [0.794948, 0.874588],
                      [0.794948, 0.870499],
                      [0.76946, 0.870499],
                      [0.76946, 0.867706],
                      [0.735041, 0.867706],
                      [0.735041, 0.868404]
                    ],
                    [
                      [0.777187, 0.952781],
                      [0.774377, 0.952781],
                      [0.774377, 0.951285],
                      [0.777187, 0.951285]
                    ],
                    [
                      [0.732934, 0.951285],
                      [0.735743, 0.951285],
                      [0.735743, 0.952781],
                      [0.732934, 0.952781]
                    ]
                  ],
                  [
                    [
                      [0.760529, 0.002493],
                      [0.56415, 0.002493],
                      [0.56415, 0.006184],
                      [0.760529, 0.006184]
                    ]
                  ],
                  [
                    [
                      [0.507956, 0.265797],
                      [0.507956, 0.313471],
                      [0.495914, 0.313471],
                      [0.495914, 0.31756],
                      [0.497821, 0.31756],
                      [0.497821, 0.315566],
                      [0.510565, 0.315566],
                      [0.510565, 0.265797],
                      [0.546891, 0.265797],
                      [0.546891, 0.278065],
                      [0.558932, 0.278065],
                      [0.558932, 0.315566],
                      [0.546891, 0.315566],
                      [0.546891, 0.319655],
                      [0.557427, 0.319655],
                      [0.557427, 0.435249],
                      [0.535652, 0.435249],
                      [0.535652, 0.441632],
                      [0.556624, 0.441632],
                      [0.556624, 0.475842],
                      [0.43109, 0.475842],
                      [0.43109, 0.479433],
                      [0.556624, 0.479433],
                      [0.556624, 0.529899],
                      [0.53806, 0.529899],
                      [0.53806, 0.53718],
                      [0.543679, 0.53718],
                      [0.543679, 0.661551],
                      [0.548797, 0.661551],
                      [0.548797, 0.53718],
                      [0.580105, 0.53718],
                      [0.580105, 0.602707],
                      [0.586628, 0.602707],
                      [0.586628, 0.589442],
                      [0.651051, 0.589442],
                      [0.651051, 0.60161],
                      [0.666404, 0.60161],
                      [0.666404, 0.599715],
                      [0.652957, 0.599715],
                      [0.652957, 0.575279],
                      [0.666404, 0.575279],
                      [0.666404, 0.573284],
                      [0.651051, 0.573284],
                      [0.651051, 0.587447],
                      [0.586628, 0.587447],
                      [0.586628, 0.534686],
                      [0.683663, 0.534686],
                      [0.683663, 0.573284],
                      [0.68256, 0.573284],
                      [0.68256, 0.575279],
                      [0.705037, 0.575279],
                      [0.705037, 0.572686],
                      [0.687778, 0.572686],
                      [0.687778, 0.534686],
                      [0.726411, 0.534686],
                      [0.726411, 0.547951],
                      [0.733536, 0.547951],
                      [0.733536, 0.572686],
                      [0.719286, 0.572686],
                      [0.719286, 0.575279],
                      [0.733536, 0.575279],
                      [0.733536, 0.577374],
                      [0.735041, 0.577374],
                      [0.735041, 0.578072],
                      [0.73765, 0.578072],
                      [0.73765, 0.534686],
                      [0.737048, 0.534686],
                      [0.737048, 0.482225],
                      [0.73464, 0.482225],
                      [0.73464, 0.484419],
                      [0.72039, 0.484419],
                      [0.72039, 0.486713],
                      [0.73464, 0.486713],
                      [0.73464, 0.529101],
                      [0.691892, 0.529101],
                      [0.691892, 0.486713],
                      [0.706141, 0.486713],
                      [0.706141, 0.484419],
                      [0.674331, 0.484419],
                      [0.674331, 0.486713],
                      [0.687778, 0.486713],
                      [0.687778, 0.529101],
                      [0.646936, 0.529101],
                      [0.646936, 0.486713],
                      [0.660082, 0.486713],
                      [0.660082, 0.484419],
                      [0.631182, 0.484419],
                      [0.631182, 0.486713],
                      [0.644327, 0.486713],
                      [0.644327, 0.529101],
                      [0.603486, 0.529101],
                      [0.603486, 0.486713],
                      [0.616832, 0.486713],
                      [0.616832, 0.484419],
                      [0.589638, 0.484419],
                      [0.589638, 0.486713],
                      [0.601078, 0.486713],
                      [0.601078, 0.529101],
                      [0.563046, 0.529101],
                      [0.563046, 0.486713],
                      [0.575389, 0.486713],
                      [0.575389, 0.484419],
                      [0.563046, 0.484419],
                      [0.563046, 0.462078],
                      [0.575389, 0.462078],
                      [0.575389, 0.459685],
                      [0.563046, 0.459685],
                      [0.563046, 0.416998],
                      [0.601078, 0.416998],
                      [0.601078, 0.459685],
                      [0.589638, 0.459685],
                      [0.589638, 0.462078],
                      [0.616832, 0.462078],
                      [0.616832, 0.459685],
                      [0.603486, 0.459685],
                      [0.603486, 0.416998],
                      [0.644327, 0.416998],
                      [0.644327, 0.459685],
                      [0.631182, 0.459685],
                      [0.631182, 0.462078],
                      [0.660082, 0.462078],
                      [0.660082, 0.459685],
                      [0.646936, 0.459685],
                      [0.646936, 0.416998],
                      [0.687778, 0.416998],
                      [0.687778, 0.459685],
                      [0.674331, 0.459685],
                      [0.674331, 0.462078],
                      [0.706141, 0.462078],
                      [0.706141, 0.459685],
                      [0.691892, 0.459685],
                      [0.691892, 0.416998],
                      [0.73464, 0.416998],
                      [0.73464, 0.459685],
                      [0.72039, 0.459685],
                      [0.72039, 0.462078],
                      [0.738954, 0.462078],
                      [0.738954, 0.459685],
                      [0.737048, 0.459685],
                      [0.737048, 0.412908],
                      [0.608002, 0.412908],
                      [0.608002, 0.403234],
                      [0.603888, 0.403234],
                      [0.603888, 0.412908],
                      [0.563046, 0.412908],
                      [0.563046, 0.362242],
                      [0.603888, 0.362242],
                      [0.603888, 0.371917],
                      [0.608002, 0.371917],
                      [0.608002, 0.358153],
                      [0.563046, 0.358153],
                      [0.563046, 0.261509],
                      [0.564552, 0.261509],
                      [0.564552, 0.26101],
                      [0.549299, 0.26101],
                      [0.549299, 0.253131],
                      [0.546891, 0.253131],
                      [0.546891, 0.261908],
                      [0.493506, 0.261908],
                      [0.493506, 0.264501],
                      [0.494409, 0.264501],
                      [0.494409, 0.265797]
                    ],
                    [
                      [0.584922, 0.550943],
                      [0.584922, 0.587447],
                      [0.583618, 0.587447],
                      [0.583618, 0.550943]
                    ]
                  ],
                  [
                    [
                      [0.539766, 0.88875],
                      [0.539766, 0.872394],
                      [0.54107, 0.872394],
                      [0.54107, 0.88875],
                      [0.542776, 0.88875],
                      [0.542776, 0.858231],
                      [0.638708, 0.858231],
                      [0.638708, 0.872394],
                      [0.642822, 0.872394],
                      [0.642822, 0.870499],
                      [0.640615, 0.870499],
                      [0.640615, 0.844069],
                      [0.641718, 0.844069],
                      [0.641718, 0.842174],
                      [0.626365, 0.842174],
                      [0.626365, 0.854142],
                      [0.542776, 0.854142],
                      [0.542776, 0.798389],
                      [0.658978, 0.798389],
                      [0.658978, 0.842174],
                      [0.658175, 0.842174],
                      [0.658175, 0.844069],
                      [0.662289, 0.844069],
                      [0.662289, 0.842174],
                      [0.661186, 0.842174],
                      [0.661186, 0.798389],
                      [0.681456, 0.798389],
                      [0.681456, 0.842174],
                      [0.676539, 0.842174],
                      [0.676539, 0.844069],
                      [0.699819, 0.844069],
                      [0.699819, 0.841475],
                      [0.68557, 0.841475],
                      [0.68557, 0.810557],
                      [0.696809, 0.810557],
                      [0.696809, 0.798389],
                      [0.733536, 0.798389],
                      [0.733536, 0.841475],
                      [0.714369, 0.841475],
                      [0.714369, 0.844069],
                      [0.733536, 0.844069],
                      [0.733536, 0.847559],
                      [0.735041, 0.847559],
                      [0.735041, 0.848357],
                      [0.73765, 0.848357],
                      [0.73765, 0.751713],
                      [0.733536, 0.751713],
                      [0.733536, 0.753907],
                      [0.719286, 0.753907],
                      [0.719286, 0.756301],
                      [0.733536, 0.756301],
                      [0.733536, 0.781135],
                      [0.726411, 0.781135],
                      [0.726411, 0.7945],
                      [0.687778, 0.7945],
                      [0.687778, 0.756301],
                      [0.705037, 0.756301],
                      [0.705037, 0.753907],
                      [0.68256, 0.753907],
                      [0.68256, 0.755802],
                      [0.683663, 0.755802],
                      [0.683663, 0.7945],
                      [0.586628, 0.7945],
                      [0.586628, 0.741639],
                      [0.651051, 0.741639],
                      [0.651051, 0.755802],
                      [0.666404, 0.755802],
                      [0.666404, 0.753907],
                      [0.652957, 0.753907],
                      [0.652957, 0.729372],
                      [0.666404, 0.729372],
                      [0.666404, 0.727477],
                      [0.651051, 0.727477],
                      [0.651051, 0.739545],
                      [0.586628, 0.739545],
                      [0.586628, 0.72638],
                      [0.580105, 0.72638],
                      [0.580105, 0.791906],
                      [0.548797, 0.791906],
                      [0.548797, 0.667535],
                      [0.543679, 0.667535],
                      [0.543679, 0.791906],
                      [0.536254, 0.791906],
                      [0.536254, 0.88875]
                    ],
                    [
                      [0.583618, 0.741639],
                      [0.584922, 0.741639],
                      [0.584922, 0.778143],
                      [0.583618, 0.778143]
                    ],
                    [
                      [0.54107, 0.815345],
                      [0.54107, 0.851848],
                      [0.539766, 0.851848],
                      [0.539766, 0.815345]
                    ]
                  ],
                  [
                    [
                      [0.580105, 0.662449],
                      [0.538662, 0.662449],
                      [0.538662, 0.666538],
                      [0.580105, 0.666538],
                      [0.580105, 0.689876],
                      [0.586628, 0.689876],
                      [0.586628, 0.666538],
                      [0.721494, 0.666538],
                      [0.721494, 0.678706],
                      [0.733536, 0.678706],
                      [0.733536, 0.727477],
                      [0.684767, 0.727477],
                      [0.684767, 0.729372],
                      [0.733536, 0.729372],
                      [0.733536, 0.730968],
                      [0.73765, 0.730968],
                      [0.73765, 0.597321],
                      [0.735041, 0.597321],
                      [0.735041, 0.598219],
                      [0.733536, 0.598219],
                      [0.733536, 0.599715],
                      [0.684767, 0.599715],
                      [0.684767, 0.60161],
                      [0.733536, 0.60161],
                      [0.733536, 0.650381],
                      [0.721494, 0.650381],
                      [0.721494, 0.662449],
                      [0.586628, 0.662449],
                      [0.586628, 0.63921],
                      [0.580105, 0.63921]
                    ]
                  ],
                  [
                    [
                      [0.706944, 0.486713],
                      [0.719286, 0.486713],
                      [0.719286, 0.484419],
                      [0.706944, 0.484419]
                    ]
                  ],
                  [
                    [
                      [0.719286, 0.462078],
                      [0.719286, 0.459685],
                      [0.706944, 0.459685],
                      [0.706944, 0.462078]
                    ]
                  ],
                  [
                    [
                      [0.627469, 0.053858],
                      [0.640615, 0.053858],
                      [0.640615, 0.148108],
                      [0.664196, 0.148108],
                      [0.664196, 0.149604],
                      [0.666404, 0.149604],
                      [0.666404, 0.148108],
                      [0.670217, 0.148108],
                      [0.670217, 0.146213],
                      [0.644729, 0.146213],
                      [0.644729, 0.053858],
                      [0.703933, 0.053858],
                      [0.703933, 0.146213],
                      [0.686674, 0.146213],
                      [0.686674, 0.148108],
                      [0.703933, 0.148108],
                      [0.703933, 0.149604],
                      [0.706141, 0.149604],
                      [0.706141, 0.053858],
                      [0.715172, 0.053858],
                      [0.715172, 0.047375],
                      [0.627469, 0.047375]
                    ],
                    [
                      [0.699819, 0.052062],
                      [0.663092, 0.052062],
                      [0.663092, 0.050866],
                      [0.699819, 0.050866]
                    ]
                  ],
                  [
                    [
                      [0.66831, 0.94949],
                      [0.66831, 0.956172],
                      [0.699016, 0.956172],
                      [0.699016, 0.94949],
                      [0.68557, 0.94949],
                      [0.68557, 0.874588],
                      [0.699016, 0.874588],
                      [0.699016, 0.870499],
                      [0.681456, 0.870499],
                      [0.681456, 0.882766],
                      [0.664196, 0.882766],
                      [0.664196, 0.870499],
                      [0.661186, 0.870499],
                      [0.661186, 0.872394],
                      [0.662289, 0.872394],
                      [0.662289, 0.884661],
                      [0.681456, 0.884661],
                      [0.681456, 0.94949]
                    ]
                  ],
                  [
                    [
                      [0.558932, 0.169552],
                      [0.546891, 0.169552],
                      [0.546891, 0.173441],
                      [0.558932, 0.173441],
                      [0.558932, 0.211042],
                      [0.546891, 0.211042],
                      [0.546891, 0.22331],
                      [0.510565, 0.22331],
                      [0.510565, 0.173441],
                      [0.497821, 0.173441],
                      [0.497821, 0.171546],
                      [0.495914, 0.171546],
                      [0.495914, 0.175636],
                      [0.507956, 0.175636],
                      [0.507956, 0.21922],
                      [0.496115, 0.21922],
                      [0.496115, 0.22331],
                      [0.498523, 0.22331],
                      [0.498523, 0.225604],
                      [0.496115, 0.225604],
                      [0.496115, 0.227005],
                      [0.493506, 0.227005],
                      [0.493506, 0.229493],
                      [0.546891, 0.229493],
                      [0.546891, 0.23079],
                      [0.549299, 0.23079],
                      [0.549299, 0.2271],
                      [0.622452, 0.2271],
                      [0.622452, 0.231189],
                      [0.634594, 0.231189],
                      [0.634594, 0.232086],
                      [0.637002, 0.232086],
                      [0.637002, 0.229493],
                      [0.681656, 0.229493],
                      [0.681656, 0.224806],
                      [0.681054, 0.224806],
                      [0.681054, 0.22331],
                      [0.666404, 0.22331],
                      [0.666404, 0.197877],
                      [0.664196, 0.197877],
                      [0.664196, 0.22331],
                      [0.645833, 0.22331],
                      [0.645833, 0.209945],
                      [0.638708, 0.209945],
                      [0.638708, 0.173441],
                      [0.664196, 0.173441],
                      [0.664196, 0.183714],
                      [0.666404, 0.183714],
                      [0.666404, 0.167856],
                      [0.664196, 0.167856],
                      [0.664196, 0.169552],
                      [0.634594, 0.169552],
                      [0.634594, 0.22331],
                      [0.575389, 0.22331],
                      [0.575389, 0.211042],
                      [0.563046, 0.211042],
                      [0.563046, 0.053858],
                      [0.590742, 0.053858],
                      [0.590742, 0.047375],
                      [0.563046, 0.047375],
                      [0.563046, 0.003192],
                      [0.558932, 0.003192],
                      [0.558932, 0.047375],
                      [0.535652, 0.047375],
                      [0.535652, 0.053858],
                      [0.558932, 0.053858]
                    ]
                  ],
                  [
                    [
                      [0.661186, 0.486713],
                      [0.673528, 0.486713],
                      [0.673528, 0.484419],
                      [0.661186, 0.484419]
                    ]
                  ],
                  [
                    [
                      [0.661186, 0.462078],
                      [0.673528, 0.462078],
                      [0.673528, 0.459685],
                      [0.661186, 0.459685]
                    ]
                  ],
                  [
                    [
                      [0.649044, 0.951285],
                      [0.634393, 0.951285],
                      [0.634393, 0.952781],
                      [0.649044, 0.952781]
                    ]
                  ],
                  [
                    [
                      [0.56114, 0.953579],
                      [0.542776, 0.953579],
                      [0.542776, 0.956172],
                      [0.631583, 0.956172],
                      [0.631583, 0.94949],
                      [0.56114, 0.94949],
                      [0.56114, 0.951285],
                      [0.56395, 0.951285],
                      [0.56395, 0.952781],
                      [0.56114, 0.952781]
                    ],
                    [
                      [0.574787, 0.951285],
                      [0.577296, 0.951285],
                      [0.577296, 0.952781],
                      [0.574787, 0.952781]
                    ]
                  ],
                  [
                    [
                      [0.617936, 0.486713],
                      [0.630078, 0.486713],
                      [0.630078, 0.484419],
                      [0.617936, 0.484419]
                    ]
                  ],
                  [
                    [
                      [0.576493, 0.486713],
                      [0.588534, 0.486713],
                      [0.588534, 0.484419],
                      [0.576493, 0.484419]
                    ]
                  ],
                  [
                    [
                      [0.558129, 0.002493],
                      [0.43109, 0.002493],
                      [0.43109, 0.006184],
                      [0.558129, 0.006184]
                    ]
                  ],
                  [
                    [
                      [0.469322, 0.148108],
                      [0.469322, 0.152198],
                      [0.471229, 0.152198],
                      [0.471229, 0.150203],
                      [0.495914, 0.150203],
                      [0.495914, 0.153295],
                      [0.497821, 0.153295],
                      [0.497821, 0.148108],
                      [0.485478, 0.148108],
                      [0.485478, 0.053858],
                      [0.498925, 0.053858],
                      [0.498925, 0.047375],
                      [0.482468, 0.047375],
                      [0.482468, 0.053858],
                      [0.483572, 0.053858],
                      [0.483572, 0.148108]
                    ]
                  ],
                  [
                    [
                      [0.483572, 0.340899],
                      [0.483572, 0.435249],
                      [0.482468, 0.435249],
                      [0.482468, 0.441632],
                      [0.498925, 0.441632],
                      [0.498925, 0.435249],
                      [0.485478, 0.435249],
                      [0.485478, 0.340899],
                      [0.497821, 0.340899],
                      [0.497821, 0.335812],
                      [0.495914, 0.335812],
                      [0.495914, 0.338804],
                      [0.471229, 0.338804],
                      [0.471229, 0.336909],
                      [0.469322, 0.336909],
                      [0.469322, 0.340899]
                    ]
                  ],
                  [
                    [
                      [0.413128, 0.272879],
                      [0.426274, 0.272879],
                      [0.426274, 0.315566],
                      [0.39065, 0.315566],
                      [0.39065, 0.29522],
                      [0.388041, 0.29522],
                      [0.388041, 0.319655],
                      [0.426274, 0.319655],
                      [0.426274, 0.435249],
                      [0.394765, 0.435249],
                      [0.394765, 0.441632],
                      [0.426274, 0.441632],
                      [0.426274, 0.478834],
                      [0.430388, 0.478834],
                      [0.430388, 0.441632],
                      [0.464104, 0.441632],
                      [0.464104, 0.438241],
                      [0.445741, 0.438241],
                      [0.445741, 0.436945],
                      [0.464104, 0.436945],
                      [0.464104, 0.435249],
                      [0.430388, 0.435249],
                      [0.430388, 0.319655],
                      [0.469322, 0.319655],
                      [0.469322, 0.320553],
                      [0.471229, 0.320553],
                      [0.471229, 0.29522],
                      [0.46862, 0.29522],
                      [0.46862, 0.315566],
                      [0.430388, 0.315566],
                      [0.430388, 0.279062],
                      [0.437512, 0.279062],
                      [0.437512, 0.265797],
                      [0.46862, 0.265797],
                      [0.46862, 0.281057],
                      [0.471229, 0.281057],
                      [0.471229, 0.265797],
                      [0.473437, 0.265797],
                      [0.473437, 0.264501],
                      [0.474039, 0.264501],
                      [0.474039, 0.261908],
                      [0.383124, 0.261908],
                      [0.383124, 0.265797],
                      [0.388041, 0.265797],
                      [0.388041, 0.281057],
                      [0.39065, 0.281057],
                      [0.39065, 0.265797],
                      [0.413128, 0.265797]
                    ]
                  ],
                  [
                    [
                      [0.394765, 0.053858],
                      [0.426274, 0.053858],
                      [0.426274, 0.169552],
                      [0.388041, 0.169552],
                      [0.388041, 0.193887],
                      [0.39065, 0.193887],
                      [0.39065, 0.173441],
                      [0.426274, 0.173441],
                      [0.426274, 0.216129],
                      [0.413128, 0.216129],
                      [0.413128, 0.22331],
                      [0.39065, 0.22331],
                      [0.39065, 0.20805],
                      [0.388041, 0.20805],
                      [0.388041, 0.22331],
                      [0.37901, 0.22331],
                      [0.37901, 0.224806],
                      [0.378107, 0.224806],
                      [0.378107, 0.229493],
                      [0.474039, 0.229493],
                      [0.474039, 0.227005],
                      [0.473437, 0.227005],
                      [0.473437, 0.22331],
                      [0.471229, 0.22331],
                      [0.471229, 0.20805],
                      [0.46862, 0.20805],
                      [0.46862, 0.22331],
                      [0.437512, 0.22331],
                      [0.437512, 0.209945],
                      [0.430388, 0.209945],
                      [0.430388, 0.173441],
                      [0.46862, 0.173441],
                      [0.46862, 0.193887],
                      [0.471229, 0.193887],
                      [0.471229, 0.168455],
                      [0.469322, 0.168455],
                      [0.469322, 0.169552],
                      [0.430388, 0.169552],
                      [0.430388, 0.053858],
                      [0.464104, 0.053858],
                      [0.464104, 0.052062],
                      [0.445741, 0.052062],
                      [0.445741, 0.050866],
                      [0.464104, 0.050866],
                      [0.464104, 0.047375],
                      [0.430388, 0.047375],
                      [0.430388, 0.003192],
                      [0.426274, 0.003192],
                      [0.426274, 0.047375],
                      [0.394765, 0.047375]
                    ]
                  ],
                  [
                    [
                      [0.345294, 0.479433],
                      [0.425471, 0.479433],
                      [0.425471, 0.475842],
                      [0.345294, 0.475842]
                    ]
                  ],
                  [
                    [
                      [0.425471, 0.006184],
                      [0.425471, 0.002493],
                      [0.345294, 0.002493],
                      [0.345294, 0.006184]
                    ]
                  ],
                  [
                    [
                      [0.362152, 0.265797],
                      [0.362152, 0.261908],
                      [0.275051, 0.261908],
                      [0.275051, 0.264501],
                      [0.275954, 0.264501],
                      [0.275954, 0.265797],
                      [0.289501, 0.265797],
                      [0.289501, 0.313471],
                      [0.277459, 0.313471],
                      [0.277459, 0.31756],
                      [0.279366, 0.31756],
                      [0.279366, 0.315566],
                      [0.29211, 0.315566],
                      [0.29211, 0.265797],
                      [0.328435, 0.265797],
                      [0.328435, 0.278065],
                      [0.340577, 0.278065],
                      [0.340577, 0.315566],
                      [0.328435, 0.315566],
                      [0.328435, 0.319655],
                      [0.340577, 0.319655],
                      [0.340577, 0.435249],
                      [0.316093, 0.435249],
                      [0.316093, 0.439339],
                      [0.340577, 0.439339],
                      [0.340577, 0.478834],
                      [0.344692, 0.478834],
                      [0.344692, 0.441632],
                      [0.358038, 0.441632],
                      [0.358038, 0.435249],
                      [0.344692, 0.435249],
                      [0.344692, 0.278065],
                      [0.356934, 0.278065],
                      [0.356934, 0.265797]
                    ]
                  ],
                  [
                    [
                      [0.340577, 0.053858],
                      [0.340577, 0.169552],
                      [0.328435, 0.169552],
                      [0.328435, 0.173441],
                      [0.340577, 0.173441],
                      [0.340577, 0.211042],
                      [0.328435, 0.211042],
                      [0.328435, 0.22331],
                      [0.29211, 0.22331],
                      [0.29211, 0.173441],
                      [0.279366, 0.173441],
                      [0.279366, 0.171546],
                      [0.277459, 0.171546],
                      [0.277459, 0.175636],
                      [0.289501, 0.175636],
                      [0.289501, 0.22331],
                      [0.275954, 0.22331],
                      [0.275954, 0.229493],
                      [0.358941, 0.229493],
                      [0.358941, 0.224806],
                      [0.358038, 0.224806],
                      [0.358038, 0.22331],
                      [0.356934, 0.22331],
                      [0.356934, 0.211042],
                      [0.344692, 0.211042],
                      [0.344692, 0.053858],
                      [0.358038, 0.053858],
                      [0.358038, 0.047375],
                      [0.344692, 0.047375],
                      [0.344692, 0.003192],
                      [0.340577, 0.003192],
                      [0.340577, 0.047375],
                      [0.316093, 0.047375],
                      [0.316093, 0.053858]
                    ]
                  ],
                  [
                    [
                      [0.207919, 0.302301],
                      [0.195777, 0.302301],
                      [0.195777, 0.313471],
                      [0.164669, 0.313471],
                      [0.164669, 0.299309],
                      [0.16206, 0.299309],
                      [0.16206, 0.313471],
                      [0.162963, 0.313471],
                      [0.162963, 0.31756],
                      [0.207919, 0.31756],
                      [0.207919, 0.337907],
                      [0.164067, 0.337907],
                      [0.164067, 0.336909],
                      [0.16206, 0.336909],
                      [0.16206, 0.340899],
                      [0.164067, 0.340899],
                      [0.164067, 0.339901],
                      [0.207919, 0.339901],
                      [0.207919, 0.455596],
                      [0.151724, 0.455596],
                      [0.151724, 0.360746],
                      [0.164067, 0.360746],
                      [0.164067, 0.357056],
                      [0.16206, 0.357056],
                      [0.16206, 0.358153],
                      [0.135468, 0.358153],
                      [0.135468, 0.356158],
                      [0.133361, 0.356158],
                      [0.133361, 0.360248],
                      [0.147811, 0.360248],
                      [0.147811, 0.443428],
                      [0.135468, 0.443428],
                      [0.135468, 0.455596],
                      [0.055793, 0.455596],
                      [0.055793, 0.367329],
                      [0.04927, 0.367329],
                      [0.04927, 0.454997],
                      [0.007827, 0.454997],
                      [0.007827, 0.246448],
                      [0.004114, 0.246448],
                      [0.004114, 0.462078],
                      [0.207216, 0.462078],
                      [0.207216, 0.479433],
                      [0.339674, 0.479433],
                      [0.339674, 0.475842],
                      [0.214542, 0.475842],
                      [0.214542, 0.441632],
                      [0.245649, 0.441632],
                      [0.245649, 0.438241],
                      [0.227286, 0.438241],
                      [0.227286, 0.436945],
                      [0.245649, 0.436945],
                      [0.245649, 0.435249],
                      [0.212033, 0.435249],
                      [0.212033, 0.319655],
                      [0.250867, 0.319655],
                      [0.250867, 0.320553],
                      [0.252774, 0.320553],
                      [0.252774, 0.29522],
                      [0.250265, 0.29522],
                      [0.250265, 0.315566],
                      [0.212033, 0.315566],
                      [0.212033, 0.279062],
                      [0.219158, 0.279062],
                      [0.219158, 0.265797],
                      [0.250265, 0.265797],
                      [0.250265, 0.281057],
                      [0.252774, 0.281057],
                      [0.252774, 0.265797],
                      [0.254981, 0.265797],
                      [0.254981, 0.264501],
                      [0.255584, 0.264501],
                      [0.255584, 0.261908],
                      [0.158648, 0.261908],
                      [0.158648, 0.265797],
                      [0.16206, 0.265797],
                      [0.16206, 0.285146],
                      [0.164669, 0.285146],
                      [0.164669, 0.265797],
                      [0.207919, 0.265797]
                    ],
                    [
                      [0.188251, 0.457092],
                      [0.19106, 0.457092],
                      [0.19106, 0.458588],
                      [0.188251, 0.458588]
                    ],
                    [
                      [0.171794, 0.457092],
                      [0.1735, 0.457092],
                      [0.1735, 0.458588],
                      [0.171794, 0.458588]
                    ],
                    [
                      [0.157143, 0.458588],
                      [0.154334, 0.458588],
                      [0.154334, 0.457092],
                      [0.157143, 0.457092]
                    ],
                    [
                      [0.130752, 0.457092],
                      [0.133361, 0.457092],
                      [0.133361, 0.458588],
                      [0.130752, 0.458588]
                    ],
                    [
                      [0.119915, 0.458588],
                      [0.117105, 0.458588],
                      [0.117105, 0.457092],
                      [0.119915, 0.457092]
                    ],
                    [
                      [0.054288, 0.434551],
                      [0.054288, 0.437344],
                      [0.052782, 0.437344],
                      [0.052782, 0.434551]
                    ],
                    [
                      [0.054288, 0.421087],
                      [0.054288, 0.423879],
                      [0.052782, 0.423879],
                      [0.052782, 0.421087]
                    ]
                  ],
                  [
                    [
                      [0.004114, 0.242758],
                      [0.007827, 0.242758],
                      [0.007827, 0.03411],
                      [0.04927, 0.03411],
                      [0.04927, 0.121678],
                      [0.055793, 0.121678],
                      [0.055793, 0.033412],
                      [0.135468, 0.033412],
                      [0.135468, 0.045679],
                      [0.147811, 0.045679],
                      [0.147811, 0.128959],
                      [0.133361, 0.128959],
                      [0.133361, 0.132849],
                      [0.135468, 0.132849],
                      [0.135468, 0.130954],
                      [0.16206, 0.130954],
                      [0.16206, 0.131951],
                      [0.164067, 0.131951],
                      [0.164067, 0.128361],
                      [0.151724, 0.128361],
                      [0.151724, 0.033412],
                      [0.207919, 0.033412],
                      [0.207919, 0.149206],
                      [0.164067, 0.149206],
                      [0.164067, 0.148108],
                      [0.16206, 0.148108],
                      [0.16206, 0.152198],
                      [0.164067, 0.152198],
                      [0.164067, 0.151101],
                      [0.207919, 0.151101],
                      [0.207919, 0.171546],
                      [0.162963, 0.171546],
                      [0.162963, 0.175636],
                      [0.16206, 0.175636],
                      [0.16206, 0.189798],
                      [0.164669, 0.189798],
                      [0.164669, 0.175636],
                      [0.195777, 0.175636],
                      [0.195777, 0.186806],
                      [0.207919, 0.186806],
                      [0.207919, 0.22331],
                      [0.164669, 0.22331],
                      [0.164669, 0.203961],
                      [0.16206, 0.203961],
                      [0.16206, 0.22331],
                      [0.158648, 0.22331],
                      [0.158648, 0.224806],
                      [0.157745, 0.224806],
                      [0.157745, 0.229493],
                      [0.254981, 0.229493],
                      [0.254981, 0.22331],
                      [0.252774, 0.22331],
                      [0.252774, 0.20805],
                      [0.250265, 0.20805],
                      [0.250265, 0.22331],
                      [0.219158, 0.22331],
                      [0.219158, 0.209945],
                      [0.212033, 0.209945],
                      [0.212033, 0.173441],
                      [0.250265, 0.173441],
                      [0.250265, 0.193887],
                      [0.252774, 0.193887],
                      [0.252774, 0.168455],
                      [0.250867, 0.168455],
                      [0.250867, 0.169552],
                      [0.212033, 0.169552],
                      [0.212033, 0.053858],
                      [0.245649, 0.053858],
                      [0.245649, 0.052062],
                      [0.227286, 0.052062],
                      [0.227286, 0.050866],
                      [0.245649, 0.050866],
                      [0.245649, 0.047375],
                      [0.214542, 0.047375],
                      [0.214542, 0.006184],
                      [0.212033, 0.006184],
                      [0.212033, 0.003192],
                      [0.207919, 0.003192],
                      [0.207919, 0.027029],
                      [0.004114, 0.027029]
                    ],
                    [
                      [0.188251, 0.03042],
                      [0.19106, 0.03042],
                      [0.19106, 0.031916],
                      [0.188251, 0.031916]
                    ],
                    [
                      [0.171794, 0.03042],
                      [0.1735, 0.03042],
                      [0.1735, 0.031916],
                      [0.171794, 0.031916]
                    ],
                    [
                      [0.154334, 0.03042],
                      [0.157143, 0.03042],
                      [0.157143, 0.031916],
                      [0.154334, 0.031916]
                    ],
                    [
                      [0.133361, 0.031916],
                      [0.130752, 0.031916],
                      [0.130752, 0.03042],
                      [0.133361, 0.03042]
                    ],
                    [
                      [0.117105, 0.03042],
                      [0.119915, 0.03042],
                      [0.119915, 0.031916],
                      [0.117105, 0.031916]
                    ],
                    [
                      [0.052782, 0.065228],
                      [0.054288, 0.065228],
                      [0.054288, 0.06802],
                      [0.052782, 0.06802]
                    ],
                    [
                      [0.052782, 0.051863],
                      [0.054288, 0.051863],
                      [0.054288, 0.054456],
                      [0.052782, 0.054456]
                    ]
                  ],
                  [
                    [
                      [0.339674, 0.006184],
                      [0.339674, 0.002493],
                      [0.214542, 0.002493],
                      [0.214542, 0.006184]
                    ]
                  ],
                  [
                    [
                      [0.265116, 0.340899],
                      [0.265116, 0.435249],
                      [0.264013, 0.435249],
                      [0.264013, 0.441632],
                      [0.279366, 0.441632],
                      [0.279366, 0.435249],
                      [0.267123, 0.435249],
                      [0.267123, 0.340899],
                      [0.279366, 0.340899],
                      [0.279366, 0.335812],
                      [0.277459, 0.335812],
                      [0.277459, 0.338804],
                      [0.252774, 0.338804],
                      [0.252774, 0.336909],
                      [0.250867, 0.336909],
                      [0.250867, 0.340899]
                    ]
                  ],
                  [
                    [
                      [0.250867, 0.148108],
                      [0.250867, 0.152198],
                      [0.252774, 0.152198],
                      [0.252774, 0.150203],
                      [0.277459, 0.150203],
                      [0.277459, 0.153295],
                      [0.279366, 0.153295],
                      [0.279366, 0.148108],
                      [0.267123, 0.148108],
                      [0.267123, 0.053858],
                      [0.279366, 0.053858],
                      [0.279366, 0.047375],
                      [0.264013, 0.047375],
                      [0.264013, 0.053858],
                      [0.265116, 0.053858],
                      [0.265116, 0.148108]
                    ]
                  ],
                  [
                    [
                      [0.04927, 0.243257],
                      [0.004817, 0.243257],
                      [0.004817, 0.24585],
                      [0.04927, 0.24585],
                      [0.04927, 0.282154],
                      [0.052782, 0.282154],
                      [0.052782, 0.27976],
                      [0.054288, 0.27976],
                      [0.054288, 0.282154],
                      [0.055793, 0.282154],
                      [0.055793, 0.246648],
                      [0.131354, 0.246648],
                      [0.131354, 0.284049],
                      [0.135468, 0.284049],
                      [0.135468, 0.261309],
                      [0.138278, 0.261309],
                      [0.138278, 0.224806],
                      [0.137475, 0.224806],
                      [0.137475, 0.225604],
                      [0.135468, 0.225604],
                      [0.135468, 0.205058],
                      [0.131354, 0.205058],
                      [0.131354, 0.242559],
                      [0.055793, 0.242559],
                      [0.055793, 0.206953],
                      [0.054288, 0.206953],
                      [0.054288, 0.209546],
                      [0.052782, 0.209546],
                      [0.052782, 0.206953],
                      [0.04927, 0.206953]
                    ],
                    [
                      [0.054288, 0.263803],
                      [0.054288, 0.266595],
                      [0.052782, 0.266595],
                      [0.052782, 0.263803]
                    ],
                    [
                      [0.052782, 0.225205],
                      [0.052782, 0.222611],
                      [0.054288, 0.222611],
                      [0.054288, 0.225205]
                    ]
                  ],
                  [
                    [
                      [0.123226, 0.31756],
                      [0.135468, 0.31756],
                      [0.135468, 0.300406],
                      [0.131354, 0.300406],
                      [0.131354, 0.313471],
                      [0.055793, 0.313471],
                      [0.055793, 0.300406],
                      [0.04927, 0.300406],
                      [0.04927, 0.330825],
                      [0.055793, 0.330825],
                      [0.055793, 0.31756],
                      [0.121219, 0.31756],
                      [0.121219, 0.336909],
                      [0.133361, 0.336909],
                      [0.133361, 0.337907],
                      [0.135468, 0.337907],
                      [0.135468, 0.334915],
                      [0.123226, 0.334915]
                    ]
                  ],
                  [
                    [
                      [0.055793, 0.158381],
                      [0.04927, 0.158381],
                      [0.04927, 0.188701],
                      [0.055793, 0.188701],
                      [0.055793, 0.175636],
                      [0.131354, 0.175636],
                      [0.131354, 0.188701],
                      [0.135468, 0.188701],
                      [0.135468, 0.171546],
                      [0.123226, 0.171546],
                      [0.123226, 0.154292],
                      [0.135468, 0.154292],
                      [0.135468, 0.151101],
                      [0.133361, 0.151101],
                      [0.133361, 0.152198],
                      [0.121219, 0.152198],
                      [0.121219, 0.171546],
                      [0.055793, 0.171546]
                    ]
                  ],
                  [
                    [
                      [0.054288, 0.364536],
                      [0.054288, 0.349975],
                      [0.052782, 0.349975],
                      [0.052782, 0.364536]
                    ]
                  ],
                  [
                    [
                      [0.054288, 0.34808],
                      [0.054288, 0.333419],
                      [0.052782, 0.333419],
                      [0.052782, 0.34808]
                    ]
                  ],
                  [
                    [
                      [0.054288, 0.297613],
                      [0.054288, 0.284448],
                      [0.052782, 0.284448],
                      [0.052782, 0.297613]
                    ]
                  ],
                  [
                    [
                      [0.054288, 0.139132],
                      [0.054288, 0.124471],
                      [0.052782, 0.124471],
                      [0.052782, 0.139132]
                    ]
                  ]
                ],
                "slabs": [
                  [
                    [
                      [0.207236, 0.462058],
                      [0.207245, 0.479452],
                      [0.556604, 0.479452],
                      [0.556604, 0.529919],
                      [0.53802, 0.529928],
                      [0.53802, 0.537219],
                      [0.543639, 0.53722],
                      [0.543639, 0.661551],
                      [0.53802, 0.66156],
                      [0.53802, 0.667575],
                      [0.543639, 0.667575],
                      [0.543639, 0.791906],
                      [0.536294, 0.791907],
                      [0.536294, 0.88877],
                      [0.542776, 0.88877],
                      [0.542777, 0.949529],
                      [0.56114, 0.94953],
                      [0.56114, 0.953619],
                      [0.542777, 0.953619],
                      [0.542777, 0.999999],
                      [0.543418, 0.999999],
                      [0.543419, 0.997204],
                      [0.753224, 0.997204],
                      [0.753224, 0.999999],
                      [0.753866, 0.999999],
                      [0.753866, 0.955753],
                      [0.756234, 0.955753],
                      [0.756235, 0.999999],
                      [0.756896, 0.999999],
                      [0.756897, 0.997204],
                      [0.966682, 0.997204],
                      [0.966682, 0.999999],
                      [0.967324, 0.999999],
                      [0.967324, 0.953619],
                      [0.94896, 0.953619],
                      [0.94896, 0.94953],
                      [0.967324, 0.949529],
                      [0.967324, 0.88877],
                      [0.973806, 0.88877],
                      [0.973806, 0.799008],
                      [0.998652, 0.798999],
                      [0.998652, 0.002514],
                      [0.207245, 0.002513],
                      [0.207236, 0.026989],
                      [0.004135, 0.026989],
                      [0.004135, 0.462058]
                    ],
                    [
                      [0.60641, 0.261632],
                      [0.60641, 0.358268],
                      [0.562838, 0.358268],
                      [0.562838, 0.261632]
                    ]
                  ]
                ],
                "openings": [
                  {
                    "kind": "door",
                    "a": [0.164027, 0.31756],
                    "b": [0.164027, 0.336909],
                    "depthM": 0.18,
                    "sillM": 0,
                    "heightM": 2.1,
                    "hinge": [0.164027, 0.335792],
                    "openTip": [0.175687, 0.335792],
                    "basis": "CAD door swing; inferred head height"
                  },
                  {
                    "kind": "door",
                    "a": [0.135468, 0.263852],
                    "b": [0.158648, 0.263852],
                    "depthM": 0.195,
                    "sillM": 0,
                    "heightM": 2.1,
                    "hinge": [0.13874, 0.265777],
                    "openTip": [0.13874, 0.284029],
                    "basis": "CAD door swing; inferred head height"
                  },
                  {
                    "kind": "door",
                    "a": [0.133411, 0.188701],
                    "b": [0.133411, 0.205058],
                    "depthM": 0.205,
                    "sillM": 0,
                    "heightM": 2.1,
                    "hinge": [0.131394, 0.189758],
                    "openTip": [0.117125, 0.189758],
                    "basis": "CAD door swing; inferred head height"
                  },
                  {
                    "kind": "door",
                    "a": [0.164027, 0.131951],
                    "b": [0.164027, 0.148108],
                    "depthM": 0.18,
                    "sillM": 0,
                    "heightM": 2.1,
                    "hinge": [0.164027, 0.147251],
                    "openTip": [0.178276, 0.147251],
                    "basis": "CAD door swing; inferred head height"
                  },
                  {
                    "kind": "door",
                    "a": [0.134415, 0.337907],
                    "b": [0.134415, 0.356158],
                    "depthM": 0.105,
                    "sillM": 0,
                    "heightM": 2.1,
                    "hinge": [0.133341, 0.338804],
                    "openTip": [0.117125, 0.338804],
                    "basis": "CAD door swing; inferred head height"
                  },
                  {
                    "kind": "glazedDoor",
                    "a": [0.053033, 0.140149],
                    "b": [0.053033, 0.156486],
                    "depthM": 0.2,
                    "sillM": 0,
                    "heightM": 2.3,
                    "basis": "CAD facade bank and swing symbols; inferred glazing type, sill and head"
                  },
                  {
                    "kind": "window",
                    "a": [0.053033, 0.156486],
                    "b": [0.053033, 0.158381],
                    "depthM": 0.2,
                    "sillM": 0.85,
                    "heightM": 1.45,
                    "basis": "CAD facade bank and swing symbols; inferred glazing type, sill and head"
                  },
                  {
                    "kind": "window",
                    "a": [0.053786, 0.188701],
                    "b": [0.053786, 0.190616],
                    "depthM": 0.2,
                    "sillM": 0.85,
                    "heightM": 1.45,
                    "basis": "CAD facade bank and swing symbols; inferred glazing type, sill and head"
                  },
                  {
                    "kind": "glazedDoor",
                    "a": [0.053786, 0.190616],
                    "b": [0.053786, 0.205437],
                    "depthM": 0.2,
                    "sillM": 0,
                    "heightM": 2.3,
                    "basis": "CAD facade bank and swing symbols; inferred glazing type, sill and head"
                  },
                  {
                    "kind": "window",
                    "a": [0.053786, 0.205437],
                    "b": [0.053786, 0.206953],
                    "depthM": 0.2,
                    "sillM": 0.85,
                    "heightM": 1.45,
                    "basis": "CAD facade bank and swing symbols; inferred glazing type, sill and head"
                  },
                  {
                    "kind": "door",
                    "a": [0.833582, 0.843121],
                    "b": [0.847831, 0.843121],
                    "depthM": 0.095,
                    "sillM": 0,
                    "heightM": 2.1,
                    "hinge": [0.846988, 0.842154],
                    "openTip": [0.846988, 0.830345],
                    "basis": "CAD door swing; inferred head height"
                  },
                  {
                    "kind": "door",
                    "a": [0.773323, 0.847559],
                    "b": [0.773323, 0.870499],
                    "depthM": 0.325,
                    "sillM": 0,
                    "heightM": 2.1,
                    "hinge": [0.776544, 0.867068],
                    "openTip": [0.794908, 0.867068],
                    "basis": "CAD door swing; inferred head height"
                  },
                  {
                    "kind": "door",
                    "a": [0.848935, 0.871446],
                    "b": [0.867298, 0.871446],
                    "depthM": 0.095,
                    "sillM": 0,
                    "heightM": 2.1,
                    "hinge": [0.850018, 0.872434],
                    "openTip": [0.850018, 0.88877],
                    "basis": "CAD door swing; inferred head height"
                  },
                  {
                    "kind": "door",
                    "a": [0.699016, 0.872543],
                    "b": [0.715172, 0.872543],
                    "depthM": 0.205,
                    "sillM": 0,
                    "heightM": 2.1,
                    "hinge": [0.699839, 0.874588],
                    "openTip": [0.699839, 0.88877],
                    "basis": "CAD door swing; inferred head height"
                  },
                  {
                    "kind": "door",
                    "a": [0.641718, 0.848646],
                    "b": [0.658175, 0.848646],
                    "depthM": 0.649,
                    "sillM": 0,
                    "heightM": 2.1,
                    "hinge": [0.657071, 0.842154],
                    "openTip": [0.657071, 0.827772],
                    "basis": "CAD door swing; inferred head height"
                  },
                  {
                    "kind": "glazedDoor",
                    "a": [0.649947, 0.952432],
                    "b": [0.666364, 0.952432],
                    "depthM": 0.205,
                    "sillM": 0,
                    "heightM": 2.3,
                    "basis": "CAD facade bank and swing symbols; inferred glazing type, sill and head"
                  },
                  {
                    "kind": "window",
                    "a": [0.666364, 0.952432],
                    "b": [0.66831, 0.952432],
                    "depthM": 0.205,
                    "sillM": 0.85,
                    "heightM": 1.45,
                    "basis": "CAD facade bank and swing symbols; inferred glazing type, sill and head"
                  },
                  {
                    "kind": "window",
                    "a": [0.699016, 0.951609],
                    "b": [0.700722, 0.951609],
                    "depthM": 0.212,
                    "sillM": 0.85,
                    "heightM": 1.45,
                    "basis": "CAD facade bank and swing symbols; inferred glazing type, sill and head"
                  },
                  {
                    "kind": "glazedDoor",
                    "a": [0.700722, 0.951609],
                    "b": [0.715835, 0.951609],
                    "depthM": 0.212,
                    "sillM": 0,
                    "heightM": 2.3,
                    "basis": "CAD facade bank and swing symbols; inferred glazing type, sill and head"
                  },
                  {
                    "kind": "window",
                    "a": [0.715835, 0.951609],
                    "b": [0.71738, 0.951609],
                    "depthM": 0.212,
                    "sillM": 0.85,
                    "heightM": 1.45,
                    "basis": "CAD facade bank and swing symbols; inferred glazing type, sill and head"
                  },
                  {
                    "kind": "door",
                    "a": [0.831675, 0.754854],
                    "b": [0.847831, 0.754854],
                    "depthM": 0.095,
                    "sillM": 0,
                    "heightM": 2.1,
                    "hinge": [0.832719, 0.755842],
                    "openTip": [0.832719, 0.770004],
                    "basis": "CAD door swing; inferred head height"
                  },
                  {
                    "kind": "door",
                    "a": [0.790834, 0.755104],
                    "b": [0.805083, 0.755104],
                    "depthM": 0.12,
                    "sillM": 0,
                    "heightM": 2.1,
                    "hinge": [0.791898, 0.756261],
                    "openTip": [0.791898, 0.768069],
                    "basis": "CAD door swing; inferred head height"
                  },
                  {
                    "kind": "door",
                    "a": [0.828665, 0.600662],
                    "b": [0.847028, 0.600662],
                    "depthM": 0.095,
                    "sillM": 0,
                    "heightM": 2.1,
                    "hinge": [0.829487, 0.601649],
                    "openTip": [0.829487, 0.617966],
                    "basis": "CAD door swing; inferred head height"
                  },
                  {
                    "kind": "door",
                    "a": [0.773323, 0.577374],
                    "b": [0.773323, 0.598219],
                    "depthM": 0.325,
                    "sillM": 0,
                    "heightM": 2.1,
                    "hinge": [0.776544, 0.596922],
                    "openTip": [0.794908, 0.596922],
                    "basis": "CAD door swing; inferred head height"
                  },
                  {
                    "kind": "window",
                    "a": [0.949783, 0.602707],
                    "b": [0.949783, 0.604442],
                    "depthM": 0.2,
                    "sillM": 0.85,
                    "heightM": 1.45,
                    "basis": "CAD facade bank and swing symbols; inferred glazing type, sill and head"
                  },
                  {
                    "kind": "glazedDoor",
                    "a": [0.949783, 0.604442],
                    "b": [0.949783, 0.620978],
                    "depthM": 0.2,
                    "sillM": 0,
                    "heightM": 2.3,
                    "basis": "CAD facade bank and swing symbols; inferred glazing type, sill and head"
                  },
                  {
                    "kind": "window",
                    "a": [0.947776, 0.568098],
                    "b": [0.947776, 0.569654],
                    "depthM": 0.08,
                    "sillM": 0.85,
                    "heightM": 1.45,
                    "basis": "CAD facade bank and swing symbols; inferred glazing type, sill and head"
                  },
                  {
                    "kind": "glazedDoor",
                    "a": [0.947776, 0.569654],
                    "b": [0.947776, 0.584674],
                    "depthM": 0.08,
                    "sillM": 0,
                    "heightM": 2.3,
                    "basis": "CAD facade bank and swing symbols; inferred glazing type, sill and head"
                  },
                  {
                    "kind": "window",
                    "a": [0.947776, 0.584674],
                    "b": [0.947776, 0.58635],
                    "depthM": 0.08,
                    "sillM": 0.85,
                    "heightM": 1.45,
                    "basis": "CAD facade bank and swing symbols; inferred glazing type, sill and head"
                  },
                  {
                    "kind": "door",
                    "a": [0.831675, 0.491052],
                    "b": [0.847831, 0.491052],
                    "depthM": 0.105,
                    "sillM": 0,
                    "heightM": 2.1,
                    "hinge": [0.832719, 0.492119],
                    "openTip": [0.832719, 0.506302],
                    "basis": "CAD door swing; inferred head height"
                  },
                  {
                    "kind": "door",
                    "a": [0.790834, 0.491301],
                    "b": [0.805083, 0.491301],
                    "depthM": 0.13,
                    "sillM": 0,
                    "heightM": 2.1,
                    "hinge": [0.791898, 0.492558],
                    "openTip": [0.791898, 0.504147],
                    "basis": "CAD door swing; inferred head height"
                  },
                  {
                    "kind": "door",
                    "a": [0.832678, 0.254727],
                    "b": [0.848935, 0.254727],
                    "depthM": 0.1,
                    "sillM": 0,
                    "heightM": 2.1,
                    "hinge": [0.833582, 0.255684],
                    "openTip": [0.833582, 0.269867],
                    "basis": "CAD door swing; inferred head height"
                  },
                  {
                    "kind": "door",
                    "a": [0.797055, 0.171497],
                    "b": [0.813512, 0.171497],
                    "depthM": 0.195,
                    "sillM": 0,
                    "heightM": 2.1,
                    "hinge": [0.812408, 0.169572],
                    "openTip": [0.812408, 0.15519],
                    "basis": "CAD door swing; inferred head height"
                  },
                  {
                    "kind": "door",
                    "a": [0.6653, 0.183714],
                    "b": [0.6653, 0.197877],
                    "depthM": 0.11,
                    "sillM": 0,
                    "heightM": 2.1,
                    "hinge": [0.664196, 0.184612],
                    "openTip": [0.651894, 0.184612],
                    "basis": "CAD door swing; inferred head height"
                  },
                  {
                    "kind": "door",
                    "a": [0.705037, 0.149604],
                    "b": [0.705037, 0.169552],
                    "depthM": 0.11,
                    "sillM": 0,
                    "heightM": 2.1,
                    "hinge": [0.706121, 0.164844],
                    "openTip": [0.72037, 0.164844],
                    "basis": "CAD door swing; inferred head height"
                  },
                  {
                    "kind": "door",
                    "a": [0.670217, 0.147161],
                    "b": [0.686674, 0.147161],
                    "depthM": 0.095,
                    "sillM": 0,
                    "heightM": 2.1,
                    "hinge": [0.68559, 0.146174],
                    "openTip": [0.68559, 0.131991],
                    "basis": "CAD door swing; inferred head height"
                  },
                  {
                    "kind": "window",
                    "a": [0.843917, 0.050616],
                    "b": [0.845683, 0.050616],
                    "depthM": 0.325,
                    "sillM": 0.85,
                    "heightM": 1.45,
                    "basis": "CAD facade bank and swing symbols; inferred glazing type, sill and head"
                  },
                  {
                    "kind": "glazedDoor",
                    "a": [0.845683, 0.050616],
                    "b": [0.862321, 0.050616],
                    "depthM": 0.325,
                    "sillM": 0,
                    "heightM": 2.3,
                    "basis": "CAD facade bank and swing symbols; inferred glazing type, sill and head"
                  },
                  {
                    "kind": "window",
                    "a": [0.862321, 0.050616],
                    "b": [0.880644, 0.050616],
                    "depthM": 0.325,
                    "sillM": 0.85,
                    "heightM": 1.45,
                    "basis": "CAD facade bank and swing symbols; inferred glazing type, sill and head"
                  },
                  {
                    "kind": "door",
                    "a": [0.773323, 0.362641],
                    "b": [0.773323, 0.383486],
                    "depthM": 0.325,
                    "sillM": 0,
                    "heightM": 2.1,
                    "hinge": [0.776544, 0.38217],
                    "openTip": [0.794908, 0.38217],
                    "basis": "CAD door swing; inferred head height"
                  },
                  {
                    "kind": "window",
                    "a": [0.808093, 0.05296],
                    "b": [0.809599, 0.05296],
                    "depthM": 0.09,
                    "sillM": 0.85,
                    "heightM": 1.45,
                    "basis": "CAD facade bank and swing symbols; inferred glazing type, sill and head"
                  },
                  {
                    "kind": "glazedDoor",
                    "a": [0.809599, 0.05296],
                    "b": [0.824731, 0.05296],
                    "depthM": 0.09,
                    "sillM": 0,
                    "heightM": 2.3,
                    "basis": "CAD facade bank and swing symbols; inferred glazing type, sill and head"
                  },
                  {
                    "kind": "window",
                    "a": [0.824731, 0.05296],
                    "b": [0.826457, 0.05296],
                    "depthM": 0.09,
                    "sillM": 0.85,
                    "heightM": 1.45,
                    "basis": "CAD facade bank and swing symbols; inferred glazing type, sill and head"
                  },
                  {
                    "kind": "door",
                    "a": [0.735593, 0.730968],
                    "b": [0.735593, 0.751713],
                    "depthM": 0.205,
                    "sillM": 0,
                    "heightM": 2.1,
                    "hinge": [0.733556, 0.732204],
                    "openTip": [0.715192, 0.732204],
                    "basis": "CAD door swing; inferred head height"
                  },
                  {
                    "kind": "door",
                    "a": [0.666404, 0.728424],
                    "b": [0.684767, 0.728424],
                    "depthM": 0.095,
                    "sillM": 0,
                    "heightM": 2.1,
                    "hinge": [0.683643, 0.727497],
                    "openTip": [0.683643, 0.71116],
                    "basis": "CAD door swing; inferred head height"
                  },
                  {
                    "kind": "door",
                    "a": [0.705037, 0.755104],
                    "b": [0.719286, 0.755104],
                    "depthM": 0.12,
                    "sillM": 0,
                    "heightM": 2.1,
                    "hinge": [0.706121, 0.756261],
                    "openTip": [0.706121, 0.768069],
                    "basis": "CAD door swing; inferred head height"
                  },
                  {
                    "kind": "window",
                    "a": [0.583367, 0.689876],
                    "b": [0.583367, 0.708168],
                    "depthM": 0.325,
                    "sillM": 0.85,
                    "heightM": 1.45,
                    "basis": "CAD facade bank and swing symbols; inferred glazing type, sill and head"
                  },
                  {
                    "kind": "glazedDoor",
                    "a": [0.583367, 0.708168],
                    "b": [0.583367, 0.724704],
                    "depthM": 0.325,
                    "sillM": 0,
                    "heightM": 2.3,
                    "basis": "CAD facade bank and swing symbols; inferred glazing type, sill and head"
                  },
                  {
                    "kind": "window",
                    "a": [0.583367, 0.724704],
                    "b": [0.583367, 0.72638],
                    "depthM": 0.325,
                    "sillM": 0.85,
                    "heightM": 1.45,
                    "basis": "CAD facade bank and swing symbols; inferred glazing type, sill and head"
                  },
                  {
                    "kind": "door",
                    "a": [0.666404, 0.574282],
                    "b": [0.68256, 0.574282],
                    "depthM": 0.1,
                    "sillM": 0,
                    "heightM": 2.1,
                    "hinge": [0.681476, 0.573304],
                    "openTip": [0.681476, 0.559122],
                    "basis": "CAD door swing; inferred head height"
                  },
                  {
                    "kind": "door",
                    "a": [0.735844, 0.462078],
                    "b": [0.735844, 0.482225],
                    "depthM": 0.12,
                    "sillM": 0,
                    "heightM": 2.1,
                    "hinge": [0.73464, 0.463993],
                    "openTip": [0.716477, 0.463993],
                    "basis": "CAD door swing; inferred head height"
                  },
                  {
                    "kind": "door",
                    "a": [0.163365, 0.285146],
                    "b": [0.163365, 0.299309],
                    "depthM": 0.13,
                    "sillM": 0,
                    "heightM": 2.1,
                    "hinge": [0.164669, 0.298212],
                    "openTip": [0.17633, 0.298212],
                    "basis": "CAD door swing; inferred head height"
                  },
                  {
                    "kind": "door",
                    "a": [0.795751, 0.842772],
                    "b": [0.810301, 0.842772],
                    "depthM": 0.13,
                    "sillM": 0,
                    "heightM": 2.1,
                    "hinge": [0.809177, 0.841515],
                    "openTip": [0.809177, 0.829926],
                    "basis": "CAD door swing; inferred head height"
                  },
                  {
                    "kind": "door",
                    "a": [0.251821, 0.320553],
                    "b": [0.251821, 0.336909],
                    "depthM": 0.095,
                    "sillM": 0,
                    "heightM": 2.1,
                    "hinge": [0.250867, 0.32161],
                    "openTip": [0.236618, 0.32161],
                    "basis": "CAD door swing; inferred head height"
                  },
                  {
                    "kind": "door",
                    "a": [0.251519, 0.281057],
                    "b": [0.251519, 0.29522],
                    "depthM": 0.125,
                    "sillM": 0,
                    "heightM": 2.1,
                    "hinge": [0.250225, 0.282114],
                    "openTip": [0.238565, 0.282114],
                    "basis": "CAD door swing; inferred head height"
                  },
                  {
                    "kind": "door",
                    "a": [0.278412, 0.153295],
                    "b": [0.278412, 0.171546],
                    "depthM": 0.095,
                    "sillM": 0,
                    "heightM": 2.1,
                    "hinge": [0.279386, 0.170429],
                    "openTip": [0.295823, 0.170429],
                    "basis": "CAD door swing; inferred head height"
                  },
                  {
                    "kind": "door",
                    "a": [0.254981, 0.226401],
                    "b": [0.275954, 0.226401],
                    "depthM": 0.31,
                    "sillM": 0,
                    "heightM": 2.1,
                    "hinge": [0.274649, 0.22327],
                    "openTip": [0.274649, 0.205018],
                    "basis": "CAD door swing; inferred head height"
                  },
                  {
                    "kind": "window",
                    "a": [0.279366, 0.050616],
                    "b": [0.281333, 0.050616],
                    "depthM": 0.325,
                    "sillM": 0.85,
                    "heightM": 1.45,
                    "basis": "CAD facade bank and swing symbols; inferred glazing type, sill and head"
                  },
                  {
                    "kind": "glazedDoor",
                    "a": [0.281333, 0.050616],
                    "b": [0.297769, 0.050616],
                    "depthM": 0.325,
                    "sillM": 0,
                    "heightM": 2.3,
                    "basis": "CAD facade bank and swing symbols; inferred glazing type, sill and head"
                  },
                  {
                    "kind": "window",
                    "a": [0.297769, 0.050616],
                    "b": [0.316093, 0.050616],
                    "depthM": 0.325,
                    "sillM": 0.85,
                    "heightM": 1.45,
                    "basis": "CAD facade bank and swing symbols; inferred glazing type, sill and head"
                  },
                  {
                    "kind": "window",
                    "a": [0.245649, 0.05296],
                    "b": [0.247195, 0.05296],
                    "depthM": 0.09,
                    "sillM": 0.85,
                    "heightM": 1.45,
                    "basis": "CAD facade bank and swing symbols; inferred glazing type, sill and head"
                  },
                  {
                    "kind": "glazedDoor",
                    "a": [0.247195, 0.05296],
                    "b": [0.262327, 0.05296],
                    "depthM": 0.09,
                    "sillM": 0,
                    "heightM": 2.3,
                    "basis": "CAD facade bank and swing symbols; inferred glazing type, sill and head"
                  },
                  {
                    "kind": "window",
                    "a": [0.262327, 0.05296],
                    "b": [0.264013, 0.05296],
                    "depthM": 0.09,
                    "sillM": 0.85,
                    "heightM": 1.45,
                    "basis": "CAD facade bank and swing symbols; inferred glazing type, sill and head"
                  },
                  {
                    "kind": "door",
                    "a": [0.470276, 0.320553],
                    "b": [0.470276, 0.336909],
                    "depthM": 0.095,
                    "sillM": 0,
                    "heightM": 2.1,
                    "hinge": [0.469322, 0.32161],
                    "openTip": [0.455053, 0.32161],
                    "basis": "CAD door swing; inferred head height"
                  },
                  {
                    "kind": "door",
                    "a": [0.469924, 0.281057],
                    "b": [0.469924, 0.29522],
                    "depthM": 0.13,
                    "sillM": 0,
                    "heightM": 2.1,
                    "hinge": [0.46866, 0.282114],
                    "openTip": [0.457, 0.282114],
                    "basis": "CAD door swing; inferred head height"
                  },
                  {
                    "kind": "door",
                    "a": [0.496868, 0.153295],
                    "b": [0.496868, 0.171546],
                    "depthM": 0.095,
                    "sillM": 0,
                    "heightM": 2.1,
                    "hinge": [0.497841, 0.170429],
                    "openTip": [0.514258, 0.170429],
                    "basis": "CAD door swing; inferred head height"
                  },
                  {
                    "kind": "door",
                    "a": [0.473437, 0.223833],
                    "b": [0.496115, 0.223833],
                    "depthM": 0.258,
                    "sillM": 0,
                    "heightM": 2.1,
                    "hinge": [0.493085, 0.22327],
                    "openTip": [0.493085, 0.205018],
                    "basis": "CAD door swing; inferred head height"
                  },
                  {
                    "kind": "window",
                    "a": [0.498925, 0.050616],
                    "b": [0.500651, 0.050616],
                    "depthM": 0.325,
                    "sillM": 0.85,
                    "heightM": 1.45,
                    "basis": "CAD facade bank and swing symbols; inferred glazing type, sill and head"
                  },
                  {
                    "kind": "glazedDoor",
                    "a": [0.500651, 0.050616],
                    "b": [0.517268, 0.050616],
                    "depthM": 0.325,
                    "sillM": 0,
                    "heightM": 2.3,
                    "basis": "CAD facade bank and swing symbols; inferred glazing type, sill and head"
                  },
                  {
                    "kind": "window",
                    "a": [0.517268, 0.050616],
                    "b": [0.535652, 0.050616],
                    "depthM": 0.325,
                    "sillM": 0.85,
                    "heightM": 1.45,
                    "basis": "CAD facade bank and swing symbols; inferred glazing type, sill and head"
                  },
                  {
                    "kind": "window",
                    "a": [0.464104, 0.05296],
                    "b": [0.46563, 0.05296],
                    "depthM": 0.09,
                    "sillM": 0.85,
                    "heightM": 1.45,
                    "basis": "CAD facade bank and swing symbols; inferred glazing type, sill and head"
                  },
                  {
                    "kind": "glazedDoor",
                    "a": [0.46563, 0.05296],
                    "b": [0.480762, 0.05296],
                    "depthM": 0.09,
                    "sillM": 0,
                    "heightM": 2.3,
                    "basis": "CAD facade bank and swing symbols; inferred glazing type, sill and head"
                  },
                  {
                    "kind": "window",
                    "a": [0.480762, 0.05296],
                    "b": [0.482468, 0.05296],
                    "depthM": 0.09,
                    "sillM": 0.85,
                    "heightM": 1.45,
                    "basis": "CAD facade bank and swing symbols; inferred glazing type, sill and head"
                  },
                  {
                    "kind": "door",
                    "a": [0.389346, 0.193887],
                    "b": [0.389346, 0.20805],
                    "depthM": 0.13,
                    "sillM": 0,
                    "heightM": 2.1,
                    "hinge": [0.390671, 0.206953],
                    "openTip": [0.402973, 0.206953],
                    "basis": "CAD door swing; inferred head height"
                  },
                  {
                    "kind": "window",
                    "a": [0.358038, 0.050616],
                    "b": [0.359764, 0.050616],
                    "depthM": 0.325,
                    "sillM": 0.85,
                    "heightM": 1.45,
                    "basis": "CAD facade bank and swing symbols; inferred glazing type, sill and head"
                  },
                  {
                    "kind": "glazedDoor",
                    "a": [0.359764, 0.050616],
                    "b": [0.376401, 0.050616],
                    "depthM": 0.325,
                    "sillM": 0,
                    "heightM": 2.3,
                    "basis": "CAD facade bank and swing symbols; inferred glazing type, sill and head"
                  },
                  {
                    "kind": "window",
                    "a": [0.376401, 0.050616],
                    "b": [0.394765, 0.050616],
                    "depthM": 0.325,
                    "sillM": 0.85,
                    "heightM": 1.45,
                    "basis": "CAD facade bank and swing symbols; inferred glazing type, sill and head"
                  },
                  {
                    "kind": "door",
                    "a": [0.362152, 0.263852],
                    "b": [0.383124, 0.263852],
                    "depthM": 0.195,
                    "sillM": 0,
                    "heightM": 2.1,
                    "hinge": [0.363436, 0.265777],
                    "openTip": [0.363436, 0.284029],
                    "basis": "CAD door swing; inferred head height"
                  },
                  {
                    "kind": "door",
                    "a": [0.635798, 0.232086],
                    "b": [0.635798, 0.254427],
                    "depthM": 0.12,
                    "sillM": 0,
                    "heightM": 2.1,
                    "hinge": [0.634594, 0.233363],
                    "openTip": [0.614504, 0.233363],
                    "basis": "CAD door swing; inferred head height"
                  },
                  {
                    "kind": "window",
                    "a": [0.576473, 0.460882],
                    "b": [0.588575, 0.460882],
                    "depthM": 0.12,
                    "sillM": 0.85,
                    "heightM": 1.45,
                    "basis": "CAD facade bank and swing symbols; inferred glazing type, sill and head"
                  },
                  {
                    "kind": "door",
                    "a": [0.703933, 0.361046],
                    "b": [0.72039, 0.361046],
                    "depthM": 0.12,
                    "sillM": 0,
                    "heightM": 2.1,
                    "hinge": [0.719086, 0.359849],
                    "openTip": [0.719086, 0.346105],
                    "basis": "CAD door swing; inferred head height"
                  },
                  {
                    "kind": "door",
                    "a": [0.746079, 0.361046],
                    "b": [0.762536, 0.361046],
                    "depthM": 0.12,
                    "sillM": 0,
                    "heightM": 2.1,
                    "hinge": [0.761211, 0.359849],
                    "openTip": [0.761211, 0.346105],
                    "basis": "CAD door swing; inferred head height"
                  },
                  {
                    "kind": "door",
                    "a": [0.616832, 0.460882],
                    "b": [0.631182, 0.460882],
                    "depthM": 0.12,
                    "sillM": 0,
                    "heightM": 2.1,
                    "hinge": [0.630058, 0.459705],
                    "openTip": [0.630058, 0.447457],
                    "basis": "CAD door swing; inferred head height"
                  }
                ],
                "stairs": [
                  {
                    "a": [0.60569, 0.274159],
                    "b": [0.590025, 0.274159],
                    "widthPdfPoints": 7.2,
                    "steps": 3,
                    "riseFraction": [0, 0.2],
                    "widthM": 1.2918816,
                    "fromM": 0,
                    "toM": 0.6000000000000001
                  },
                  {
                    "a": [0.576413, 0.287581],
                    "b": [0.576413, 0.332319],
                    "widthPdfPoints": 7.2,
                    "steps": 9,
                    "riseFraction": [0.2, 0.8],
                    "widthM": 1.2918816,
                    "fromM": 0.6000000000000001,
                    "toM": 2.4000000000000004
                  },
                  {
                    "a": [0.590025, 0.345383],
                    "b": [0.60569, 0.345383],
                    "widthPdfPoints": 7.2,
                    "steps": 3,
                    "riseFraction": [0.8, 1],
                    "widthM": 1.2918816,
                    "fromM": 2.4000000000000004,
                    "toM": 3
                  }
                ],
                "landings": [],
                "platforms": [
                  {
                    "rings": [
                      [
                        [0.562838, 0.261632],
                        [0.590025, 0.261632],
                        [0.590025, 0.287581],
                        [0.562838, 0.287581]
                      ]
                    ],
                    "elevationM": 0.6000000000000001
                  },
                  {
                    "rings": [
                      [
                        [0.562838, 0.332319],
                        [0.590025, 0.332319],
                        [0.590025, 0.358268],
                        [0.562838, 0.358268]
                      ]
                    ],
                    "elevationM": 2.4000000000000004
                  }
                ],
                "railings": [
                  {
                    "a": [0.542776, 0.891344],
                    "b": [0.542777, 0.949529],
                    "heightM": 1.05
                  },
                  {
                    "a": [0.542777, 0.949529],
                    "b": [0.558531, 0.94953],
                    "heightM": 1.05
                  },
                  {
                    "a": [0.542777, 0.958765],
                    "b": [0.542777, 0.999999],
                    "heightM": 1.05
                  },
                  {
                    "a": [0.543419, 0.997204],
                    "b": [0.753224, 0.997204],
                    "heightM": 1.05
                  },
                  {
                    "a": [0.753866, 0.999999],
                    "b": [0.753866, 0.958765],
                    "heightM": 1.05
                  },
                  {
                    "a": [0.756234, 0.958765],
                    "b": [0.756235, 0.999999],
                    "heightM": 1.05
                  },
                  {
                    "a": [0.756897, 0.997204],
                    "b": [0.966682, 0.997204],
                    "heightM": 1.05
                  },
                  {
                    "a": [0.967324, 0.999999],
                    "b": [0.967324, 0.958765],
                    "heightM": 1.05
                  },
                  {
                    "a": [0.95159, 0.94953],
                    "b": [0.967324, 0.949529],
                    "heightM": 1.05
                  },
                  {
                    "a": [0.967324, 0.949529],
                    "b": [0.967324, 0.891343],
                    "heightM": 1.05
                  }
                ],
                "inference": {
                  "wallFootprints": "closed CAD outlines",
                  "openings": "CAD swing symbols and adjoining jambs",
                  "verticalDimensions": "estimated",
                  "glazingTypes": "inferred",
                  "stairRise": "paired flights split the storey; single flights use storey height / 18 per tread"
                },
                "quality": {
                  "sourceSwingSymbols": 61,
                  "modelledOpenings": 83,
                  "wallAreaM2": 194.42,
                  "floorAreaM2": 1737.97
                }
              }
            },
            {
              "id": "F-layout-2",
              "source": {
                "url": "https://pionir.hr/wp-content/katalozi/spansko_sjever/objekt_f/Spansko_sjever-F-126.pdf",
                "sha256": "39f1cc61f36f49045836415c66ae2dec320df7a7e58242b075985410aef52c7f",
                "page": 1,
                "crop": [146.6, 526.4, 424.3, 805.8],
                "wallExtraction": "orthogonal-network",
                "reviewedStairGeometry": {
                  "flights": [
                    {
                      "a": [0.60569, 0.274159],
                      "b": [0.590025, 0.274159],
                      "widthPdfPoints": 7.2,
                      "steps": 3,
                      "riseFraction": [0, 0.2]
                    },
                    {
                      "a": [0.576413, 0.287581],
                      "b": [0.576413, 0.332319],
                      "widthPdfPoints": 7.2,
                      "steps": 9,
                      "riseFraction": [0.2, 0.8]
                    },
                    {
                      "a": [0.590025, 0.345383],
                      "b": [0.60569, 0.345383],
                      "widthPdfPoints": 7.2,
                      "steps": 3,
                      "riseFraction": [0.8, 1]
                    }
                  ],
                  "landings": [
                    [
                      [0.562838, 0.261632],
                      [0.590025, 0.261632],
                      [0.590025, 0.287581],
                      [0.562838, 0.287581]
                    ],
                    [
                      [0.562838, 0.332319],
                      [0.590025, 0.332319],
                      [0.590025, 0.358268],
                      [0.562838, 0.358268]
                    ]
                  ],
                  "voids": [
                    [
                      [0.562838, 0.261632],
                      [0.60641, 0.261632],
                      [0.60641, 0.358268],
                      [0.562838, 0.358268]
                    ]
                  ],
                  "landingRiseFractions": [0.2, 0.8]
                }
              },
              "sourceVectorSha256": "7d004b004f298a8a2db239ee59a601a4a15ac17a374c11768a85ecff20b1a315",
              "architecture": {
                "schema": "consensus-builder.floor-architecture.v1",
                "dimensionsM": [49.8272, 50.1322],
                "wallHeightM": 2.8,
                "slabThicknessM": 0.2,
                "walls": [
                  [
                    [
                      [0.770062, 0.847559],
                      [0.776585, 0.847559],
                      [0.776585, 0.844069],
                      [0.795751, 0.844069],
                      [0.795751, 0.841475],
                      [0.776585, 0.841475],
                      [0.776585, 0.798389],
                      [0.813312, 0.798389],
                      [0.813312, 0.810557],
                      [0.82455, 0.810557],
                      [0.82455, 0.841475],
                      [0.810301, 0.841475],
                      [0.810301, 0.844069],
                      [0.833582, 0.844069],
                      [0.833582, 0.842174],
                      [0.828665, 0.842174],
                      [0.828665, 0.798389],
                      [0.848935, 0.798389],
                      [0.848935, 0.842174],
                      [0.847831, 0.842174],
                      [0.847831, 0.844069],
                      [0.851945, 0.844069],
                      [0.851945, 0.842174],
                      [0.851042, 0.842174],
                      [0.851042, 0.798389],
                      [0.967344, 0.798389],
                      [0.967344, 0.854142],
                      [0.883755, 0.854142],
                      [0.883755, 0.842174],
                      [0.868402, 0.842174],
                      [0.868402, 0.844069],
                      [0.869506, 0.844069],
                      [0.869506, 0.870499],
                      [0.867298, 0.870499],
                      [0.867298, 0.872394],
                      [0.871412, 0.872394],
                      [0.871412, 0.858231],
                      [0.967344, 0.858231],
                      [0.967344, 0.88875],
                      [0.96905, 0.88875],
                      [0.96905, 0.872394],
                      [0.970354, 0.872394],
                      [0.970354, 0.88875],
                      [0.973766, 0.88875],
                      [0.973766, 0.798988],
                      [0.998652, 0.798988],
                      [0.998652, 0.667535],
                      [0.994939, 0.667535],
                      [0.994939, 0.791906],
                      [0.953496, 0.791906],
                      [0.953496, 0.760988],
                      [0.950084, 0.760988],
                      [0.950084, 0.763382],
                      [0.948579, 0.763382],
                      [0.948579, 0.760988],
                      [0.946974, 0.760988],
                      [0.946974, 0.7945],
                      [0.830571, 0.7945],
                      [0.830571, 0.755802],
                      [0.831675, 0.755802],
                      [0.831675, 0.753907],
                      [0.805083, 0.753907],
                      [0.805083, 0.756301],
                      [0.826457, 0.756301],
                      [0.826457, 0.7945],
                      [0.78973, 0.7945],
                      [0.78973, 0.787418],
                      [0.776585, 0.787418],
                      [0.776585, 0.756301],
                      [0.790834, 0.756301],
                      [0.790834, 0.753907],
                      [0.776585, 0.753907],
                      [0.776585, 0.751713],
                      [0.775079, 0.751713],
                      [0.775079, 0.750915],
                      [0.770062, 0.750915]
                    ],
                    [
                      [0.96905, 0.851848],
                      [0.96905, 0.815345],
                      [0.970354, 0.815345],
                      [0.970354, 0.851848]
                    ],
                    [
                      [0.950084, 0.776447],
                      [0.950084, 0.77924],
                      [0.948579, 0.77924],
                      [0.948579, 0.776447]
                    ]
                  ],
                  [
                    [
                      [0.998652, 0.661551],
                      [0.998652, 0.535285],
                      [0.994939, 0.535285],
                      [0.994939, 0.661551]
                    ]
                  ],
                  [
                    [
                      [0.998652, 0.529899],
                      [0.998652, 0.403832],
                      [0.994939, 0.403832],
                      [0.994939, 0.529899]
                    ]
                  ],
                  [
                    [
                      [0.998652, 0.318658],
                      [0.994939, 0.318658],
                      [0.994939, 0.398048],
                      [0.998652, 0.398048]
                    ]
                  ],
                  [
                    [
                      [0.776585, 0.383486],
                      [0.770062, 0.383486],
                      [0.770062, 0.452205],
                      [0.762536, 0.452205],
                      [0.762536, 0.459685],
                      [0.761432, 0.459685],
                      [0.761432, 0.462078],
                      [0.770062, 0.462078],
                      [0.770062, 0.467863],
                      [0.775079, 0.467863],
                      [0.775079, 0.467265],
                      [0.776585, 0.467265],
                      [0.776585, 0.453501],
                      [0.82455, 0.453501],
                      [0.82455, 0.465669],
                      [0.828665, 0.465669],
                      [0.828665, 0.463774],
                      [0.826457, 0.463774],
                      [0.826457, 0.450908],
                      [0.776585, 0.450908],
                      [0.776585, 0.415003],
                      [0.788626, 0.415003],
                      [0.788626, 0.402835],
                      [0.826457, 0.402835],
                      [0.826457, 0.415003],
                      [0.830571, 0.415003],
                      [0.830571, 0.402835],
                      [0.946974, 0.402835],
                      [0.946974, 0.426173],
                      [0.953496, 0.426173],
                      [0.953496, 0.402835],
                      [0.99805, 0.402835],
                      [0.99805, 0.398746],
                      [0.953496, 0.398746],
                      [0.953496, 0.385581],
                      [0.946974, 0.385581],
                      [0.946974, 0.398746],
                      [0.788626, 0.398746],
                      [0.788626, 0.386478],
                      [0.776585, 0.386478]
                    ]
                  ],
                  [
                    [
                      [0.776585, 0.577374],
                      [0.776585, 0.575279],
                      [0.790834, 0.575279],
                      [0.790834, 0.572686],
                      [0.776585, 0.572686],
                      [0.776585, 0.541768],
                      [0.78973, 0.541768],
                      [0.78973, 0.534686],
                      [0.826457, 0.534686],
                      [0.826457, 0.572686],
                      [0.805083, 0.572686],
                      [0.805083, 0.575279],
                      [0.831675, 0.575279],
                      [0.831675, 0.573284],
                      [0.830571, 0.573284],
                      [0.830571, 0.534686],
                      [0.946974, 0.534686],
                      [0.946974, 0.568098],
                      [0.948579, 0.568098],
                      [0.948579, 0.565804],
                      [0.950084, 0.565804],
                      [0.950084, 0.568098],
                      [0.953496, 0.568098],
                      [0.953496, 0.534686],
                      [0.99805, 0.534686],
                      [0.99805, 0.530597],
                      [0.953496, 0.530597],
                      [0.953496, 0.497086],
                      [0.950084, 0.497086],
                      [0.950084, 0.499679],
                      [0.948579, 0.499679],
                      [0.948579, 0.497086],
                      [0.946974, 0.497086],
                      [0.946974, 0.530597],
                      [0.830571, 0.530597],
                      [0.830571, 0.492099],
                      [0.831675, 0.492099],
                      [0.831675, 0.490005],
                      [0.805083, 0.490005],
                      [0.805083, 0.492598],
                      [0.826457, 0.492598],
                      [0.826457, 0.530597],
                      [0.78973, 0.530597],
                      [0.78973, 0.523516],
                      [0.776585, 0.523516],
                      [0.776585, 0.492598],
                      [0.790834, 0.492598],
                      [0.790834, 0.490005],
                      [0.776585, 0.490005],
                      [0.776585, 0.48801],
                      [0.775079, 0.48801],
                      [0.775079, 0.487212],
                      [0.770062, 0.487212],
                      [0.770062, 0.577374]
                    ],
                    [
                      [0.950084, 0.549846],
                      [0.950084, 0.552639],
                      [0.948579, 0.552639],
                      [0.948579, 0.549846]
                    ],
                    [
                      [0.950084, 0.512744],
                      [0.950084, 0.515338],
                      [0.948579, 0.515338],
                      [0.948579, 0.512744]
                    ]
                  ],
                  [
                    [
                      [0.826457, 0.60161],
                      [0.828665, 0.60161],
                      [0.828665, 0.599715],
                      [0.82455, 0.599715],
                      [0.82455, 0.611783],
                      [0.776585, 0.611783],
                      [0.776585, 0.598219],
                      [0.770062, 0.598219],
                      [0.770062, 0.731765],
                      [0.775079, 0.731765],
                      [0.775079, 0.730968],
                      [0.773976, 0.730968],
                      [0.773976, 0.726579],
                      [0.776585, 0.726579],
                      [0.776585, 0.729172],
                      [0.780699, 0.729172],
                      [0.780699, 0.717403],
                      [0.82455, 0.717403],
                      [0.82455, 0.729372],
                      [0.828665, 0.729372],
                      [0.828665, 0.727477],
                      [0.826457, 0.727477],
                      [0.826457, 0.71481],
                      [0.776585, 0.71481],
                      [0.776585, 0.678706],
                      [0.788626, 0.678706],
                      [0.788626, 0.666538],
                      [0.826457, 0.666538],
                      [0.826457, 0.678706],
                      [0.830571, 0.678706],
                      [0.830571, 0.666538],
                      [0.946974, 0.666538],
                      [0.946974, 0.689876],
                      [0.953496, 0.689876],
                      [0.953496, 0.666538],
                      [0.99805, 0.666538],
                      [0.99805, 0.662449],
                      [0.953496, 0.662449],
                      [0.953496, 0.63921],
                      [0.946974, 0.63921],
                      [0.946974, 0.662449],
                      [0.830571, 0.662449],
                      [0.830571, 0.650381],
                      [0.826457, 0.650381],
                      [0.826457, 0.662449],
                      [0.788626, 0.662449],
                      [0.788626, 0.650381],
                      [0.776585, 0.650381],
                      [0.776585, 0.614276],
                      [0.826457, 0.614276]
                    ]
                  ],
                  [
                    [
                      [0.704636, 0.313471],
                      [0.649746, 0.313471],
                      [0.649746, 0.267892],
                      [0.675034, 0.267892],
                      [0.675034, 0.265398],
                      [0.673729, 0.265398],
                      [0.673729, 0.261509],
                      [0.637002, 0.261509],
                      [0.637002, 0.254427],
                      [0.634594, 0.254427],
                      [0.634594, 0.362242],
                      [0.647338, 0.362242],
                      [0.647338, 0.358153],
                      [0.638708, 0.358153],
                      [0.638708, 0.31756],
                      [0.687778, 0.31756],
                      [0.687778, 0.358153],
                      [0.679148, 0.358153],
                      [0.679148, 0.362242],
                      [0.703933, 0.362242],
                      [0.703933, 0.359849],
                      [0.691892, 0.359849],
                      [0.691892, 0.326138],
                      [0.702428, 0.326138],
                      [0.702428, 0.31756],
                      [0.732733, 0.31756],
                      [0.732733, 0.359849],
                      [0.72039, 0.359849],
                      [0.72039, 0.362242],
                      [0.746079, 0.362242],
                      [0.746079, 0.359849],
                      [0.735041, 0.359849],
                      [0.735041, 0.31756],
                      [0.762536, 0.31756],
                      [0.762536, 0.326138],
                      [0.77247, 0.326138],
                      [0.77247, 0.359849],
                      [0.762536, 0.359849],
                      [0.762536, 0.362242],
                      [0.773976, 0.362242],
                      [0.773976, 0.362641],
                      [0.776585, 0.362641],
                      [0.776585, 0.35556],
                      [0.791938, 0.35556],
                      [0.791938, 0.353166],
                      [0.776585, 0.353166],
                      [0.776585, 0.330825],
                      [0.783709, 0.330825],
                      [0.783709, 0.31756],
                      [0.826457, 0.31756],
                      [0.826457, 0.353166],
                      [0.806187, 0.353166],
                      [0.806187, 0.35556],
                      [0.830571, 0.35556],
                      [0.830571, 0.31756],
                      [0.946974, 0.31756],
                      [0.946974, 0.349077],
                      [0.953496, 0.349077],
                      [0.953496, 0.31756],
                      [0.99805, 0.31756],
                      [0.99805, 0.313471],
                      [0.953496, 0.313471],
                      [0.953496, 0.002493],
                      [0.765948, 0.002493],
                      [0.765948, 0.006184],
                      [0.946372, 0.006184],
                      [0.946372, 0.047375],
                      [0.880644, 0.047375],
                      [0.880644, 0.053858],
                      [0.946974, 0.053858],
                      [0.946974, 0.203263],
                      [0.865793, 0.203263],
                      [0.865793, 0.191294],
                      [0.851042, 0.191294],
                      [0.851042, 0.203961],
                      [0.850038, 0.203961],
                      [0.850038, 0.205856],
                      [0.851042, 0.205856],
                      [0.851042, 0.21922],
                      [0.853049, 0.21922],
                      [0.853049, 0.205856],
                      [0.946974, 0.205856],
                      [0.946974, 0.258716],
                      [0.853049, 0.258716],
                      [0.853049, 0.235278],
                      [0.851042, 0.235278],
                      [0.851042, 0.253729],
                      [0.848935, 0.253729],
                      [0.848935, 0.255724],
                      [0.851042, 0.255724],
                      [0.851042, 0.260811],
                      [0.946974, 0.260811],
                      [0.946974, 0.313471],
                      [0.830571, 0.313471],
                      [0.830571, 0.255724],
                      [0.832678, 0.255724],
                      [0.832678, 0.253729],
                      [0.809197, 0.253729],
                      [0.809197, 0.255724],
                      [0.826457, 0.255724],
                      [0.826457, 0.313471],
                      [0.78973, 0.313471],
                      [0.78973, 0.30639],
                      [0.776585, 0.30639],
                      [0.776585, 0.255724],
                      [0.794948, 0.255724],
                      [0.794948, 0.253729],
                      [0.764643, 0.253729],
                      [0.764643, 0.255724],
                      [0.773976, 0.255724],
                      [0.773976, 0.313471],
                      [0.706944, 0.313471],
                      [0.706944, 0.251136],
                      [0.705639, 0.251136],
                      [0.705639, 0.250538],
                      [0.701124, 0.250538],
                      [0.701124, 0.265398],
                      [0.69139, 0.265398],
                      [0.69139, 0.267892],
                      [0.704636, 0.267892]
                    ],
                    [
                      [0.950084, 0.285944],
                      [0.948579, 0.285944],
                      [0.948579, 0.284249],
                      [0.950084, 0.284249]
                    ],
                    [
                      [0.950084, 0.229294],
                      [0.948579, 0.229294],
                      [0.948579, 0.227299],
                      [0.950084, 0.227299]
                    ],
                    [
                      [0.950084, 0.300605],
                      [0.950084, 0.303398],
                      [0.948579, 0.303398],
                      [0.948579, 0.300605]
                    ],
                    [
                      [0.950084, 0.266894],
                      [0.950084, 0.269687],
                      [0.948579, 0.269687],
                      [0.948579, 0.266894]
                    ],
                    [
                      [0.950084, 0.243855],
                      [0.950084, 0.246648],
                      [0.948579, 0.246648],
                      [0.948579, 0.243855]
                    ],
                    [
                      [0.950084, 0.191095],
                      [0.950084, 0.193887],
                      [0.948579, 0.193887],
                      [0.948579, 0.191095]
                    ],
                    [
                      [0.950084, 0.175636],
                      [0.950084, 0.178428],
                      [0.948579, 0.178428],
                      [0.948579, 0.175636]
                    ],
                    [
                      [0.950084, 0.156686],
                      [0.950084, 0.159279],
                      [0.948579, 0.159279],
                      [0.948579, 0.156686]
                    ],
                    [
                      [0.950084, 0.141027],
                      [0.950084, 0.14382],
                      [0.948579, 0.14382],
                      [0.948579, 0.141027]
                    ],
                    [
                      [0.950084, 0.122077],
                      [0.950084, 0.12487],
                      [0.948579, 0.12487],
                      [0.948579, 0.122077]
                    ],
                    [
                      [0.950084, 0.106618],
                      [0.950084, 0.109211],
                      [0.948579, 0.109211],
                      [0.948579, 0.106618]
                    ],
                    [
                      [0.950084, 0.087568],
                      [0.950084, 0.090361],
                      [0.948579, 0.090361],
                      [0.948579, 0.087568]
                    ],
                    [
                      [0.950084, 0.072109],
                      [0.950084, 0.074902],
                      [0.948579, 0.074902],
                      [0.948579, 0.072109]
                    ],
                    [
                      [0.950084, 0.209945],
                      [0.950084, 0.212738],
                      [0.948579, 0.212738],
                      [0.948579, 0.209945]
                    ]
                  ],
                  [
                    [
                      [0.878537, 0.956172],
                      [0.967344, 0.956172],
                      [0.967344, 0.953579],
                      [0.948981, 0.953579],
                      [0.948981, 0.952781],
                      [0.946171, 0.952781],
                      [0.946171, 0.951285],
                      [0.948981, 0.951285],
                      [0.948981, 0.94949],
                      [0.878537, 0.94949]
                    ],
                    [
                      [0.932724, 0.951285],
                      [0.935333, 0.951285],
                      [0.935333, 0.952781],
                      [0.932724, 0.952781]
                    ]
                  ],
                  [
                    [
                      [0.851945, 0.60161],
                      [0.851945, 0.589442],
                      [0.946974, 0.589442],
                      [0.946974, 0.602707],
                      [0.953496, 0.602707],
                      [0.953496, 0.58635],
                      [0.946974, 0.58635],
                      [0.946974, 0.587447],
                      [0.851945, 0.587447],
                      [0.851945, 0.573284],
                      [0.847831, 0.573284],
                      [0.847831, 0.575279],
                      [0.850038, 0.575279],
                      [0.850038, 0.599715],
                      [0.847028, 0.599715],
                      [0.847028, 0.60161]
                    ]
                  ],
                  [
                    [
                      [0.847831, 0.492099],
                      [0.851945, 0.492099],
                      [0.851945, 0.477936],
                      [0.946974, 0.477936],
                      [0.946974, 0.478834],
                      [0.953496, 0.478834],
                      [0.953496, 0.462677],
                      [0.946974, 0.462677],
                      [0.946974, 0.475842],
                      [0.851945, 0.475842],
                      [0.851945, 0.463774],
                      [0.847028, 0.463774],
                      [0.847028, 0.465669],
                      [0.850038, 0.465669],
                      [0.850038, 0.490005],
                      [0.847831, 0.490005]
                    ]
                  ],
                  [
                    [
                      [0.851945, 0.741639],
                      [0.946974, 0.741639],
                      [0.946974, 0.742736],
                      [0.953496, 0.742736],
                      [0.953496, 0.72638],
                      [0.946974, 0.72638],
                      [0.946974, 0.739545],
                      [0.851945, 0.739545],
                      [0.851945, 0.727477],
                      [0.847028, 0.727477],
                      [0.847028, 0.729372],
                      [0.850038, 0.729372],
                      [0.850038, 0.753907],
                      [0.847831, 0.753907],
                      [0.847831, 0.755802],
                      [0.851945, 0.755802]
                    ]
                  ],
                  [
                    [
                      [0.950084, 0.709026],
                      [0.948579, 0.709026],
                      [0.948579, 0.723587],
                      [0.950084, 0.723587]
                    ]
                  ],
                  [
                    [
                      [0.948579, 0.74533],
                      [0.948579, 0.758395],
                      [0.950084, 0.758395],
                      [0.950084, 0.74533]
                    ]
                  ],
                  [
                    [
                      [0.948579, 0.368227],
                      [0.948579, 0.382788],
                      [0.950084, 0.382788],
                      [0.950084, 0.368227]
                    ]
                  ],
                  [
                    [
                      [0.948579, 0.692669],
                      [0.948579, 0.70733],
                      [0.950084, 0.70733],
                      [0.950084, 0.692669]
                    ]
                  ],
                  [
                    [
                      [0.948579, 0.621856],
                      [0.948579, 0.636418],
                      [0.950084, 0.636418],
                      [0.950084, 0.621856]
                    ]
                  ],
                  [
                    [
                      [0.948579, 0.428766],
                      [0.948579, 0.443627],
                      [0.950084, 0.443627],
                      [0.950084, 0.428766]
                    ]
                  ],
                  [
                    [
                      [0.948579, 0.445323],
                      [0.948579, 0.459884],
                      [0.950084, 0.459884],
                      [0.950084, 0.445323]
                    ]
                  ],
                  [
                    [
                      [0.950084, 0.481627],
                      [0.948579, 0.481627],
                      [0.948579, 0.494692],
                      [0.950084, 0.494692]
                    ]
                  ],
                  [
                    [
                      [0.949181, 0.570492],
                      [0.949181, 0.583657],
                      [0.950084, 0.583657],
                      [0.950084, 0.570492]
                    ]
                  ],
                  [
                    [
                      [0.948579, 0.35167],
                      [0.948579, 0.366332],
                      [0.950084, 0.366332],
                      [0.950084, 0.35167]
                    ]
                  ],
                  [
                    [
                      [0.875727, 0.951285],
                      [0.861077, 0.951285],
                      [0.861077, 0.952781],
                      [0.875727, 0.952781]
                    ]
                  ],
                  [
                    [
                      [0.85927, 0.951285],
                      [0.84462, 0.951285],
                      [0.84462, 0.952781],
                      [0.85927, 0.952781]
                    ]
                  ],
                  [
                    [
                      [0.811104, 0.874588],
                      [0.82455, 0.874588],
                      [0.82455, 0.94949],
                      [0.811104, 0.94949],
                      [0.811104, 0.956172],
                      [0.84181, 0.956172],
                      [0.84181, 0.94949],
                      [0.828665, 0.94949],
                      [0.828665, 0.884661],
                      [0.847831, 0.884661],
                      [0.847831, 0.872394],
                      [0.848935, 0.872394],
                      [0.848935, 0.870499],
                      [0.845924, 0.870499],
                      [0.845924, 0.882766],
                      [0.828665, 0.882766],
                      [0.828665, 0.870499],
                      [0.811104, 0.870499]
                    ]
                  ],
                  [
                    [
                      [0.813512, 0.169552],
                      [0.813512, 0.173441],
                      [0.828665, 0.173441],
                      [0.828665, 0.205856],
                      [0.831675, 0.205856],
                      [0.831675, 0.203961],
                      [0.830571, 0.203961],
                      [0.830571, 0.053858],
                      [0.843917, 0.053858],
                      [0.843917, 0.047375],
                      [0.826457, 0.047375],
                      [0.826457, 0.169552]
                    ]
                  ],
                  [
                    [
                      [0.808495, 0.951285],
                      [0.795349, 0.951285],
                      [0.795349, 0.952781],
                      [0.808495, 0.952781]
                    ]
                  ],
                  [
                    [
                      [0.703933, 0.209047],
                      [0.703933, 0.22331],
                      [0.702027, 0.22331],
                      [0.702027, 0.224806],
                      [0.701124, 0.224806],
                      [0.701124, 0.231189],
                      [0.705639, 0.231189],
                      [0.705639, 0.230391],
                      [0.704636, 0.230391],
                      [0.704636, 0.227299],
                      [0.796253, 0.227299],
                      [0.796253, 0.221115],
                      [0.794246, 0.221115],
                      [0.794246, 0.224806],
                      [0.765346, 0.224806],
                      [0.765346, 0.191693],
                      [0.771768, 0.191693],
                      [0.771768, 0.173441],
                      [0.794246, 0.173441],
                      [0.794246, 0.206953],
                      [0.796253, 0.206953],
                      [0.796253, 0.173441],
                      [0.797055, 0.173441],
                      [0.797055, 0.169552],
                      [0.765346, 0.169552],
                      [0.765346, 0.053858],
                      [0.808093, 0.053858],
                      [0.808093, 0.052062],
                      [0.78973, 0.052062],
                      [0.78973, 0.050866],
                      [0.808093, 0.050866],
                      [0.808093, 0.047375],
                      [0.765346, 0.047375],
                      [0.765346, 0.003192],
                      [0.761231, 0.003192],
                      [0.761231, 0.047375],
                      [0.733536, 0.047375],
                      [0.733536, 0.050866],
                      [0.751899, 0.050866],
                      [0.751899, 0.052062],
                      [0.733536, 0.052062],
                      [0.733536, 0.053858],
                      [0.761231, 0.053858],
                      [0.761231, 0.169552],
                      [0.704435, 0.169552],
                      [0.704435, 0.173441],
                      [0.716276, 0.173441],
                      [0.716276, 0.189798],
                      [0.703933, 0.189798],
                      [0.703933, 0.194885],
                      [0.706542, 0.194885],
                      [0.706542, 0.191693],
                      [0.718183, 0.191693],
                      [0.718183, 0.173441],
                      [0.761231, 0.173441],
                      [0.761231, 0.209945],
                      [0.754107, 0.209945],
                      [0.754107, 0.22331],
                      [0.706542, 0.22331],
                      [0.706542, 0.209047]
                    ]
                  ],
                  [
                    [
                      [0.71738, 0.951285],
                      [0.719688, 0.951285],
                      [0.719688, 0.952781],
                      [0.71738, 0.952781],
                      [0.71738, 0.956172],
                      [0.753906, 0.956172],
                      [0.753906, 0.955773],
                      [0.756214, 0.955773],
                      [0.756214, 0.956172],
                      [0.79274, 0.956172],
                      [0.79274, 0.952781],
                      [0.790332, 0.952781],
                      [0.790332, 0.951285],
                      [0.79274, 0.951285],
                      [0.79274, 0.94949],
                      [0.757117, 0.94949],
                      [0.757117, 0.874588],
                      [0.794948, 0.874588],
                      [0.794948, 0.870499],
                      [0.76946, 0.870499],
                      [0.76946, 0.867706],
                      [0.735041, 0.867706],
                      [0.735041, 0.868404],
                      [0.736145, 0.868404],
                      [0.736145, 0.870499],
                      [0.715172, 0.870499],
                      [0.715172, 0.874588],
                      [0.753003, 0.874588],
                      [0.753003, 0.94949],
                      [0.71738, 0.94949]
                    ],
                    [
                      [0.777187, 0.952781],
                      [0.774377, 0.952781],
                      [0.774377, 0.951285],
                      [0.777187, 0.951285]
                    ],
                    [
                      [0.735743, 0.951285],
                      [0.735743, 0.952781],
                      [0.732934, 0.952781],
                      [0.732934, 0.951285]
                    ]
                  ],
                  [
                    [
                      [0.760529, 0.002493],
                      [0.56415, 0.002493],
                      [0.56415, 0.006184],
                      [0.760529, 0.006184]
                    ]
                  ],
                  [
                    [
                      [0.507956, 0.265797],
                      [0.507956, 0.313471],
                      [0.495914, 0.313471],
                      [0.495914, 0.31756],
                      [0.497821, 0.31756],
                      [0.497821, 0.315566],
                      [0.510565, 0.315566],
                      [0.510565, 0.265797],
                      [0.546891, 0.265797],
                      [0.546891, 0.278065],
                      [0.558932, 0.278065],
                      [0.558932, 0.315566],
                      [0.546891, 0.315566],
                      [0.546891, 0.319655],
                      [0.557427, 0.319655],
                      [0.557427, 0.435249],
                      [0.535652, 0.435249],
                      [0.535652, 0.441632],
                      [0.556624, 0.441632],
                      [0.556624, 0.475842],
                      [0.43109, 0.475842],
                      [0.43109, 0.479433],
                      [0.556624, 0.479433],
                      [0.556624, 0.529899],
                      [0.53806, 0.529899],
                      [0.53806, 0.53718],
                      [0.543679, 0.53718],
                      [0.543679, 0.661551],
                      [0.548797, 0.661551],
                      [0.548797, 0.53718],
                      [0.580105, 0.53718],
                      [0.580105, 0.602707],
                      [0.586628, 0.602707],
                      [0.586628, 0.589442],
                      [0.651051, 0.589442],
                      [0.651051, 0.60161],
                      [0.666404, 0.60161],
                      [0.666404, 0.599715],
                      [0.652957, 0.599715],
                      [0.652957, 0.575279],
                      [0.666404, 0.575279],
                      [0.666404, 0.573284],
                      [0.651051, 0.573284],
                      [0.651051, 0.587447],
                      [0.586628, 0.587447],
                      [0.586628, 0.534686],
                      [0.683663, 0.534686],
                      [0.683663, 0.573284],
                      [0.68256, 0.573284],
                      [0.68256, 0.575279],
                      [0.705037, 0.575279],
                      [0.705037, 0.572686],
                      [0.687778, 0.572686],
                      [0.687778, 0.534686],
                      [0.726411, 0.534686],
                      [0.726411, 0.547951],
                      [0.733536, 0.547951],
                      [0.733536, 0.572686],
                      [0.719286, 0.572686],
                      [0.719286, 0.575279],
                      [0.733536, 0.575279],
                      [0.733536, 0.577374],
                      [0.735041, 0.577374],
                      [0.735041, 0.578072],
                      [0.73765, 0.578072],
                      [0.73765, 0.534686],
                      [0.737048, 0.534686],
                      [0.737048, 0.482225],
                      [0.73464, 0.482225],
                      [0.73464, 0.484419],
                      [0.72039, 0.484419],
                      [0.72039, 0.486713],
                      [0.73464, 0.486713],
                      [0.73464, 0.529101],
                      [0.691892, 0.529101],
                      [0.691892, 0.486713],
                      [0.706141, 0.486713],
                      [0.706141, 0.484419],
                      [0.674331, 0.484419],
                      [0.674331, 0.486713],
                      [0.687778, 0.486713],
                      [0.687778, 0.529101],
                      [0.646936, 0.529101],
                      [0.646936, 0.486713],
                      [0.660082, 0.486713],
                      [0.660082, 0.484419],
                      [0.631182, 0.484419],
                      [0.631182, 0.486713],
                      [0.644327, 0.486713],
                      [0.644327, 0.529101],
                      [0.603486, 0.529101],
                      [0.603486, 0.486713],
                      [0.616832, 0.486713],
                      [0.616832, 0.484419],
                      [0.589638, 0.484419],
                      [0.589638, 0.486713],
                      [0.601078, 0.486713],
                      [0.601078, 0.529101],
                      [0.563046, 0.529101],
                      [0.563046, 0.486713],
                      [0.575389, 0.486713],
                      [0.575389, 0.484419],
                      [0.563046, 0.484419],
                      [0.563046, 0.462078],
                      [0.575389, 0.462078],
                      [0.575389, 0.459685],
                      [0.563046, 0.459685],
                      [0.563046, 0.416998],
                      [0.601078, 0.416998],
                      [0.601078, 0.459685],
                      [0.589638, 0.459685],
                      [0.589638, 0.462078],
                      [0.616832, 0.462078],
                      [0.616832, 0.459685],
                      [0.603486, 0.459685],
                      [0.603486, 0.416998],
                      [0.644327, 0.416998],
                      [0.644327, 0.459685],
                      [0.631182, 0.459685],
                      [0.631182, 0.462078],
                      [0.660082, 0.462078],
                      [0.660082, 0.459685],
                      [0.646936, 0.459685],
                      [0.646936, 0.416998],
                      [0.687778, 0.416998],
                      [0.687778, 0.459685],
                      [0.674331, 0.459685],
                      [0.674331, 0.462078],
                      [0.706141, 0.462078],
                      [0.706141, 0.459685],
                      [0.691892, 0.459685],
                      [0.691892, 0.416998],
                      [0.73464, 0.416998],
                      [0.73464, 0.459685],
                      [0.72039, 0.459685],
                      [0.72039, 0.462078],
                      [0.738954, 0.462078],
                      [0.738954, 0.459685],
                      [0.737048, 0.459685],
                      [0.737048, 0.412908],
                      [0.608002, 0.412908],
                      [0.608002, 0.403234],
                      [0.603888, 0.403234],
                      [0.603888, 0.412908],
                      [0.563046, 0.412908],
                      [0.563046, 0.362242],
                      [0.603888, 0.362242],
                      [0.603888, 0.371917],
                      [0.608002, 0.371917],
                      [0.608002, 0.358153],
                      [0.563046, 0.358153],
                      [0.563046, 0.261509],
                      [0.564552, 0.261509],
                      [0.564552, 0.26101],
                      [0.549299, 0.26101],
                      [0.549299, 0.253131],
                      [0.546891, 0.253131],
                      [0.546891, 0.261908],
                      [0.493506, 0.261908],
                      [0.493506, 0.264501],
                      [0.494409, 0.264501],
                      [0.494409, 0.265797]
                    ],
                    [
                      [0.583618, 0.550943],
                      [0.584922, 0.550943],
                      [0.584922, 0.587447],
                      [0.583618, 0.587447]
                    ]
                  ],
                  [
                    [
                      [0.538662, 0.662449],
                      [0.538662, 0.666538],
                      [0.580105, 0.666538],
                      [0.580105, 0.689876],
                      [0.586628, 0.689876],
                      [0.586628, 0.666538],
                      [0.721494, 0.666538],
                      [0.721494, 0.678706],
                      [0.733536, 0.678706],
                      [0.733536, 0.727477],
                      [0.684767, 0.727477],
                      [0.684767, 0.729372],
                      [0.733536, 0.729372],
                      [0.733536, 0.730968],
                      [0.73765, 0.730968],
                      [0.73765, 0.597321],
                      [0.735041, 0.597321],
                      [0.735041, 0.598219],
                      [0.733536, 0.598219],
                      [0.733536, 0.599715],
                      [0.684767, 0.599715],
                      [0.684767, 0.60161],
                      [0.733536, 0.60161],
                      [0.733536, 0.650381],
                      [0.721494, 0.650381],
                      [0.721494, 0.662449],
                      [0.586628, 0.662449],
                      [0.586628, 0.63921],
                      [0.580105, 0.63921],
                      [0.580105, 0.662449]
                    ]
                  ],
                  [
                    [
                      [0.539766, 0.88875],
                      [0.539766, 0.872394],
                      [0.54107, 0.872394],
                      [0.54107, 0.88875],
                      [0.542776, 0.88875],
                      [0.542776, 0.858231],
                      [0.638708, 0.858231],
                      [0.638708, 0.872394],
                      [0.642822, 0.872394],
                      [0.642822, 0.870499],
                      [0.640615, 0.870499],
                      [0.640615, 0.844069],
                      [0.641718, 0.844069],
                      [0.641718, 0.842174],
                      [0.626365, 0.842174],
                      [0.626365, 0.854142],
                      [0.542776, 0.854142],
                      [0.542776, 0.798389],
                      [0.658978, 0.798389],
                      [0.658978, 0.842174],
                      [0.658175, 0.842174],
                      [0.658175, 0.844069],
                      [0.662289, 0.844069],
                      [0.662289, 0.842174],
                      [0.661186, 0.842174],
                      [0.661186, 0.798389],
                      [0.681456, 0.798389],
                      [0.681456, 0.842174],
                      [0.676539, 0.842174],
                      [0.676539, 0.844069],
                      [0.699819, 0.844069],
                      [0.699819, 0.841475],
                      [0.68557, 0.841475],
                      [0.68557, 0.810557],
                      [0.696809, 0.810557],
                      [0.696809, 0.798389],
                      [0.733536, 0.798389],
                      [0.733536, 0.841475],
                      [0.714369, 0.841475],
                      [0.714369, 0.844069],
                      [0.733536, 0.844069],
                      [0.733536, 0.847559],
                      [0.735041, 0.847559],
                      [0.735041, 0.848357],
                      [0.73765, 0.848357],
                      [0.73765, 0.751713],
                      [0.733536, 0.751713],
                      [0.733536, 0.753907],
                      [0.719286, 0.753907],
                      [0.719286, 0.756301],
                      [0.733536, 0.756301],
                      [0.733536, 0.781135],
                      [0.726411, 0.781135],
                      [0.726411, 0.7945],
                      [0.687778, 0.7945],
                      [0.687778, 0.756301],
                      [0.705037, 0.756301],
                      [0.705037, 0.753907],
                      [0.68256, 0.753907],
                      [0.68256, 0.755802],
                      [0.683663, 0.755802],
                      [0.683663, 0.7945],
                      [0.586628, 0.7945],
                      [0.586628, 0.741639],
                      [0.651051, 0.741639],
                      [0.651051, 0.755802],
                      [0.666404, 0.755802],
                      [0.666404, 0.753907],
                      [0.652957, 0.753907],
                      [0.652957, 0.729372],
                      [0.666404, 0.729372],
                      [0.666404, 0.727477],
                      [0.651051, 0.727477],
                      [0.651051, 0.739545],
                      [0.586628, 0.739545],
                      [0.586628, 0.72638],
                      [0.580105, 0.72638],
                      [0.580105, 0.791906],
                      [0.548797, 0.791906],
                      [0.548797, 0.667535],
                      [0.543679, 0.667535],
                      [0.543679, 0.791906],
                      [0.536254, 0.791906],
                      [0.536254, 0.88875]
                    ],
                    [
                      [0.583618, 0.741639],
                      [0.584922, 0.741639],
                      [0.584922, 0.778143],
                      [0.583618, 0.778143]
                    ],
                    [
                      [0.54107, 0.815345],
                      [0.54107, 0.851848],
                      [0.539766, 0.851848],
                      [0.539766, 0.815345]
                    ]
                  ],
                  [
                    [
                      [0.706944, 0.486713],
                      [0.719286, 0.486713],
                      [0.719286, 0.484419],
                      [0.706944, 0.484419]
                    ]
                  ],
                  [
                    [
                      [0.719286, 0.462078],
                      [0.719286, 0.459685],
                      [0.706944, 0.459685],
                      [0.706944, 0.462078]
                    ]
                  ],
                  [
                    [
                      [0.627469, 0.053858],
                      [0.640615, 0.053858],
                      [0.640615, 0.148108],
                      [0.664196, 0.148108],
                      [0.664196, 0.149604],
                      [0.666404, 0.149604],
                      [0.666404, 0.148108],
                      [0.670217, 0.148108],
                      [0.670217, 0.146213],
                      [0.644729, 0.146213],
                      [0.644729, 0.053858],
                      [0.703933, 0.053858],
                      [0.703933, 0.146213],
                      [0.686674, 0.146213],
                      [0.686674, 0.148108],
                      [0.703933, 0.148108],
                      [0.703933, 0.149604],
                      [0.706141, 0.149604],
                      [0.706141, 0.053858],
                      [0.715172, 0.053858],
                      [0.715172, 0.047375],
                      [0.627469, 0.047375]
                    ],
                    [
                      [0.699819, 0.052062],
                      [0.663092, 0.052062],
                      [0.663092, 0.050866],
                      [0.699819, 0.050866]
                    ]
                  ],
                  [
                    [
                      [0.66831, 0.94949],
                      [0.66831, 0.956172],
                      [0.699016, 0.956172],
                      [0.699016, 0.94949],
                      [0.68557, 0.94949],
                      [0.68557, 0.874588],
                      [0.699016, 0.874588],
                      [0.699016, 0.870499],
                      [0.681456, 0.870499],
                      [0.681456, 0.882766],
                      [0.664196, 0.882766],
                      [0.664196, 0.870499],
                      [0.661186, 0.870499],
                      [0.661186, 0.872394],
                      [0.662289, 0.872394],
                      [0.662289, 0.884661],
                      [0.681456, 0.884661],
                      [0.681456, 0.94949]
                    ]
                  ],
                  [
                    [
                      [0.558932, 0.169552],
                      [0.546891, 0.169552],
                      [0.546891, 0.173441],
                      [0.558932, 0.173441],
                      [0.558932, 0.211042],
                      [0.546891, 0.211042],
                      [0.546891, 0.22331],
                      [0.510565, 0.22331],
                      [0.510565, 0.173441],
                      [0.497821, 0.173441],
                      [0.497821, 0.171546],
                      [0.495914, 0.171546],
                      [0.495914, 0.175636],
                      [0.507956, 0.175636],
                      [0.507956, 0.21922],
                      [0.496115, 0.21922],
                      [0.496115, 0.22331],
                      [0.498523, 0.22331],
                      [0.498523, 0.225604],
                      [0.496115, 0.225604],
                      [0.496115, 0.227005],
                      [0.493506, 0.227005],
                      [0.493506, 0.229493],
                      [0.546891, 0.229493],
                      [0.546891, 0.23079],
                      [0.549299, 0.23079],
                      [0.549299, 0.2271],
                      [0.622452, 0.2271],
                      [0.622452, 0.231189],
                      [0.634594, 0.231189],
                      [0.634594, 0.232086],
                      [0.637002, 0.232086],
                      [0.637002, 0.229493],
                      [0.681656, 0.229493],
                      [0.681656, 0.224806],
                      [0.681054, 0.224806],
                      [0.681054, 0.22331],
                      [0.666404, 0.22331],
                      [0.666404, 0.197877],
                      [0.664196, 0.197877],
                      [0.664196, 0.22331],
                      [0.645833, 0.22331],
                      [0.645833, 0.209945],
                      [0.638708, 0.209945],
                      [0.638708, 0.173441],
                      [0.664196, 0.173441],
                      [0.664196, 0.183714],
                      [0.666404, 0.183714],
                      [0.666404, 0.167856],
                      [0.664196, 0.167856],
                      [0.664196, 0.169552],
                      [0.634594, 0.169552],
                      [0.634594, 0.22331],
                      [0.575389, 0.22331],
                      [0.575389, 0.211042],
                      [0.563046, 0.211042],
                      [0.563046, 0.053858],
                      [0.590742, 0.053858],
                      [0.590742, 0.047375],
                      [0.563046, 0.047375],
                      [0.563046, 0.003192],
                      [0.558932, 0.003192],
                      [0.558932, 0.047375],
                      [0.535652, 0.047375],
                      [0.535652, 0.053858],
                      [0.558932, 0.053858]
                    ],
                    [
                      [0.638708, 0.22331],
                      [0.638708, 0.225604],
                      [0.634594, 0.225604],
                      [0.634594, 0.22331]
                    ]
                  ],
                  [
                    [
                      [0.661186, 0.486713],
                      [0.673528, 0.486713],
                      [0.673528, 0.484419],
                      [0.661186, 0.484419]
                    ]
                  ],
                  [
                    [
                      [0.661186, 0.462078],
                      [0.673528, 0.462078],
                      [0.673528, 0.459685],
                      [0.661186, 0.459685]
                    ]
                  ],
                  [
                    [
                      [0.649044, 0.951285],
                      [0.634393, 0.951285],
                      [0.634393, 0.952781],
                      [0.649044, 0.952781]
                    ]
                  ],
                  [
                    [
                      [0.56114, 0.953579],
                      [0.542776, 0.953579],
                      [0.542776, 0.956172],
                      [0.631583, 0.956172],
                      [0.631583, 0.94949],
                      [0.56114, 0.94949],
                      [0.56114, 0.951285],
                      [0.56395, 0.951285],
                      [0.56395, 0.952781],
                      [0.56114, 0.952781]
                    ],
                    [
                      [0.574787, 0.951285],
                      [0.577296, 0.951285],
                      [0.577296, 0.952781],
                      [0.574787, 0.952781]
                    ]
                  ],
                  [
                    [
                      [0.617936, 0.486713],
                      [0.630078, 0.486713],
                      [0.630078, 0.484419],
                      [0.617936, 0.484419]
                    ]
                  ],
                  [
                    [
                      [0.576493, 0.484419],
                      [0.576493, 0.486713],
                      [0.588534, 0.486713],
                      [0.588534, 0.484419]
                    ]
                  ],
                  [
                    [
                      [0.558129, 0.002493],
                      [0.43109, 0.002493],
                      [0.43109, 0.006184],
                      [0.558129, 0.006184]
                    ]
                  ],
                  [
                    [
                      [0.469322, 0.148108],
                      [0.469322, 0.152198],
                      [0.471229, 0.152198],
                      [0.471229, 0.150203],
                      [0.495914, 0.150203],
                      [0.495914, 0.153295],
                      [0.497821, 0.153295],
                      [0.497821, 0.148108],
                      [0.485478, 0.148108],
                      [0.485478, 0.053858],
                      [0.498925, 0.053858],
                      [0.498925, 0.047375],
                      [0.482468, 0.047375],
                      [0.482468, 0.053858],
                      [0.483572, 0.053858],
                      [0.483572, 0.148108]
                    ]
                  ],
                  [
                    [
                      [0.483572, 0.340899],
                      [0.483572, 0.435249],
                      [0.482468, 0.435249],
                      [0.482468, 0.441632],
                      [0.498925, 0.441632],
                      [0.498925, 0.435249],
                      [0.485478, 0.435249],
                      [0.485478, 0.340899],
                      [0.497821, 0.340899],
                      [0.497821, 0.335812],
                      [0.495914, 0.335812],
                      [0.495914, 0.338804],
                      [0.471229, 0.338804],
                      [0.471229, 0.336909],
                      [0.469322, 0.336909],
                      [0.469322, 0.340899]
                    ]
                  ],
                  [
                    [
                      [0.426274, 0.053858],
                      [0.426274, 0.169552],
                      [0.388041, 0.169552],
                      [0.388041, 0.193887],
                      [0.39065, 0.193887],
                      [0.39065, 0.173441],
                      [0.426274, 0.173441],
                      [0.426274, 0.216129],
                      [0.413128, 0.216129],
                      [0.413128, 0.22331],
                      [0.39065, 0.22331],
                      [0.39065, 0.20805],
                      [0.388041, 0.20805],
                      [0.388041, 0.22331],
                      [0.37901, 0.22331],
                      [0.37901, 0.224806],
                      [0.378107, 0.224806],
                      [0.378107, 0.229493],
                      [0.474039, 0.229493],
                      [0.474039, 0.227005],
                      [0.473437, 0.227005],
                      [0.473437, 0.22331],
                      [0.471229, 0.22331],
                      [0.471229, 0.20805],
                      [0.46862, 0.20805],
                      [0.46862, 0.22331],
                      [0.437512, 0.22331],
                      [0.437512, 0.209945],
                      [0.430388, 0.209945],
                      [0.430388, 0.173441],
                      [0.46862, 0.173441],
                      [0.46862, 0.193887],
                      [0.471229, 0.193887],
                      [0.471229, 0.168455],
                      [0.469322, 0.168455],
                      [0.469322, 0.169552],
                      [0.430388, 0.169552],
                      [0.430388, 0.053858],
                      [0.464104, 0.053858],
                      [0.464104, 0.052062],
                      [0.445741, 0.052062],
                      [0.445741, 0.050866],
                      [0.464104, 0.050866],
                      [0.464104, 0.047375],
                      [0.430388, 0.047375],
                      [0.430388, 0.003192],
                      [0.426274, 0.003192],
                      [0.426274, 0.047375],
                      [0.394765, 0.047375],
                      [0.394765, 0.053858]
                    ]
                  ],
                  [
                    [
                      [0.388041, 0.265797],
                      [0.388041, 0.281057],
                      [0.39065, 0.281057],
                      [0.39065, 0.265797],
                      [0.413128, 0.265797],
                      [0.413128, 0.272879],
                      [0.426274, 0.272879],
                      [0.426274, 0.315566],
                      [0.39065, 0.315566],
                      [0.39065, 0.29522],
                      [0.388041, 0.29522],
                      [0.388041, 0.319655],
                      [0.426274, 0.319655],
                      [0.426274, 0.435249],
                      [0.394765, 0.435249],
                      [0.394765, 0.441632],
                      [0.426274, 0.441632],
                      [0.426274, 0.478834],
                      [0.430388, 0.478834],
                      [0.430388, 0.441632],
                      [0.464104, 0.441632],
                      [0.464104, 0.438241],
                      [0.445741, 0.438241],
                      [0.445741, 0.436945],
                      [0.464104, 0.436945],
                      [0.464104, 0.435249],
                      [0.430388, 0.435249],
                      [0.430388, 0.319655],
                      [0.469322, 0.319655],
                      [0.469322, 0.320553],
                      [0.471229, 0.320553],
                      [0.471229, 0.29522],
                      [0.46862, 0.29522],
                      [0.46862, 0.315566],
                      [0.430388, 0.315566],
                      [0.430388, 0.279062],
                      [0.437512, 0.279062],
                      [0.437512, 0.265797],
                      [0.46862, 0.265797],
                      [0.46862, 0.281057],
                      [0.471229, 0.281057],
                      [0.471229, 0.265797],
                      [0.473437, 0.265797],
                      [0.473437, 0.264501],
                      [0.474039, 0.264501],
                      [0.474039, 0.261908],
                      [0.383124, 0.261908],
                      [0.383124, 0.265797]
                    ]
                  ],
                  [
                    [
                      [0.345294, 0.479433],
                      [0.425471, 0.479433],
                      [0.425471, 0.475842],
                      [0.345294, 0.475842]
                    ]
                  ],
                  [
                    [
                      [0.425471, 0.006184],
                      [0.425471, 0.002493],
                      [0.345294, 0.002493],
                      [0.345294, 0.006184]
                    ]
                  ],
                  [
                    [
                      [0.362152, 0.265797],
                      [0.362152, 0.261908],
                      [0.275051, 0.261908],
                      [0.275051, 0.264501],
                      [0.275954, 0.264501],
                      [0.275954, 0.265797],
                      [0.289501, 0.265797],
                      [0.289501, 0.313471],
                      [0.277459, 0.313471],
                      [0.277459, 0.31756],
                      [0.279366, 0.31756],
                      [0.279366, 0.315566],
                      [0.29211, 0.315566],
                      [0.29211, 0.265797],
                      [0.328435, 0.265797],
                      [0.328435, 0.278065],
                      [0.340577, 0.278065],
                      [0.340577, 0.315566],
                      [0.328435, 0.315566],
                      [0.328435, 0.319655],
                      [0.340577, 0.319655],
                      [0.340577, 0.435249],
                      [0.316093, 0.435249],
                      [0.316093, 0.439339],
                      [0.340577, 0.439339],
                      [0.340577, 0.478834],
                      [0.344692, 0.478834],
                      [0.344692, 0.441632],
                      [0.358038, 0.441632],
                      [0.358038, 0.435249],
                      [0.344692, 0.435249],
                      [0.344692, 0.278065],
                      [0.356934, 0.278065],
                      [0.356934, 0.265797]
                    ]
                  ],
                  [
                    [
                      [0.340577, 0.169552],
                      [0.328435, 0.169552],
                      [0.328435, 0.173441],
                      [0.340577, 0.173441],
                      [0.340577, 0.211042],
                      [0.328435, 0.211042],
                      [0.328435, 0.22331],
                      [0.29211, 0.22331],
                      [0.29211, 0.173441],
                      [0.279366, 0.173441],
                      [0.279366, 0.171546],
                      [0.277459, 0.171546],
                      [0.277459, 0.175636],
                      [0.289501, 0.175636],
                      [0.289501, 0.22331],
                      [0.275954, 0.22331],
                      [0.275954, 0.229493],
                      [0.358941, 0.229493],
                      [0.358941, 0.224806],
                      [0.358038, 0.224806],
                      [0.358038, 0.22331],
                      [0.356934, 0.22331],
                      [0.356934, 0.211042],
                      [0.344692, 0.211042],
                      [0.344692, 0.053858],
                      [0.358038, 0.053858],
                      [0.358038, 0.047375],
                      [0.344692, 0.047375],
                      [0.344692, 0.003192],
                      [0.340577, 0.003192],
                      [0.340577, 0.047375],
                      [0.316093, 0.047375],
                      [0.316093, 0.053858],
                      [0.340577, 0.053858]
                    ]
                  ],
                  [
                    [
                      [0.207919, 0.302301],
                      [0.195777, 0.302301],
                      [0.195777, 0.313471],
                      [0.164669, 0.313471],
                      [0.164669, 0.299309],
                      [0.16206, 0.299309],
                      [0.16206, 0.313471],
                      [0.162963, 0.313471],
                      [0.162963, 0.31756],
                      [0.207919, 0.31756],
                      [0.207919, 0.337907],
                      [0.164067, 0.337907],
                      [0.164067, 0.336909],
                      [0.16206, 0.336909],
                      [0.16206, 0.340899],
                      [0.164067, 0.340899],
                      [0.164067, 0.339901],
                      [0.207919, 0.339901],
                      [0.207919, 0.455596],
                      [0.151724, 0.455596],
                      [0.151724, 0.360746],
                      [0.164067, 0.360746],
                      [0.164067, 0.357056],
                      [0.16206, 0.357056],
                      [0.16206, 0.358153],
                      [0.135468, 0.358153],
                      [0.135468, 0.356158],
                      [0.133361, 0.356158],
                      [0.133361, 0.360248],
                      [0.147811, 0.360248],
                      [0.147811, 0.443428],
                      [0.135468, 0.443428],
                      [0.135468, 0.455596],
                      [0.055793, 0.455596],
                      [0.055793, 0.367329],
                      [0.04927, 0.367329],
                      [0.04927, 0.454997],
                      [0.007827, 0.454997],
                      [0.007827, 0.246448],
                      [0.004114, 0.246448],
                      [0.004114, 0.462078],
                      [0.207216, 0.462078],
                      [0.207216, 0.479433],
                      [0.339674, 0.479433],
                      [0.339674, 0.475842],
                      [0.214542, 0.475842],
                      [0.214542, 0.441632],
                      [0.245649, 0.441632],
                      [0.245649, 0.438241],
                      [0.227286, 0.438241],
                      [0.227286, 0.436945],
                      [0.245649, 0.436945],
                      [0.245649, 0.435249],
                      [0.212033, 0.435249],
                      [0.212033, 0.319655],
                      [0.250867, 0.319655],
                      [0.250867, 0.320553],
                      [0.252774, 0.320553],
                      [0.252774, 0.29522],
                      [0.250265, 0.29522],
                      [0.250265, 0.315566],
                      [0.212033, 0.315566],
                      [0.212033, 0.279062],
                      [0.219158, 0.279062],
                      [0.219158, 0.265797],
                      [0.250265, 0.265797],
                      [0.250265, 0.281057],
                      [0.252774, 0.281057],
                      [0.252774, 0.265797],
                      [0.254981, 0.265797],
                      [0.254981, 0.264501],
                      [0.255584, 0.264501],
                      [0.255584, 0.261908],
                      [0.158648, 0.261908],
                      [0.158648, 0.265797],
                      [0.16206, 0.265797],
                      [0.16206, 0.285146],
                      [0.164669, 0.285146],
                      [0.164669, 0.265797],
                      [0.207919, 0.265797]
                    ],
                    [
                      [0.188251, 0.457092],
                      [0.19106, 0.457092],
                      [0.19106, 0.458588],
                      [0.188251, 0.458588]
                    ],
                    [
                      [0.171794, 0.457092],
                      [0.1735, 0.457092],
                      [0.1735, 0.458588],
                      [0.171794, 0.458588]
                    ],
                    [
                      [0.157143, 0.458588],
                      [0.154334, 0.458588],
                      [0.154334, 0.457092],
                      [0.157143, 0.457092]
                    ],
                    [
                      [0.130752, 0.457092],
                      [0.133361, 0.457092],
                      [0.133361, 0.458588],
                      [0.130752, 0.458588]
                    ],
                    [
                      [0.119915, 0.458588],
                      [0.117105, 0.458588],
                      [0.117105, 0.457092],
                      [0.119915, 0.457092]
                    ],
                    [
                      [0.054288, 0.421087],
                      [0.054288, 0.423879],
                      [0.052782, 0.423879],
                      [0.052782, 0.421087]
                    ],
                    [
                      [0.054288, 0.434551],
                      [0.054288, 0.437344],
                      [0.052782, 0.437344],
                      [0.052782, 0.434551]
                    ]
                  ],
                  [
                    [
                      [0.004114, 0.242758],
                      [0.007827, 0.242758],
                      [0.007827, 0.03411],
                      [0.04927, 0.03411],
                      [0.04927, 0.121678],
                      [0.055793, 0.121678],
                      [0.055793, 0.033412],
                      [0.135468, 0.033412],
                      [0.135468, 0.045679],
                      [0.147811, 0.045679],
                      [0.147811, 0.128959],
                      [0.133361, 0.128959],
                      [0.133361, 0.132849],
                      [0.135468, 0.132849],
                      [0.135468, 0.130954],
                      [0.16206, 0.130954],
                      [0.16206, 0.131951],
                      [0.164067, 0.131951],
                      [0.164067, 0.128361],
                      [0.151724, 0.128361],
                      [0.151724, 0.033412],
                      [0.207919, 0.033412],
                      [0.207919, 0.149206],
                      [0.164067, 0.149206],
                      [0.164067, 0.148108],
                      [0.16206, 0.148108],
                      [0.16206, 0.152198],
                      [0.164067, 0.152198],
                      [0.164067, 0.151101],
                      [0.207919, 0.151101],
                      [0.207919, 0.171546],
                      [0.162963, 0.171546],
                      [0.162963, 0.175636],
                      [0.16206, 0.175636],
                      [0.16206, 0.189798],
                      [0.164669, 0.189798],
                      [0.164669, 0.175636],
                      [0.195777, 0.175636],
                      [0.195777, 0.186806],
                      [0.207919, 0.186806],
                      [0.207919, 0.22331],
                      [0.164669, 0.22331],
                      [0.164669, 0.203961],
                      [0.16206, 0.203961],
                      [0.16206, 0.22331],
                      [0.158648, 0.22331],
                      [0.158648, 0.224806],
                      [0.157745, 0.224806],
                      [0.157745, 0.229493],
                      [0.254981, 0.229493],
                      [0.254981, 0.22331],
                      [0.252774, 0.22331],
                      [0.252774, 0.20805],
                      [0.250265, 0.20805],
                      [0.250265, 0.22331],
                      [0.219158, 0.22331],
                      [0.219158, 0.209945],
                      [0.212033, 0.209945],
                      [0.212033, 0.173441],
                      [0.250265, 0.173441],
                      [0.250265, 0.193887],
                      [0.252774, 0.193887],
                      [0.252774, 0.168455],
                      [0.250867, 0.168455],
                      [0.250867, 0.169552],
                      [0.212033, 0.169552],
                      [0.212033, 0.053858],
                      [0.245649, 0.053858],
                      [0.245649, 0.052062],
                      [0.227286, 0.052062],
                      [0.227286, 0.050866],
                      [0.245649, 0.050866],
                      [0.245649, 0.047375],
                      [0.214542, 0.047375],
                      [0.214542, 0.006184],
                      [0.339674, 0.006184],
                      [0.339674, 0.002493],
                      [0.207216, 0.002493],
                      [0.207216, 0.027029],
                      [0.004114, 0.027029]
                    ],
                    [
                      [0.188251, 0.03042],
                      [0.19106, 0.03042],
                      [0.19106, 0.031916],
                      [0.188251, 0.031916]
                    ],
                    [
                      [0.1735, 0.03042],
                      [0.1735, 0.031916],
                      [0.171794, 0.031916],
                      [0.171794, 0.03042]
                    ],
                    [
                      [0.154334, 0.03042],
                      [0.157143, 0.03042],
                      [0.157143, 0.031916],
                      [0.154334, 0.031916]
                    ],
                    [
                      [0.133361, 0.031916],
                      [0.130752, 0.031916],
                      [0.130752, 0.03042],
                      [0.133361, 0.03042]
                    ],
                    [
                      [0.117105, 0.03042],
                      [0.119915, 0.03042],
                      [0.119915, 0.031916],
                      [0.117105, 0.031916]
                    ],
                    [
                      [0.052782, 0.06802],
                      [0.052782, 0.065228],
                      [0.054288, 0.065228],
                      [0.054288, 0.06802]
                    ],
                    [
                      [0.054288, 0.051863],
                      [0.054288, 0.054456],
                      [0.052782, 0.054456],
                      [0.052782, 0.051863]
                    ]
                  ],
                  [
                    [
                      [0.250867, 0.340899],
                      [0.265116, 0.340899],
                      [0.265116, 0.435249],
                      [0.264013, 0.435249],
                      [0.264013, 0.441632],
                      [0.279366, 0.441632],
                      [0.279366, 0.435249],
                      [0.267123, 0.435249],
                      [0.267123, 0.340899],
                      [0.279366, 0.340899],
                      [0.279366, 0.335812],
                      [0.277459, 0.335812],
                      [0.277459, 0.338804],
                      [0.252774, 0.338804],
                      [0.252774, 0.336909],
                      [0.250867, 0.336909]
                    ]
                  ],
                  [
                    [
                      [0.250867, 0.148108],
                      [0.250867, 0.152198],
                      [0.252774, 0.152198],
                      [0.252774, 0.150203],
                      [0.277459, 0.150203],
                      [0.277459, 0.153295],
                      [0.279366, 0.153295],
                      [0.279366, 0.148108],
                      [0.267123, 0.148108],
                      [0.267123, 0.053858],
                      [0.279366, 0.053858],
                      [0.279366, 0.047375],
                      [0.264013, 0.047375],
                      [0.264013, 0.053858],
                      [0.265116, 0.053858],
                      [0.265116, 0.148108]
                    ]
                  ],
                  [
                    [
                      [0.04927, 0.243257],
                      [0.004817, 0.243257],
                      [0.004817, 0.24585],
                      [0.04927, 0.24585],
                      [0.04927, 0.282154],
                      [0.052782, 0.282154],
                      [0.052782, 0.27976],
                      [0.054288, 0.27976],
                      [0.054288, 0.282154],
                      [0.055793, 0.282154],
                      [0.055793, 0.246648],
                      [0.131354, 0.246648],
                      [0.131354, 0.284049],
                      [0.135468, 0.284049],
                      [0.135468, 0.261309],
                      [0.138278, 0.261309],
                      [0.138278, 0.224806],
                      [0.137475, 0.224806],
                      [0.137475, 0.225604],
                      [0.135468, 0.225604],
                      [0.135468, 0.205058],
                      [0.131354, 0.205058],
                      [0.131354, 0.242559],
                      [0.055793, 0.242559],
                      [0.055793, 0.206953],
                      [0.054288, 0.206953],
                      [0.054288, 0.209546],
                      [0.052782, 0.209546],
                      [0.052782, 0.206953],
                      [0.04927, 0.206953]
                    ],
                    [
                      [0.054288, 0.263803],
                      [0.054288, 0.266595],
                      [0.052782, 0.266595],
                      [0.052782, 0.263803]
                    ],
                    [
                      [0.054288, 0.225205],
                      [0.052782, 0.225205],
                      [0.052782, 0.222611],
                      [0.054288, 0.222611]
                    ]
                  ],
                  [
                    [
                      [0.055793, 0.300406],
                      [0.04927, 0.300406],
                      [0.04927, 0.330825],
                      [0.055793, 0.330825],
                      [0.055793, 0.31756],
                      [0.121219, 0.31756],
                      [0.121219, 0.336909],
                      [0.133361, 0.336909],
                      [0.133361, 0.337907],
                      [0.135468, 0.337907],
                      [0.135468, 0.334915],
                      [0.123226, 0.334915],
                      [0.123226, 0.31756],
                      [0.135468, 0.31756],
                      [0.135468, 0.300406],
                      [0.131354, 0.300406],
                      [0.131354, 0.313471],
                      [0.055793, 0.313471]
                    ]
                  ],
                  [
                    [
                      [0.055793, 0.158381],
                      [0.04927, 0.158381],
                      [0.04927, 0.188701],
                      [0.055793, 0.188701],
                      [0.055793, 0.175636],
                      [0.131354, 0.175636],
                      [0.131354, 0.188701],
                      [0.135468, 0.188701],
                      [0.135468, 0.171546],
                      [0.123226, 0.171546],
                      [0.123226, 0.154292],
                      [0.135468, 0.154292],
                      [0.135468, 0.151101],
                      [0.133361, 0.151101],
                      [0.133361, 0.152198],
                      [0.121219, 0.152198],
                      [0.121219, 0.171546],
                      [0.055793, 0.171546]
                    ]
                  ],
                  [
                    [
                      [0.054288, 0.364536],
                      [0.054288, 0.349975],
                      [0.052782, 0.349975],
                      [0.052782, 0.364536]
                    ]
                  ],
                  [
                    [
                      [0.054288, 0.34808],
                      [0.054288, 0.333419],
                      [0.052782, 0.333419],
                      [0.052782, 0.34808]
                    ]
                  ],
                  [
                    [
                      [0.054288, 0.297613],
                      [0.054288, 0.284448],
                      [0.052782, 0.284448],
                      [0.052782, 0.297613]
                    ]
                  ],
                  [
                    [
                      [0.054288, 0.139132],
                      [0.054288, 0.124471],
                      [0.052782, 0.124471],
                      [0.052782, 0.139132]
                    ]
                  ]
                ],
                "slabs": [
                  [
                    [
                      [0.207236, 0.462058],
                      [0.207245, 0.479452],
                      [0.556604, 0.479452],
                      [0.556604, 0.529919],
                      [0.53802, 0.529928],
                      [0.53802, 0.537219],
                      [0.543639, 0.53722],
                      [0.543639, 0.661551],
                      [0.53802, 0.66156],
                      [0.53802, 0.667575],
                      [0.543639, 0.667575],
                      [0.543639, 0.791906],
                      [0.536294, 0.791907],
                      [0.536294, 0.88877],
                      [0.542776, 0.88877],
                      [0.542777, 0.949529],
                      [0.56114, 0.94953],
                      [0.56114, 0.953619],
                      [0.542777, 0.953619],
                      [0.542777, 0.999999],
                      [0.543418, 0.999999],
                      [0.543419, 0.997204],
                      [0.753224, 0.997204],
                      [0.753224, 0.999999],
                      [0.753866, 0.999999],
                      [0.753866, 0.955753],
                      [0.756234, 0.955753],
                      [0.756235, 0.999999],
                      [0.756896, 0.999999],
                      [0.756897, 0.997204],
                      [0.966682, 0.997204],
                      [0.966682, 0.999999],
                      [0.967324, 0.999999],
                      [0.967324, 0.953619],
                      [0.94896, 0.953619],
                      [0.94896, 0.94953],
                      [0.967324, 0.949529],
                      [0.967324, 0.88877],
                      [0.973806, 0.88877],
                      [0.973806, 0.799008],
                      [0.998652, 0.798999],
                      [0.998872, 0.313033],
                      [0.953496, 0.313032],
                      [0.953496, 0.002514],
                      [0.207245, 0.002513],
                      [0.207236, 0.026989],
                      [0.004135, 0.026989],
                      [0.004135, 0.462058]
                    ],
                    [
                      [0.60641, 0.261632],
                      [0.60641, 0.358268],
                      [0.562838, 0.358268],
                      [0.562838, 0.261632]
                    ]
                  ]
                ],
                "openings": [
                  {
                    "kind": "door",
                    "a": [0.164027, 0.31756],
                    "b": [0.164027, 0.336909],
                    "depthM": 0.18,
                    "sillM": 0,
                    "heightM": 2.1,
                    "hinge": [0.164027, 0.335792],
                    "openTip": [0.175687, 0.335792],
                    "basis": "CAD door swing; inferred head height"
                  },
                  {
                    "kind": "door",
                    "a": [0.135468, 0.263852],
                    "b": [0.158648, 0.263852],
                    "depthM": 0.195,
                    "sillM": 0,
                    "heightM": 2.1,
                    "hinge": [0.13874, 0.265777],
                    "openTip": [0.13874, 0.284029],
                    "basis": "CAD door swing; inferred head height"
                  },
                  {
                    "kind": "door",
                    "a": [0.133411, 0.188701],
                    "b": [0.133411, 0.205058],
                    "depthM": 0.205,
                    "sillM": 0,
                    "heightM": 2.1,
                    "hinge": [0.131394, 0.189758],
                    "openTip": [0.117125, 0.189758],
                    "basis": "CAD door swing; inferred head height"
                  },
                  {
                    "kind": "door",
                    "a": [0.164027, 0.131951],
                    "b": [0.164027, 0.148108],
                    "depthM": 0.18,
                    "sillM": 0,
                    "heightM": 2.1,
                    "hinge": [0.164027, 0.147251],
                    "openTip": [0.178276, 0.147251],
                    "basis": "CAD door swing; inferred head height"
                  },
                  {
                    "kind": "door",
                    "a": [0.134415, 0.337907],
                    "b": [0.134415, 0.356158],
                    "depthM": 0.105,
                    "sillM": 0,
                    "heightM": 2.1,
                    "hinge": [0.133341, 0.338804],
                    "openTip": [0.117125, 0.338804],
                    "basis": "CAD door swing; inferred head height"
                  },
                  {
                    "kind": "glazedDoor",
                    "a": [0.053033, 0.140149],
                    "b": [0.053033, 0.156486],
                    "depthM": 0.2,
                    "sillM": 0,
                    "heightM": 2.3,
                    "basis": "CAD facade bank and swing symbols; inferred glazing type, sill and head"
                  },
                  {
                    "kind": "window",
                    "a": [0.053033, 0.156486],
                    "b": [0.053033, 0.158381],
                    "depthM": 0.2,
                    "sillM": 0.85,
                    "heightM": 1.45,
                    "basis": "CAD facade bank and swing symbols; inferred glazing type, sill and head"
                  },
                  {
                    "kind": "window",
                    "a": [0.053786, 0.188701],
                    "b": [0.053786, 0.190616],
                    "depthM": 0.2,
                    "sillM": 0.85,
                    "heightM": 1.45,
                    "basis": "CAD facade bank and swing symbols; inferred glazing type, sill and head"
                  },
                  {
                    "kind": "glazedDoor",
                    "a": [0.053786, 0.190616],
                    "b": [0.053786, 0.205437],
                    "depthM": 0.2,
                    "sillM": 0,
                    "heightM": 2.3,
                    "basis": "CAD facade bank and swing symbols; inferred glazing type, sill and head"
                  },
                  {
                    "kind": "window",
                    "a": [0.053786, 0.205437],
                    "b": [0.053786, 0.206953],
                    "depthM": 0.2,
                    "sillM": 0.85,
                    "heightM": 1.45,
                    "basis": "CAD facade bank and swing symbols; inferred glazing type, sill and head"
                  },
                  {
                    "kind": "door",
                    "a": [0.833582, 0.843121],
                    "b": [0.847831, 0.843121],
                    "depthM": 0.095,
                    "sillM": 0,
                    "heightM": 2.1,
                    "hinge": [0.846988, 0.842154],
                    "openTip": [0.846988, 0.830345],
                    "basis": "CAD door swing; inferred head height"
                  },
                  {
                    "kind": "door",
                    "a": [0.773323, 0.847559],
                    "b": [0.773323, 0.870499],
                    "depthM": 0.325,
                    "sillM": 0,
                    "heightM": 2.1,
                    "hinge": [0.776544, 0.867068],
                    "openTip": [0.794908, 0.867068],
                    "basis": "CAD door swing; inferred head height"
                  },
                  {
                    "kind": "door",
                    "a": [0.848935, 0.871446],
                    "b": [0.867298, 0.871446],
                    "depthM": 0.095,
                    "sillM": 0,
                    "heightM": 2.1,
                    "hinge": [0.850018, 0.872434],
                    "openTip": [0.850018, 0.88877],
                    "basis": "CAD door swing; inferred head height"
                  },
                  {
                    "kind": "door",
                    "a": [0.699016, 0.872543],
                    "b": [0.715172, 0.872543],
                    "depthM": 0.205,
                    "sillM": 0,
                    "heightM": 2.1,
                    "hinge": [0.699839, 0.874588],
                    "openTip": [0.699839, 0.88877],
                    "basis": "CAD door swing; inferred head height"
                  },
                  {
                    "kind": "door",
                    "a": [0.641718, 0.848646],
                    "b": [0.658175, 0.848646],
                    "depthM": 0.649,
                    "sillM": 0,
                    "heightM": 2.1,
                    "hinge": [0.657071, 0.842154],
                    "openTip": [0.657071, 0.827772],
                    "basis": "CAD door swing; inferred head height"
                  },
                  {
                    "kind": "glazedDoor",
                    "a": [0.649947, 0.952432],
                    "b": [0.666364, 0.952432],
                    "depthM": 0.205,
                    "sillM": 0,
                    "heightM": 2.3,
                    "basis": "CAD facade bank and swing symbols; inferred glazing type, sill and head"
                  },
                  {
                    "kind": "window",
                    "a": [0.666364, 0.952432],
                    "b": [0.66831, 0.952432],
                    "depthM": 0.205,
                    "sillM": 0.85,
                    "heightM": 1.45,
                    "basis": "CAD facade bank and swing symbols; inferred glazing type, sill and head"
                  },
                  {
                    "kind": "window",
                    "a": [0.699016, 0.951609],
                    "b": [0.700722, 0.951609],
                    "depthM": 0.212,
                    "sillM": 0.85,
                    "heightM": 1.45,
                    "basis": "CAD facade bank and swing symbols; inferred glazing type, sill and head"
                  },
                  {
                    "kind": "glazedDoor",
                    "a": [0.700722, 0.951609],
                    "b": [0.715835, 0.951609],
                    "depthM": 0.212,
                    "sillM": 0,
                    "heightM": 2.3,
                    "basis": "CAD facade bank and swing symbols; inferred glazing type, sill and head"
                  },
                  {
                    "kind": "window",
                    "a": [0.715835, 0.951609],
                    "b": [0.71738, 0.951609],
                    "depthM": 0.212,
                    "sillM": 0.85,
                    "heightM": 1.45,
                    "basis": "CAD facade bank and swing symbols; inferred glazing type, sill and head"
                  },
                  {
                    "kind": "door",
                    "a": [0.831675, 0.754854],
                    "b": [0.847831, 0.754854],
                    "depthM": 0.095,
                    "sillM": 0,
                    "heightM": 2.1,
                    "hinge": [0.832719, 0.755842],
                    "openTip": [0.832719, 0.770004],
                    "basis": "CAD door swing; inferred head height"
                  },
                  {
                    "kind": "door",
                    "a": [0.790834, 0.755104],
                    "b": [0.805083, 0.755104],
                    "depthM": 0.12,
                    "sillM": 0,
                    "heightM": 2.1,
                    "hinge": [0.791898, 0.756261],
                    "openTip": [0.791898, 0.768069],
                    "basis": "CAD door swing; inferred head height"
                  },
                  {
                    "kind": "door",
                    "a": [0.828665, 0.600662],
                    "b": [0.847028, 0.600662],
                    "depthM": 0.095,
                    "sillM": 0,
                    "heightM": 2.1,
                    "hinge": [0.829487, 0.601649],
                    "openTip": [0.829487, 0.617966],
                    "basis": "CAD door swing; inferred head height"
                  },
                  {
                    "kind": "door",
                    "a": [0.773323, 0.577374],
                    "b": [0.773323, 0.598219],
                    "depthM": 0.325,
                    "sillM": 0,
                    "heightM": 2.1,
                    "hinge": [0.776544, 0.596922],
                    "openTip": [0.794908, 0.596922],
                    "basis": "CAD door swing; inferred head height"
                  },
                  {
                    "kind": "window",
                    "a": [0.949783, 0.602707],
                    "b": [0.949783, 0.604442],
                    "depthM": 0.2,
                    "sillM": 0.85,
                    "heightM": 1.45,
                    "basis": "CAD facade bank and swing symbols; inferred glazing type, sill and head"
                  },
                  {
                    "kind": "glazedDoor",
                    "a": [0.949783, 0.604442],
                    "b": [0.949783, 0.620978],
                    "depthM": 0.2,
                    "sillM": 0,
                    "heightM": 2.3,
                    "basis": "CAD facade bank and swing symbols; inferred glazing type, sill and head"
                  },
                  {
                    "kind": "window",
                    "a": [0.947776, 0.568098],
                    "b": [0.947776, 0.569654],
                    "depthM": 0.08,
                    "sillM": 0.85,
                    "heightM": 1.45,
                    "basis": "CAD facade bank and swing symbols; inferred glazing type, sill and head"
                  },
                  {
                    "kind": "glazedDoor",
                    "a": [0.947776, 0.569654],
                    "b": [0.947776, 0.584674],
                    "depthM": 0.08,
                    "sillM": 0,
                    "heightM": 2.3,
                    "basis": "CAD facade bank and swing symbols; inferred glazing type, sill and head"
                  },
                  {
                    "kind": "window",
                    "a": [0.947776, 0.584674],
                    "b": [0.947776, 0.58635],
                    "depthM": 0.08,
                    "sillM": 0.85,
                    "heightM": 1.45,
                    "basis": "CAD facade bank and swing symbols; inferred glazing type, sill and head"
                  },
                  {
                    "kind": "door",
                    "a": [0.831675, 0.491052],
                    "b": [0.847831, 0.491052],
                    "depthM": 0.105,
                    "sillM": 0,
                    "heightM": 2.1,
                    "hinge": [0.832719, 0.492119],
                    "openTip": [0.832719, 0.506302],
                    "basis": "CAD door swing; inferred head height"
                  },
                  {
                    "kind": "door",
                    "a": [0.790834, 0.491301],
                    "b": [0.805083, 0.491301],
                    "depthM": 0.13,
                    "sillM": 0,
                    "heightM": 2.1,
                    "hinge": [0.791898, 0.492558],
                    "openTip": [0.791898, 0.504147],
                    "basis": "CAD door swing; inferred head height"
                  },
                  {
                    "kind": "door",
                    "a": [0.832678, 0.254727],
                    "b": [0.848935, 0.254727],
                    "depthM": 0.1,
                    "sillM": 0,
                    "heightM": 2.1,
                    "hinge": [0.833582, 0.255684],
                    "openTip": [0.833582, 0.269867],
                    "basis": "CAD door swing; inferred head height"
                  },
                  {
                    "kind": "door",
                    "a": [0.797055, 0.171497],
                    "b": [0.813512, 0.171497],
                    "depthM": 0.195,
                    "sillM": 0,
                    "heightM": 2.1,
                    "hinge": [0.812408, 0.169572],
                    "openTip": [0.812408, 0.15519],
                    "basis": "CAD door swing; inferred head height"
                  },
                  {
                    "kind": "door",
                    "a": [0.6653, 0.183714],
                    "b": [0.6653, 0.197877],
                    "depthM": 0.11,
                    "sillM": 0,
                    "heightM": 2.1,
                    "hinge": [0.664196, 0.184612],
                    "openTip": [0.651894, 0.184612],
                    "basis": "CAD door swing; inferred head height"
                  },
                  {
                    "kind": "door",
                    "a": [0.705037, 0.149604],
                    "b": [0.705037, 0.169552],
                    "depthM": 0.11,
                    "sillM": 0,
                    "heightM": 2.1,
                    "hinge": [0.706121, 0.164844],
                    "openTip": [0.72037, 0.164844],
                    "basis": "CAD door swing; inferred head height"
                  },
                  {
                    "kind": "door",
                    "a": [0.670217, 0.147161],
                    "b": [0.686674, 0.147161],
                    "depthM": 0.095,
                    "sillM": 0,
                    "heightM": 2.1,
                    "hinge": [0.68559, 0.146174],
                    "openTip": [0.68559, 0.131991],
                    "basis": "CAD door swing; inferred head height"
                  },
                  {
                    "kind": "window",
                    "a": [0.843917, 0.050616],
                    "b": [0.845683, 0.050616],
                    "depthM": 0.325,
                    "sillM": 0.85,
                    "heightM": 1.45,
                    "basis": "CAD facade bank and swing symbols; inferred glazing type, sill and head"
                  },
                  {
                    "kind": "glazedDoor",
                    "a": [0.845683, 0.050616],
                    "b": [0.862321, 0.050616],
                    "depthM": 0.325,
                    "sillM": 0,
                    "heightM": 2.3,
                    "basis": "CAD facade bank and swing symbols; inferred glazing type, sill and head"
                  },
                  {
                    "kind": "window",
                    "a": [0.862321, 0.050616],
                    "b": [0.880644, 0.050616],
                    "depthM": 0.325,
                    "sillM": 0.85,
                    "heightM": 1.45,
                    "basis": "CAD facade bank and swing symbols; inferred glazing type, sill and head"
                  },
                  {
                    "kind": "door",
                    "a": [0.773323, 0.362641],
                    "b": [0.773323, 0.383486],
                    "depthM": 0.325,
                    "sillM": 0,
                    "heightM": 2.1,
                    "hinge": [0.776544, 0.38217],
                    "openTip": [0.794908, 0.38217],
                    "basis": "CAD door swing; inferred head height"
                  },
                  {
                    "kind": "window",
                    "a": [0.808093, 0.05296],
                    "b": [0.809599, 0.05296],
                    "depthM": 0.09,
                    "sillM": 0.85,
                    "heightM": 1.45,
                    "basis": "CAD facade bank and swing symbols; inferred glazing type, sill and head"
                  },
                  {
                    "kind": "glazedDoor",
                    "a": [0.809599, 0.05296],
                    "b": [0.824731, 0.05296],
                    "depthM": 0.09,
                    "sillM": 0,
                    "heightM": 2.3,
                    "basis": "CAD facade bank and swing symbols; inferred glazing type, sill and head"
                  },
                  {
                    "kind": "window",
                    "a": [0.824731, 0.05296],
                    "b": [0.826457, 0.05296],
                    "depthM": 0.09,
                    "sillM": 0.85,
                    "heightM": 1.45,
                    "basis": "CAD facade bank and swing symbols; inferred glazing type, sill and head"
                  },
                  {
                    "kind": "door",
                    "a": [0.735593, 0.730968],
                    "b": [0.735593, 0.751713],
                    "depthM": 0.205,
                    "sillM": 0,
                    "heightM": 2.1,
                    "hinge": [0.733556, 0.732204],
                    "openTip": [0.715192, 0.732204],
                    "basis": "CAD door swing; inferred head height"
                  },
                  {
                    "kind": "door",
                    "a": [0.666404, 0.728424],
                    "b": [0.684767, 0.728424],
                    "depthM": 0.095,
                    "sillM": 0,
                    "heightM": 2.1,
                    "hinge": [0.683643, 0.727497],
                    "openTip": [0.683643, 0.71116],
                    "basis": "CAD door swing; inferred head height"
                  },
                  {
                    "kind": "door",
                    "a": [0.705037, 0.755104],
                    "b": [0.719286, 0.755104],
                    "depthM": 0.12,
                    "sillM": 0,
                    "heightM": 2.1,
                    "hinge": [0.706121, 0.756261],
                    "openTip": [0.706121, 0.768069],
                    "basis": "CAD door swing; inferred head height"
                  },
                  {
                    "kind": "window",
                    "a": [0.583367, 0.689876],
                    "b": [0.583367, 0.708168],
                    "depthM": 0.325,
                    "sillM": 0.85,
                    "heightM": 1.45,
                    "basis": "CAD facade bank and swing symbols; inferred glazing type, sill and head"
                  },
                  {
                    "kind": "glazedDoor",
                    "a": [0.583367, 0.708168],
                    "b": [0.583367, 0.724704],
                    "depthM": 0.325,
                    "sillM": 0,
                    "heightM": 2.3,
                    "basis": "CAD facade bank and swing symbols; inferred glazing type, sill and head"
                  },
                  {
                    "kind": "window",
                    "a": [0.583367, 0.724704],
                    "b": [0.583367, 0.72638],
                    "depthM": 0.325,
                    "sillM": 0.85,
                    "heightM": 1.45,
                    "basis": "CAD facade bank and swing symbols; inferred glazing type, sill and head"
                  },
                  {
                    "kind": "door",
                    "a": [0.666404, 0.574282],
                    "b": [0.68256, 0.574282],
                    "depthM": 0.1,
                    "sillM": 0,
                    "heightM": 2.1,
                    "hinge": [0.681476, 0.573304],
                    "openTip": [0.681476, 0.559122],
                    "basis": "CAD door swing; inferred head height"
                  },
                  {
                    "kind": "door",
                    "a": [0.735844, 0.462078],
                    "b": [0.735844, 0.482225],
                    "depthM": 0.12,
                    "sillM": 0,
                    "heightM": 2.1,
                    "hinge": [0.73464, 0.463993],
                    "openTip": [0.716477, 0.463993],
                    "basis": "CAD door swing; inferred head height"
                  },
                  {
                    "kind": "door",
                    "a": [0.163365, 0.285146],
                    "b": [0.163365, 0.299309],
                    "depthM": 0.13,
                    "sillM": 0,
                    "heightM": 2.1,
                    "hinge": [0.164669, 0.298212],
                    "openTip": [0.17633, 0.298212],
                    "basis": "CAD door swing; inferred head height"
                  },
                  {
                    "kind": "door",
                    "a": [0.795751, 0.842772],
                    "b": [0.810301, 0.842772],
                    "depthM": 0.13,
                    "sillM": 0,
                    "heightM": 2.1,
                    "hinge": [0.809177, 0.841515],
                    "openTip": [0.809177, 0.829926],
                    "basis": "CAD door swing; inferred head height"
                  },
                  {
                    "kind": "door",
                    "a": [0.251821, 0.320553],
                    "b": [0.251821, 0.336909],
                    "depthM": 0.095,
                    "sillM": 0,
                    "heightM": 2.1,
                    "hinge": [0.250867, 0.32161],
                    "openTip": [0.236618, 0.32161],
                    "basis": "CAD door swing; inferred head height"
                  },
                  {
                    "kind": "door",
                    "a": [0.251519, 0.281057],
                    "b": [0.251519, 0.29522],
                    "depthM": 0.125,
                    "sillM": 0,
                    "heightM": 2.1,
                    "hinge": [0.250225, 0.282114],
                    "openTip": [0.238565, 0.282114],
                    "basis": "CAD door swing; inferred head height"
                  },
                  {
                    "kind": "door",
                    "a": [0.278412, 0.153295],
                    "b": [0.278412, 0.171546],
                    "depthM": 0.095,
                    "sillM": 0,
                    "heightM": 2.1,
                    "hinge": [0.279386, 0.170429],
                    "openTip": [0.295823, 0.170429],
                    "basis": "CAD door swing; inferred head height"
                  },
                  {
                    "kind": "door",
                    "a": [0.254981, 0.226401],
                    "b": [0.275954, 0.226401],
                    "depthM": 0.31,
                    "sillM": 0,
                    "heightM": 2.1,
                    "hinge": [0.274649, 0.22327],
                    "openTip": [0.274649, 0.205018],
                    "basis": "CAD door swing; inferred head height"
                  },
                  {
                    "kind": "window",
                    "a": [0.279366, 0.050616],
                    "b": [0.281333, 0.050616],
                    "depthM": 0.325,
                    "sillM": 0.85,
                    "heightM": 1.45,
                    "basis": "CAD facade bank and swing symbols; inferred glazing type, sill and head"
                  },
                  {
                    "kind": "glazedDoor",
                    "a": [0.281333, 0.050616],
                    "b": [0.297769, 0.050616],
                    "depthM": 0.325,
                    "sillM": 0,
                    "heightM": 2.3,
                    "basis": "CAD facade bank and swing symbols; inferred glazing type, sill and head"
                  },
                  {
                    "kind": "window",
                    "a": [0.297769, 0.050616],
                    "b": [0.316093, 0.050616],
                    "depthM": 0.325,
                    "sillM": 0.85,
                    "heightM": 1.45,
                    "basis": "CAD facade bank and swing symbols; inferred glazing type, sill and head"
                  },
                  {
                    "kind": "window",
                    "a": [0.245649, 0.05296],
                    "b": [0.247195, 0.05296],
                    "depthM": 0.09,
                    "sillM": 0.85,
                    "heightM": 1.45,
                    "basis": "CAD facade bank and swing symbols; inferred glazing type, sill and head"
                  },
                  {
                    "kind": "glazedDoor",
                    "a": [0.247195, 0.05296],
                    "b": [0.262327, 0.05296],
                    "depthM": 0.09,
                    "sillM": 0,
                    "heightM": 2.3,
                    "basis": "CAD facade bank and swing symbols; inferred glazing type, sill and head"
                  },
                  {
                    "kind": "window",
                    "a": [0.262327, 0.05296],
                    "b": [0.264013, 0.05296],
                    "depthM": 0.09,
                    "sillM": 0.85,
                    "heightM": 1.45,
                    "basis": "CAD facade bank and swing symbols; inferred glazing type, sill and head"
                  },
                  {
                    "kind": "door",
                    "a": [0.470276, 0.320553],
                    "b": [0.470276, 0.336909],
                    "depthM": 0.095,
                    "sillM": 0,
                    "heightM": 2.1,
                    "hinge": [0.469322, 0.32161],
                    "openTip": [0.455053, 0.32161],
                    "basis": "CAD door swing; inferred head height"
                  },
                  {
                    "kind": "door",
                    "a": [0.469924, 0.281057],
                    "b": [0.469924, 0.29522],
                    "depthM": 0.13,
                    "sillM": 0,
                    "heightM": 2.1,
                    "hinge": [0.46866, 0.282114],
                    "openTip": [0.457, 0.282114],
                    "basis": "CAD door swing; inferred head height"
                  },
                  {
                    "kind": "door",
                    "a": [0.496868, 0.153295],
                    "b": [0.496868, 0.171546],
                    "depthM": 0.095,
                    "sillM": 0,
                    "heightM": 2.1,
                    "hinge": [0.497841, 0.170429],
                    "openTip": [0.514258, 0.170429],
                    "basis": "CAD door swing; inferred head height"
                  },
                  {
                    "kind": "door",
                    "a": [0.473437, 0.223833],
                    "b": [0.496115, 0.223833],
                    "depthM": 0.258,
                    "sillM": 0,
                    "heightM": 2.1,
                    "hinge": [0.493085, 0.22327],
                    "openTip": [0.493085, 0.205018],
                    "basis": "CAD door swing; inferred head height"
                  },
                  {
                    "kind": "window",
                    "a": [0.498925, 0.050616],
                    "b": [0.500651, 0.050616],
                    "depthM": 0.325,
                    "sillM": 0.85,
                    "heightM": 1.45,
                    "basis": "CAD facade bank and swing symbols; inferred glazing type, sill and head"
                  },
                  {
                    "kind": "glazedDoor",
                    "a": [0.500651, 0.050616],
                    "b": [0.517268, 0.050616],
                    "depthM": 0.325,
                    "sillM": 0,
                    "heightM": 2.3,
                    "basis": "CAD facade bank and swing symbols; inferred glazing type, sill and head"
                  },
                  {
                    "kind": "window",
                    "a": [0.517268, 0.050616],
                    "b": [0.535652, 0.050616],
                    "depthM": 0.325,
                    "sillM": 0.85,
                    "heightM": 1.45,
                    "basis": "CAD facade bank and swing symbols; inferred glazing type, sill and head"
                  },
                  {
                    "kind": "window",
                    "a": [0.464104, 0.05296],
                    "b": [0.46563, 0.05296],
                    "depthM": 0.09,
                    "sillM": 0.85,
                    "heightM": 1.45,
                    "basis": "CAD facade bank and swing symbols; inferred glazing type, sill and head"
                  },
                  {
                    "kind": "glazedDoor",
                    "a": [0.46563, 0.05296],
                    "b": [0.480762, 0.05296],
                    "depthM": 0.09,
                    "sillM": 0,
                    "heightM": 2.3,
                    "basis": "CAD facade bank and swing symbols; inferred glazing type, sill and head"
                  },
                  {
                    "kind": "window",
                    "a": [0.480762, 0.05296],
                    "b": [0.482468, 0.05296],
                    "depthM": 0.09,
                    "sillM": 0.85,
                    "heightM": 1.45,
                    "basis": "CAD facade bank and swing symbols; inferred glazing type, sill and head"
                  },
                  {
                    "kind": "door",
                    "a": [0.389346, 0.193887],
                    "b": [0.389346, 0.20805],
                    "depthM": 0.13,
                    "sillM": 0,
                    "heightM": 2.1,
                    "hinge": [0.390671, 0.206953],
                    "openTip": [0.402973, 0.206953],
                    "basis": "CAD door swing; inferred head height"
                  },
                  {
                    "kind": "window",
                    "a": [0.358038, 0.050616],
                    "b": [0.359764, 0.050616],
                    "depthM": 0.325,
                    "sillM": 0.85,
                    "heightM": 1.45,
                    "basis": "CAD facade bank and swing symbols; inferred glazing type, sill and head"
                  },
                  {
                    "kind": "glazedDoor",
                    "a": [0.359764, 0.050616],
                    "b": [0.376401, 0.050616],
                    "depthM": 0.325,
                    "sillM": 0,
                    "heightM": 2.3,
                    "basis": "CAD facade bank and swing symbols; inferred glazing type, sill and head"
                  },
                  {
                    "kind": "window",
                    "a": [0.376401, 0.050616],
                    "b": [0.394765, 0.050616],
                    "depthM": 0.325,
                    "sillM": 0.85,
                    "heightM": 1.45,
                    "basis": "CAD facade bank and swing symbols; inferred glazing type, sill and head"
                  },
                  {
                    "kind": "door",
                    "a": [0.362152, 0.263852],
                    "b": [0.383124, 0.263852],
                    "depthM": 0.195,
                    "sillM": 0,
                    "heightM": 2.1,
                    "hinge": [0.363436, 0.265777],
                    "openTip": [0.363436, 0.284029],
                    "basis": "CAD door swing; inferred head height"
                  },
                  {
                    "kind": "door",
                    "a": [0.635798, 0.232086],
                    "b": [0.635798, 0.254427],
                    "depthM": 0.12,
                    "sillM": 0,
                    "heightM": 2.1,
                    "hinge": [0.634594, 0.233363],
                    "openTip": [0.614504, 0.233363],
                    "basis": "CAD door swing; inferred head height"
                  },
                  {
                    "kind": "window",
                    "a": [0.576473, 0.460882],
                    "b": [0.588575, 0.460882],
                    "depthM": 0.12,
                    "sillM": 0.85,
                    "heightM": 1.45,
                    "basis": "CAD facade bank and swing symbols; inferred glazing type, sill and head"
                  },
                  {
                    "kind": "door",
                    "a": [0.703933, 0.361046],
                    "b": [0.72039, 0.361046],
                    "depthM": 0.12,
                    "sillM": 0,
                    "heightM": 2.1,
                    "hinge": [0.719086, 0.359849],
                    "openTip": [0.719086, 0.346105],
                    "basis": "CAD door swing; inferred head height"
                  },
                  {
                    "kind": "door",
                    "a": [0.746079, 0.361046],
                    "b": [0.762536, 0.361046],
                    "depthM": 0.12,
                    "sillM": 0,
                    "heightM": 2.1,
                    "hinge": [0.761211, 0.359849],
                    "openTip": [0.761211, 0.346105],
                    "basis": "CAD door swing; inferred head height"
                  },
                  {
                    "kind": "door",
                    "a": [0.616832, 0.460882],
                    "b": [0.631182, 0.460882],
                    "depthM": 0.12,
                    "sillM": 0,
                    "heightM": 2.1,
                    "hinge": [0.630058, 0.459705],
                    "openTip": [0.630058, 0.447457],
                    "basis": "CAD door swing; inferred head height"
                  }
                ],
                "stairs": [
                  {
                    "a": [0.60569, 0.274159],
                    "b": [0.590025, 0.274159],
                    "widthPdfPoints": 7.2,
                    "steps": 3,
                    "riseFraction": [0, 0.2],
                    "widthM": 1.2918816,
                    "fromM": 0,
                    "toM": 0.6000000000000001
                  },
                  {
                    "a": [0.576413, 0.287581],
                    "b": [0.576413, 0.332319],
                    "widthPdfPoints": 7.2,
                    "steps": 9,
                    "riseFraction": [0.2, 0.8],
                    "widthM": 1.2918816,
                    "fromM": 0.6000000000000001,
                    "toM": 2.4000000000000004
                  },
                  {
                    "a": [0.590025, 0.345383],
                    "b": [0.60569, 0.345383],
                    "widthPdfPoints": 7.2,
                    "steps": 3,
                    "riseFraction": [0.8, 1],
                    "widthM": 1.2918816,
                    "fromM": 2.4000000000000004,
                    "toM": 3
                  }
                ],
                "landings": [],
                "platforms": [
                  {
                    "rings": [
                      [
                        [0.562838, 0.261632],
                        [0.590025, 0.261632],
                        [0.590025, 0.287581],
                        [0.562838, 0.287581]
                      ]
                    ],
                    "elevationM": 0.6000000000000001
                  },
                  {
                    "rings": [
                      [
                        [0.562838, 0.332319],
                        [0.590025, 0.332319],
                        [0.590025, 0.358268],
                        [0.562838, 0.358268]
                      ]
                    ],
                    "elevationM": 2.4000000000000004
                  }
                ],
                "railings": [
                  {
                    "a": [0.542776, 0.891344],
                    "b": [0.542777, 0.949529],
                    "heightM": 1.05
                  },
                  {
                    "a": [0.542777, 0.949529],
                    "b": [0.558531, 0.94953],
                    "heightM": 1.05
                  },
                  {
                    "a": [0.542777, 0.958765],
                    "b": [0.542777, 0.999999],
                    "heightM": 1.05
                  },
                  {
                    "a": [0.543419, 0.997204],
                    "b": [0.753224, 0.997204],
                    "heightM": 1.05
                  },
                  {
                    "a": [0.753866, 0.999999],
                    "b": [0.753866, 0.958765],
                    "heightM": 1.05
                  },
                  {
                    "a": [0.756234, 0.958765],
                    "b": [0.756235, 0.999999],
                    "heightM": 1.05
                  },
                  {
                    "a": [0.756897, 0.997204],
                    "b": [0.966682, 0.997204],
                    "heightM": 1.05
                  },
                  {
                    "a": [0.967324, 0.999999],
                    "b": [0.967324, 0.958765],
                    "heightM": 1.05
                  },
                  {
                    "a": [0.95159, 0.94953],
                    "b": [0.967324, 0.949529],
                    "heightM": 1.05
                  },
                  {
                    "a": [0.967324, 0.949529],
                    "b": [0.967324, 0.891343],
                    "heightM": 1.05
                  }
                ],
                "inference": {
                  "wallFootprints": "closed CAD outlines",
                  "openings": "CAD swing symbols and adjoining jambs",
                  "verticalDimensions": "estimated",
                  "glazingTypes": "inferred",
                  "stairRise": "paired flights split the storey; single flights use storey height / 18 per tread"
                },
                "quality": {
                  "sourceSwingSymbols": 61,
                  "modelledOpenings": 83,
                  "wallAreaM2": 191.94,
                  "floorAreaM2": 1703.08
                }
              }
            },
            {
              "id": "F-layout-3",
              "source": {
                "url": "https://pionir.hr/wp-content/katalozi/spansko_sjever/objekt_f/Spansko_sjever-F-128.pdf",
                "sha256": "63b0942cf9356c98990f7c89ff7a426418f681ecb316296641f8614c8427dd3f",
                "page": 1,
                "crop": [146.6, 526.4, 424.3, 805.8],
                "wallExtraction": "orthogonal-network",
                "reviewedStairGeometry": {
                  "flights": [
                    {
                      "a": [0.60569, 0.274159],
                      "b": [0.590025, 0.274159],
                      "widthPdfPoints": 7.2,
                      "steps": 3,
                      "riseFraction": [0, 0.2]
                    },
                    {
                      "a": [0.576413, 0.287581],
                      "b": [0.576413, 0.332319],
                      "widthPdfPoints": 7.2,
                      "steps": 9,
                      "riseFraction": [0.2, 0.8]
                    },
                    {
                      "a": [0.590025, 0.345383],
                      "b": [0.60569, 0.345383],
                      "widthPdfPoints": 7.2,
                      "steps": 3,
                      "riseFraction": [0.8, 1]
                    }
                  ],
                  "landings": [
                    [
                      [0.562838, 0.261632],
                      [0.590025, 0.261632],
                      [0.590025, 0.287581],
                      [0.562838, 0.287581]
                    ],
                    [
                      [0.562838, 0.332319],
                      [0.590025, 0.332319],
                      [0.590025, 0.358268],
                      [0.562838, 0.358268]
                    ]
                  ],
                  "voids": [
                    [
                      [0.562838, 0.261632],
                      [0.60641, 0.261632],
                      [0.60641, 0.358268],
                      [0.562838, 0.358268]
                    ]
                  ],
                  "landingRiseFractions": [0.2, 0.8]
                }
              },
              "sourceVectorSha256": "83d54e353463ee7cd68be97dca123778775c9710f8aafc82e83946404d1e01de",
              "architecture": {
                "schema": "consensus-builder.floor-architecture.v1",
                "dimensionsM": [49.8272, 50.1322],
                "wallHeightM": 2.8,
                "slabThicknessM": 0.2,
                "walls": [
                  [
                    [
                      [0.998652, 0.661551],
                      [0.998652, 0.535285],
                      [0.994939, 0.535285],
                      [0.994939, 0.661551]
                    ]
                  ],
                  [
                    [
                      [0.998652, 0.529899],
                      [0.998652, 0.403832],
                      [0.994939, 0.403832],
                      [0.994939, 0.529899]
                    ]
                  ],
                  [
                    [
                      [0.994939, 0.398048],
                      [0.998652, 0.398048],
                      [0.998652, 0.318658],
                      [0.994939, 0.318658]
                    ]
                  ],
                  [
                    [
                      [0.805083, 0.753907],
                      [0.805083, 0.756301],
                      [0.826457, 0.756301],
                      [0.826457, 0.7945],
                      [0.78973, 0.7945],
                      [0.78973, 0.787418],
                      [0.776585, 0.787418],
                      [0.776585, 0.756301],
                      [0.790834, 0.756301],
                      [0.790834, 0.753907],
                      [0.776585, 0.753907],
                      [0.776585, 0.751713],
                      [0.775079, 0.751713],
                      [0.775079, 0.750915],
                      [0.770062, 0.750915],
                      [0.770062, 0.847559],
                      [0.776585, 0.847559],
                      [0.776585, 0.844069],
                      [0.795751, 0.844069],
                      [0.795751, 0.841475],
                      [0.776585, 0.841475],
                      [0.776585, 0.798389],
                      [0.813312, 0.798389],
                      [0.813312, 0.810557],
                      [0.82455, 0.810557],
                      [0.82455, 0.841475],
                      [0.810301, 0.841475],
                      [0.810301, 0.844069],
                      [0.82455, 0.844069],
                      [0.82455, 0.842971],
                      [0.828665, 0.842971],
                      [0.828665, 0.798389],
                      [0.848935, 0.798389],
                      [0.848935, 0.842174],
                      [0.847831, 0.842174],
                      [0.847831, 0.844069],
                      [0.851945, 0.844069],
                      [0.851945, 0.842174],
                      [0.851042, 0.842174],
                      [0.851042, 0.798389],
                      [0.967344, 0.798389],
                      [0.967344, 0.854142],
                      [0.883755, 0.854142],
                      [0.883755, 0.842174],
                      [0.868402, 0.842174],
                      [0.868402, 0.844069],
                      [0.869506, 0.844069],
                      [0.869506, 0.870499],
                      [0.867298, 0.870499],
                      [0.867298, 0.872394],
                      [0.871412, 0.872394],
                      [0.871412, 0.858231],
                      [0.967344, 0.858231],
                      [0.967344, 0.94949],
                      [0.878537, 0.94949],
                      [0.878537, 0.956172],
                      [0.973766, 0.956172],
                      [0.973766, 0.798988],
                      [0.998652, 0.798988],
                      [0.998652, 0.667535],
                      [0.994939, 0.667535],
                      [0.994939, 0.791906],
                      [0.953496, 0.791906],
                      [0.953496, 0.760988],
                      [0.950084, 0.760988],
                      [0.950084, 0.763382],
                      [0.948579, 0.763382],
                      [0.948579, 0.760988],
                      [0.946974, 0.760988],
                      [0.946974, 0.7945],
                      [0.830571, 0.7945],
                      [0.830571, 0.755802],
                      [0.831675, 0.755802],
                      [0.831675, 0.753907]
                    ],
                    [
                      [0.96905, 0.88875],
                      [0.96905, 0.872394],
                      [0.970354, 0.872394],
                      [0.970354, 0.88875]
                    ],
                    [
                      [0.96905, 0.851848],
                      [0.96905, 0.815345],
                      [0.970354, 0.815345],
                      [0.970354, 0.851848]
                    ],
                    [
                      [0.950084, 0.776447],
                      [0.950084, 0.77924],
                      [0.948579, 0.77924],
                      [0.948579, 0.776447]
                    ],
                    [
                      [0.946171, 0.951285],
                      [0.948981, 0.951285],
                      [0.948981, 0.952781],
                      [0.946171, 0.952781]
                    ],
                    [
                      [0.932724, 0.951285],
                      [0.935333, 0.951285],
                      [0.935333, 0.952781],
                      [0.932724, 0.952781]
                    ]
                  ],
                  [
                    [
                      [0.776585, 0.577374],
                      [0.776585, 0.575279],
                      [0.790834, 0.575279],
                      [0.790834, 0.572686],
                      [0.776585, 0.572686],
                      [0.776585, 0.541768],
                      [0.78973, 0.541768],
                      [0.78973, 0.534686],
                      [0.826457, 0.534686],
                      [0.826457, 0.572686],
                      [0.805083, 0.572686],
                      [0.805083, 0.575279],
                      [0.831675, 0.575279],
                      [0.831675, 0.573284],
                      [0.830571, 0.573284],
                      [0.830571, 0.534686],
                      [0.946974, 0.534686],
                      [0.946974, 0.568098],
                      [0.948579, 0.568098],
                      [0.948579, 0.565804],
                      [0.950084, 0.565804],
                      [0.950084, 0.568098],
                      [0.953496, 0.568098],
                      [0.953496, 0.534686],
                      [0.99805, 0.534686],
                      [0.99805, 0.530597],
                      [0.953496, 0.530597],
                      [0.953496, 0.497086],
                      [0.950084, 0.497086],
                      [0.950084, 0.499679],
                      [0.948579, 0.499679],
                      [0.948579, 0.497086],
                      [0.946974, 0.497086],
                      [0.946974, 0.530597],
                      [0.830571, 0.530597],
                      [0.830571, 0.492099],
                      [0.831675, 0.492099],
                      [0.831675, 0.490005],
                      [0.805083, 0.490005],
                      [0.805083, 0.492598],
                      [0.826457, 0.492598],
                      [0.826457, 0.530597],
                      [0.78973, 0.530597],
                      [0.78973, 0.523516],
                      [0.776585, 0.523516],
                      [0.776585, 0.492598],
                      [0.790834, 0.492598],
                      [0.790834, 0.490005],
                      [0.776585, 0.490005],
                      [0.776585, 0.48801],
                      [0.775079, 0.48801],
                      [0.775079, 0.487212],
                      [0.770062, 0.487212],
                      [0.770062, 0.577374]
                    ],
                    [
                      [0.950084, 0.549846],
                      [0.950084, 0.552639],
                      [0.948579, 0.552639],
                      [0.948579, 0.549846]
                    ],
                    [
                      [0.950084, 0.512744],
                      [0.950084, 0.515338],
                      [0.948579, 0.515338],
                      [0.948579, 0.512744]
                    ]
                  ],
                  [
                    [
                      [0.675034, 0.267892],
                      [0.675034, 0.265398],
                      [0.673729, 0.265398],
                      [0.673729, 0.261509],
                      [0.637002, 0.261509],
                      [0.637002, 0.253131],
                      [0.634594, 0.253131],
                      [0.634594, 0.362242],
                      [0.647338, 0.362242],
                      [0.647338, 0.358153],
                      [0.638708, 0.358153],
                      [0.638708, 0.31756],
                      [0.687778, 0.31756],
                      [0.687778, 0.358153],
                      [0.679148, 0.358153],
                      [0.679148, 0.362242],
                      [0.703933, 0.362242],
                      [0.703933, 0.359849],
                      [0.691892, 0.359849],
                      [0.691892, 0.326138],
                      [0.702428, 0.326138],
                      [0.702428, 0.31756],
                      [0.732733, 0.31756],
                      [0.732733, 0.359849],
                      [0.72039, 0.359849],
                      [0.72039, 0.362242],
                      [0.747384, 0.362242],
                      [0.747384, 0.359849],
                      [0.735041, 0.359849],
                      [0.735041, 0.31756],
                      [0.762536, 0.31756],
                      [0.762536, 0.326138],
                      [0.77247, 0.326138],
                      [0.77247, 0.359849],
                      [0.763539, 0.359849],
                      [0.763539, 0.362242],
                      [0.773976, 0.362242],
                      [0.773976, 0.362641],
                      [0.776585, 0.362641],
                      [0.776585, 0.35556],
                      [0.791938, 0.35556],
                      [0.791938, 0.353166],
                      [0.776585, 0.353166],
                      [0.776585, 0.330825],
                      [0.783709, 0.330825],
                      [0.783709, 0.31756],
                      [0.826457, 0.31756],
                      [0.826457, 0.353166],
                      [0.806187, 0.353166],
                      [0.806187, 0.35556],
                      [0.830571, 0.35556],
                      [0.830571, 0.31756],
                      [0.946974, 0.31756],
                      [0.946974, 0.349077],
                      [0.953496, 0.349077],
                      [0.953496, 0.31756],
                      [0.99805, 0.31756],
                      [0.99805, 0.313471],
                      [0.953496, 0.313471],
                      [0.953496, 0.002493],
                      [0.765948, 0.002493],
                      [0.765948, 0.006184],
                      [0.947877, 0.006184],
                      [0.947877, 0.047375],
                      [0.880644, 0.047375],
                      [0.880644, 0.053858],
                      [0.946974, 0.053858],
                      [0.946974, 0.203263],
                      [0.865793, 0.203263],
                      [0.865793, 0.191294],
                      [0.851042, 0.191294],
                      [0.851042, 0.203961],
                      [0.850038, 0.203961],
                      [0.850038, 0.205856],
                      [0.851042, 0.205856],
                      [0.851042, 0.21922],
                      [0.853049, 0.21922],
                      [0.853049, 0.205856],
                      [0.946974, 0.205856],
                      [0.946974, 0.258716],
                      [0.853049, 0.258716],
                      [0.853049, 0.235278],
                      [0.851042, 0.235278],
                      [0.851042, 0.253729],
                      [0.848935, 0.253729],
                      [0.848935, 0.255724],
                      [0.851042, 0.255724],
                      [0.851042, 0.260811],
                      [0.946974, 0.260811],
                      [0.946974, 0.313471],
                      [0.830571, 0.313471],
                      [0.830571, 0.254627],
                      [0.826457, 0.254627],
                      [0.826457, 0.253729],
                      [0.809197, 0.253729],
                      [0.809197, 0.255724],
                      [0.826457, 0.255724],
                      [0.826457, 0.313471],
                      [0.78973, 0.313471],
                      [0.78973, 0.30639],
                      [0.776585, 0.30639],
                      [0.776585, 0.255724],
                      [0.794948, 0.255724],
                      [0.794948, 0.253729],
                      [0.764643, 0.253729],
                      [0.764643, 0.255724],
                      [0.773976, 0.255724],
                      [0.773976, 0.313471],
                      [0.706944, 0.313471],
                      [0.706944, 0.251136],
                      [0.705639, 0.251136],
                      [0.705639, 0.250538],
                      [0.701124, 0.250538],
                      [0.701124, 0.265398],
                      [0.69139, 0.265398],
                      [0.69139, 0.267892],
                      [0.704636, 0.267892],
                      [0.704636, 0.313471],
                      [0.649746, 0.313471],
                      [0.649746, 0.267892]
                    ],
                    [
                      [0.77247, 0.31756],
                      [0.773976, 0.31756],
                      [0.773976, 0.326138],
                      [0.77247, 0.326138]
                    ],
                    [
                      [0.950084, 0.285944],
                      [0.948579, 0.285944],
                      [0.948579, 0.284249],
                      [0.950084, 0.284249]
                    ],
                    [
                      [0.950084, 0.229294],
                      [0.948579, 0.229294],
                      [0.948579, 0.227299],
                      [0.950084, 0.227299]
                    ],
                    [
                      [0.950084, 0.300605],
                      [0.950084, 0.303398],
                      [0.948579, 0.303398],
                      [0.948579, 0.300605]
                    ],
                    [
                      [0.950084, 0.266894],
                      [0.950084, 0.269687],
                      [0.948579, 0.269687],
                      [0.948579, 0.266894]
                    ],
                    [
                      [0.950084, 0.243855],
                      [0.950084, 0.246648],
                      [0.948579, 0.246648],
                      [0.948579, 0.243855]
                    ],
                    [
                      [0.950084, 0.209945],
                      [0.950084, 0.212738],
                      [0.948579, 0.212738],
                      [0.948579, 0.209945]
                    ],
                    [
                      [0.950084, 0.191095],
                      [0.950084, 0.193887],
                      [0.948579, 0.193887],
                      [0.948579, 0.191095]
                    ],
                    [
                      [0.950084, 0.175636],
                      [0.950084, 0.178428],
                      [0.948579, 0.178428],
                      [0.948579, 0.175636]
                    ],
                    [
                      [0.950084, 0.156686],
                      [0.950084, 0.159279],
                      [0.948579, 0.159279],
                      [0.948579, 0.156686]
                    ],
                    [
                      [0.950084, 0.141027],
                      [0.950084, 0.14382],
                      [0.948579, 0.14382],
                      [0.948579, 0.141027]
                    ],
                    [
                      [0.950084, 0.122077],
                      [0.950084, 0.12487],
                      [0.948579, 0.12487],
                      [0.948579, 0.122077]
                    ],
                    [
                      [0.950084, 0.106618],
                      [0.950084, 0.109211],
                      [0.948579, 0.109211],
                      [0.948579, 0.106618]
                    ],
                    [
                      [0.950084, 0.087568],
                      [0.950084, 0.090361],
                      [0.948579, 0.090361],
                      [0.948579, 0.087568]
                    ],
                    [
                      [0.950084, 0.072109],
                      [0.950084, 0.074902],
                      [0.948579, 0.074902],
                      [0.948579, 0.072109]
                    ]
                  ],
                  [
                    [
                      [0.776585, 0.383486],
                      [0.770062, 0.383486],
                      [0.770062, 0.452205],
                      [0.762536, 0.452205],
                      [0.762536, 0.459685],
                      [0.761432, 0.459685],
                      [0.761432, 0.462078],
                      [0.770062, 0.462078],
                      [0.770062, 0.467863],
                      [0.775079, 0.467863],
                      [0.775079, 0.467265],
                      [0.776585, 0.467265],
                      [0.776585, 0.453501],
                      [0.82455, 0.453501],
                      [0.82455, 0.465669],
                      [0.828665, 0.465669],
                      [0.828665, 0.463774],
                      [0.826457, 0.463774],
                      [0.826457, 0.450908],
                      [0.776585, 0.450908],
                      [0.776585, 0.415003],
                      [0.788626, 0.415003],
                      [0.788626, 0.402835],
                      [0.826457, 0.402835],
                      [0.826457, 0.415003],
                      [0.830571, 0.415003],
                      [0.830571, 0.402835],
                      [0.946974, 0.402835],
                      [0.946974, 0.426173],
                      [0.953496, 0.426173],
                      [0.953496, 0.402835],
                      [0.99805, 0.402835],
                      [0.99805, 0.398746],
                      [0.953496, 0.398746],
                      [0.953496, 0.385581],
                      [0.946974, 0.385581],
                      [0.946974, 0.398746],
                      [0.788626, 0.398746],
                      [0.788626, 0.386478],
                      [0.776585, 0.386478]
                    ]
                  ],
                  [
                    [
                      [0.770062, 0.731765],
                      [0.775079, 0.731765],
                      [0.775079, 0.730968],
                      [0.773976, 0.730968],
                      [0.773976, 0.726579],
                      [0.776585, 0.726579],
                      [0.776585, 0.729172],
                      [0.780699, 0.729172],
                      [0.780699, 0.717403],
                      [0.82455, 0.717403],
                      [0.82455, 0.729372],
                      [0.828665, 0.729372],
                      [0.828665, 0.727477],
                      [0.826457, 0.727477],
                      [0.826457, 0.71481],
                      [0.776585, 0.71481],
                      [0.776585, 0.678706],
                      [0.788626, 0.678706],
                      [0.788626, 0.666538],
                      [0.826457, 0.666538],
                      [0.826457, 0.678706],
                      [0.830571, 0.678706],
                      [0.830571, 0.666538],
                      [0.946974, 0.666538],
                      [0.946974, 0.689876],
                      [0.953496, 0.689876],
                      [0.953496, 0.666538],
                      [0.99805, 0.666538],
                      [0.99805, 0.662449],
                      [0.953496, 0.662449],
                      [0.953496, 0.63921],
                      [0.946974, 0.63921],
                      [0.946974, 0.662449],
                      [0.830571, 0.662449],
                      [0.830571, 0.650381],
                      [0.826457, 0.650381],
                      [0.826457, 0.662449],
                      [0.788626, 0.662449],
                      [0.788626, 0.650381],
                      [0.776585, 0.650381],
                      [0.776585, 0.614276],
                      [0.826457, 0.614276],
                      [0.826457, 0.60161],
                      [0.828665, 0.60161],
                      [0.828665, 0.599715],
                      [0.82455, 0.599715],
                      [0.82455, 0.611783],
                      [0.776585, 0.611783],
                      [0.776585, 0.598219],
                      [0.770062, 0.598219]
                    ]
                  ],
                  [
                    [
                      [0.946974, 0.587447],
                      [0.851945, 0.587447],
                      [0.851945, 0.573284],
                      [0.847831, 0.573284],
                      [0.847831, 0.575279],
                      [0.850038, 0.575279],
                      [0.850038, 0.599715],
                      [0.847028, 0.599715],
                      [0.847028, 0.60161],
                      [0.851945, 0.60161],
                      [0.851945, 0.589442],
                      [0.946974, 0.589442],
                      [0.946974, 0.602707],
                      [0.953496, 0.602707],
                      [0.953496, 0.58635],
                      [0.946974, 0.58635]
                    ]
                  ],
                  [
                    [
                      [0.847831, 0.755802],
                      [0.851945, 0.755802],
                      [0.851945, 0.741639],
                      [0.946974, 0.741639],
                      [0.946974, 0.742736],
                      [0.953496, 0.742736],
                      [0.953496, 0.72638],
                      [0.946974, 0.72638],
                      [0.946974, 0.739545],
                      [0.851945, 0.739545],
                      [0.851945, 0.727477],
                      [0.847028, 0.727477],
                      [0.847028, 0.729372],
                      [0.850038, 0.729372],
                      [0.850038, 0.753907],
                      [0.847831, 0.753907]
                    ]
                  ],
                  [
                    [
                      [0.847831, 0.492099],
                      [0.851945, 0.492099],
                      [0.851945, 0.477936],
                      [0.946974, 0.477936],
                      [0.946974, 0.478834],
                      [0.953496, 0.478834],
                      [0.953496, 0.462677],
                      [0.946974, 0.462677],
                      [0.946974, 0.475842],
                      [0.851945, 0.475842],
                      [0.851945, 0.463774],
                      [0.847028, 0.463774],
                      [0.847028, 0.465669],
                      [0.850038, 0.465669],
                      [0.850038, 0.490005],
                      [0.847831, 0.490005]
                    ]
                  ],
                  [
                    [
                      [0.950084, 0.692669],
                      [0.948579, 0.692669],
                      [0.948579, 0.70733],
                      [0.950084, 0.70733]
                    ]
                  ],
                  [
                    [
                      [0.948579, 0.709026],
                      [0.948579, 0.723587],
                      [0.950084, 0.723587],
                      [0.950084, 0.709026]
                    ]
                  ],
                  [
                    [
                      [0.948579, 0.35167],
                      [0.948579, 0.366332],
                      [0.950084, 0.366332],
                      [0.950084, 0.35167]
                    ]
                  ],
                  [
                    [
                      [0.948579, 0.428766],
                      [0.948579, 0.443627],
                      [0.950084, 0.443627],
                      [0.950084, 0.428766]
                    ]
                  ],
                  [
                    [
                      [0.950084, 0.445323],
                      [0.948579, 0.445323],
                      [0.948579, 0.459884],
                      [0.950084, 0.459884]
                    ]
                  ],
                  [
                    [
                      [0.950084, 0.481627],
                      [0.948579, 0.481627],
                      [0.948579, 0.494692],
                      [0.950084, 0.494692]
                    ]
                  ],
                  [
                    [
                      [0.948579, 0.74533],
                      [0.948579, 0.758395],
                      [0.950084, 0.758395],
                      [0.950084, 0.74533]
                    ]
                  ],
                  [
                    [
                      [0.949181, 0.570492],
                      [0.949181, 0.583657],
                      [0.950084, 0.583657],
                      [0.950084, 0.570492]
                    ]
                  ],
                  [
                    [
                      [0.950084, 0.621856],
                      [0.948579, 0.621856],
                      [0.948579, 0.636418],
                      [0.950084, 0.636418]
                    ]
                  ],
                  [
                    [
                      [0.948579, 0.368227],
                      [0.948579, 0.382788],
                      [0.950084, 0.382788],
                      [0.950084, 0.368227]
                    ]
                  ],
                  [
                    [
                      [0.875727, 0.951285],
                      [0.861077, 0.951285],
                      [0.861077, 0.952781],
                      [0.875727, 0.952781]
                    ]
                  ],
                  [
                    [
                      [0.85927, 0.952781],
                      [0.85927, 0.951285],
                      [0.84462, 0.951285],
                      [0.84462, 0.952781]
                    ]
                  ],
                  [
                    [
                      [0.811104, 0.870499],
                      [0.811104, 0.874588],
                      [0.82455, 0.874588],
                      [0.82455, 0.94949],
                      [0.811104, 0.94949],
                      [0.811104, 0.956172],
                      [0.84181, 0.956172],
                      [0.84181, 0.94949],
                      [0.828665, 0.94949],
                      [0.828665, 0.884661],
                      [0.847831, 0.884661],
                      [0.847831, 0.872394],
                      [0.848935, 0.872394],
                      [0.848935, 0.870499],
                      [0.845924, 0.870499],
                      [0.845924, 0.882766],
                      [0.828665, 0.882766],
                      [0.828665, 0.870499]
                    ]
                  ],
                  [
                    [
                      [0.813512, 0.169552],
                      [0.813512, 0.173441],
                      [0.828665, 0.173441],
                      [0.828665, 0.205856],
                      [0.830571, 0.205856],
                      [0.830571, 0.053858],
                      [0.843917, 0.053858],
                      [0.843917, 0.047375],
                      [0.826457, 0.047375],
                      [0.826457, 0.169552]
                    ]
                  ],
                  [
                    [
                      [0.808495, 0.952781],
                      [0.808495, 0.951285],
                      [0.795349, 0.951285],
                      [0.795349, 0.952781]
                    ]
                  ],
                  [
                    [
                      [0.751899, 0.052062],
                      [0.733536, 0.052062],
                      [0.733536, 0.053858],
                      [0.761231, 0.053858],
                      [0.761231, 0.169552],
                      [0.704435, 0.169552],
                      [0.704435, 0.173441],
                      [0.716276, 0.173441],
                      [0.716276, 0.189798],
                      [0.703933, 0.189798],
                      [0.703933, 0.194885],
                      [0.706542, 0.194885],
                      [0.706542, 0.191693],
                      [0.718183, 0.191693],
                      [0.718183, 0.173441],
                      [0.761231, 0.173441],
                      [0.761231, 0.209945],
                      [0.754107, 0.209945],
                      [0.754107, 0.22331],
                      [0.706542, 0.22331],
                      [0.706542, 0.209047],
                      [0.703933, 0.209047],
                      [0.703933, 0.22331],
                      [0.702027, 0.22331],
                      [0.702027, 0.224806],
                      [0.701124, 0.224806],
                      [0.701124, 0.231189],
                      [0.705639, 0.231189],
                      [0.705639, 0.230391],
                      [0.704636, 0.230391],
                      [0.704636, 0.227299],
                      [0.796253, 0.227299],
                      [0.796253, 0.221115],
                      [0.794246, 0.221115],
                      [0.794246, 0.224806],
                      [0.765346, 0.224806],
                      [0.765346, 0.191693],
                      [0.771768, 0.191693],
                      [0.771768, 0.173441],
                      [0.794246, 0.173441],
                      [0.794246, 0.206953],
                      [0.796253, 0.206953],
                      [0.796253, 0.173441],
                      [0.797055, 0.173441],
                      [0.797055, 0.169552],
                      [0.765346, 0.169552],
                      [0.765346, 0.053858],
                      [0.808093, 0.053858],
                      [0.808093, 0.052062],
                      [0.78973, 0.052062],
                      [0.78973, 0.050866],
                      [0.808093, 0.050866],
                      [0.808093, 0.047375],
                      [0.765346, 0.047375],
                      [0.765346, 0.003192],
                      [0.761231, 0.003192],
                      [0.761231, 0.047375],
                      [0.733536, 0.047375],
                      [0.733536, 0.050866],
                      [0.751899, 0.050866]
                    ]
                  ],
                  [
                    [
                      [0.71738, 0.952781],
                      [0.71738, 0.956172],
                      [0.753906, 0.956172],
                      [0.753906, 0.955773],
                      [0.756214, 0.955773],
                      [0.756214, 0.956172],
                      [0.79274, 0.956172],
                      [0.79274, 0.952781],
                      [0.790332, 0.952781],
                      [0.790332, 0.951285],
                      [0.79274, 0.951285],
                      [0.79274, 0.94949],
                      [0.757117, 0.94949],
                      [0.757117, 0.874588],
                      [0.794948, 0.874588],
                      [0.794948, 0.870499],
                      [0.76946, 0.870499],
                      [0.76946, 0.867706],
                      [0.735041, 0.867706],
                      [0.735041, 0.868404],
                      [0.736145, 0.868404],
                      [0.736145, 0.870499],
                      [0.715172, 0.870499],
                      [0.715172, 0.874588],
                      [0.753003, 0.874588],
                      [0.753003, 0.94949],
                      [0.71738, 0.94949],
                      [0.71738, 0.951285],
                      [0.719688, 0.951285],
                      [0.719688, 0.952781]
                    ],
                    [
                      [0.777187, 0.951285],
                      [0.777187, 0.952781],
                      [0.774377, 0.952781],
                      [0.774377, 0.951285]
                    ],
                    [
                      [0.732934, 0.951285],
                      [0.735743, 0.951285],
                      [0.735743, 0.952781],
                      [0.732934, 0.952781]
                    ]
                  ],
                  [
                    [
                      [0.760529, 0.006184],
                      [0.760529, 0.002493],
                      [0.56415, 0.002493],
                      [0.56415, 0.006184]
                    ]
                  ],
                  [
                    [
                      [0.546891, 0.261908],
                      [0.493506, 0.261908],
                      [0.493506, 0.264501],
                      [0.494409, 0.264501],
                      [0.494409, 0.265797],
                      [0.507956, 0.265797],
                      [0.507956, 0.313471],
                      [0.495914, 0.313471],
                      [0.495914, 0.31756],
                      [0.497821, 0.31756],
                      [0.497821, 0.315566],
                      [0.510565, 0.315566],
                      [0.510565, 0.265797],
                      [0.546891, 0.265797],
                      [0.546891, 0.278065],
                      [0.558932, 0.278065],
                      [0.558932, 0.315566],
                      [0.546891, 0.315566],
                      [0.546891, 0.319655],
                      [0.557427, 0.319655],
                      [0.557427, 0.435249],
                      [0.534548, 0.435249],
                      [0.534548, 0.441632],
                      [0.556624, 0.441632],
                      [0.556624, 0.475842],
                      [0.43109, 0.475842],
                      [0.43109, 0.479433],
                      [0.556624, 0.479433],
                      [0.556624, 0.529899],
                      [0.53806, 0.529899],
                      [0.53806, 0.53718],
                      [0.543679, 0.53718],
                      [0.543679, 0.661551],
                      [0.548797, 0.661551],
                      [0.548797, 0.53718],
                      [0.580105, 0.53718],
                      [0.580105, 0.602707],
                      [0.586628, 0.602707],
                      [0.586628, 0.589442],
                      [0.651051, 0.589442],
                      [0.651051, 0.60161],
                      [0.666404, 0.60161],
                      [0.666404, 0.599715],
                      [0.652957, 0.599715],
                      [0.652957, 0.575279],
                      [0.666404, 0.575279],
                      [0.666404, 0.573284],
                      [0.651051, 0.573284],
                      [0.651051, 0.587447],
                      [0.586628, 0.587447],
                      [0.586628, 0.534686],
                      [0.683663, 0.534686],
                      [0.683663, 0.573284],
                      [0.68256, 0.573284],
                      [0.68256, 0.575279],
                      [0.705037, 0.575279],
                      [0.705037, 0.572686],
                      [0.687778, 0.572686],
                      [0.687778, 0.534686],
                      [0.726411, 0.534686],
                      [0.726411, 0.547951],
                      [0.733536, 0.547951],
                      [0.733536, 0.572686],
                      [0.719286, 0.572686],
                      [0.719286, 0.575279],
                      [0.733536, 0.575279],
                      [0.733536, 0.577374],
                      [0.735041, 0.577374],
                      [0.735041, 0.578072],
                      [0.73765, 0.578072],
                      [0.73765, 0.534686],
                      [0.737048, 0.534686],
                      [0.737048, 0.482225],
                      [0.73464, 0.482225],
                      [0.73464, 0.484419],
                      [0.72039, 0.484419],
                      [0.72039, 0.486713],
                      [0.73464, 0.486713],
                      [0.73464, 0.529101],
                      [0.691892, 0.529101],
                      [0.691892, 0.486713],
                      [0.706141, 0.486713],
                      [0.706141, 0.484419],
                      [0.674331, 0.484419],
                      [0.674331, 0.486713],
                      [0.687778, 0.486713],
                      [0.687778, 0.529101],
                      [0.646936, 0.529101],
                      [0.646936, 0.486713],
                      [0.660082, 0.486713],
                      [0.660082, 0.484419],
                      [0.631182, 0.484419],
                      [0.631182, 0.486713],
                      [0.644327, 0.486713],
                      [0.644327, 0.529101],
                      [0.603486, 0.529101],
                      [0.603486, 0.486713],
                      [0.616832, 0.486713],
                      [0.616832, 0.484419],
                      [0.589638, 0.484419],
                      [0.589638, 0.486713],
                      [0.601078, 0.486713],
                      [0.601078, 0.529101],
                      [0.563046, 0.529101],
                      [0.563046, 0.486713],
                      [0.575389, 0.486713],
                      [0.575389, 0.484419],
                      [0.563046, 0.484419],
                      [0.563046, 0.462078],
                      [0.575389, 0.462078],
                      [0.575389, 0.459685],
                      [0.563046, 0.459685],
                      [0.563046, 0.416998],
                      [0.601078, 0.416998],
                      [0.601078, 0.459685],
                      [0.589638, 0.459685],
                      [0.589638, 0.462078],
                      [0.616832, 0.462078],
                      [0.616832, 0.459685],
                      [0.603486, 0.459685],
                      [0.603486, 0.416998],
                      [0.644327, 0.416998],
                      [0.644327, 0.459685],
                      [0.631182, 0.459685],
                      [0.631182, 0.462078],
                      [0.660082, 0.462078],
                      [0.660082, 0.459685],
                      [0.646936, 0.459685],
                      [0.646936, 0.416998],
                      [0.687778, 0.416998],
                      [0.687778, 0.459685],
                      [0.674331, 0.459685],
                      [0.674331, 0.462078],
                      [0.706141, 0.462078],
                      [0.706141, 0.459685],
                      [0.691892, 0.459685],
                      [0.691892, 0.416998],
                      [0.73464, 0.416998],
                      [0.73464, 0.459685],
                      [0.72039, 0.459685],
                      [0.72039, 0.462078],
                      [0.738954, 0.462078],
                      [0.738954, 0.459685],
                      [0.737048, 0.459685],
                      [0.737048, 0.412908],
                      [0.608002, 0.412908],
                      [0.608002, 0.403234],
                      [0.603888, 0.403234],
                      [0.603888, 0.412908],
                      [0.563046, 0.412908],
                      [0.563046, 0.362242],
                      [0.603888, 0.362242],
                      [0.603888, 0.371917],
                      [0.608002, 0.371917],
                      [0.608002, 0.358153],
                      [0.563046, 0.358153],
                      [0.563046, 0.261509],
                      [0.564552, 0.261509],
                      [0.564552, 0.26101],
                      [0.549299, 0.26101],
                      [0.549299, 0.253131],
                      [0.546891, 0.253131]
                    ],
                    [
                      [0.583618, 0.587447],
                      [0.583618, 0.550943],
                      [0.584922, 0.550943],
                      [0.584922, 0.587447]
                    ]
                  ],
                  [
                    [
                      [0.631583, 0.956172],
                      [0.631583, 0.94949],
                      [0.542776, 0.94949],
                      [0.542776, 0.858231],
                      [0.638708, 0.858231],
                      [0.638708, 0.872394],
                      [0.642822, 0.872394],
                      [0.642822, 0.870499],
                      [0.640615, 0.870499],
                      [0.640615, 0.844069],
                      [0.641718, 0.844069],
                      [0.641718, 0.842174],
                      [0.626365, 0.842174],
                      [0.626365, 0.854142],
                      [0.542776, 0.854142],
                      [0.542776, 0.798389],
                      [0.658978, 0.798389],
                      [0.658978, 0.842174],
                      [0.658175, 0.842174],
                      [0.658175, 0.844069],
                      [0.662289, 0.844069],
                      [0.662289, 0.842174],
                      [0.661186, 0.842174],
                      [0.661186, 0.798389],
                      [0.681456, 0.798389],
                      [0.681456, 0.842971],
                      [0.68557, 0.842971],
                      [0.68557, 0.844069],
                      [0.699819, 0.844069],
                      [0.699819, 0.841475],
                      [0.68557, 0.841475],
                      [0.68557, 0.810557],
                      [0.696809, 0.810557],
                      [0.696809, 0.798389],
                      [0.733536, 0.798389],
                      [0.733536, 0.841475],
                      [0.714369, 0.841475],
                      [0.714369, 0.844069],
                      [0.733536, 0.844069],
                      [0.733536, 0.847559],
                      [0.735041, 0.847559],
                      [0.735041, 0.848357],
                      [0.73765, 0.848357],
                      [0.73765, 0.751713],
                      [0.733536, 0.751713],
                      [0.733536, 0.753907],
                      [0.719286, 0.753907],
                      [0.719286, 0.756301],
                      [0.733536, 0.756301],
                      [0.733536, 0.781135],
                      [0.726411, 0.781135],
                      [0.726411, 0.7945],
                      [0.687778, 0.7945],
                      [0.687778, 0.756301],
                      [0.705037, 0.756301],
                      [0.705037, 0.753907],
                      [0.68256, 0.753907],
                      [0.68256, 0.755802],
                      [0.683663, 0.755802],
                      [0.683663, 0.7945],
                      [0.586628, 0.7945],
                      [0.586628, 0.741639],
                      [0.651051, 0.741639],
                      [0.651051, 0.755802],
                      [0.666404, 0.755802],
                      [0.666404, 0.753907],
                      [0.652957, 0.753907],
                      [0.652957, 0.729372],
                      [0.666404, 0.729372],
                      [0.666404, 0.727477],
                      [0.651051, 0.727477],
                      [0.651051, 0.739545],
                      [0.586628, 0.739545],
                      [0.586628, 0.72638],
                      [0.580105, 0.72638],
                      [0.580105, 0.791906],
                      [0.548797, 0.791906],
                      [0.548797, 0.667535],
                      [0.543679, 0.667535],
                      [0.543679, 0.791906],
                      [0.536254, 0.791906],
                      [0.536254, 0.956172]
                    ],
                    [
                      [0.584922, 0.741639],
                      [0.584922, 0.778143],
                      [0.583618, 0.778143],
                      [0.583618, 0.741639]
                    ],
                    [
                      [0.577296, 0.952781],
                      [0.574787, 0.952781],
                      [0.574787, 0.951285],
                      [0.577296, 0.951285]
                    ],
                    [
                      [0.56395, 0.952781],
                      [0.56114, 0.952781],
                      [0.56114, 0.951285],
                      [0.56395, 0.951285]
                    ],
                    [
                      [0.539766, 0.88875],
                      [0.539766, 0.872394],
                      [0.54107, 0.872394],
                      [0.54107, 0.88875]
                    ],
                    [
                      [0.54107, 0.815345],
                      [0.54107, 0.851848],
                      [0.539766, 0.851848],
                      [0.539766, 0.815345]
                    ]
                  ],
                  [
                    [
                      [0.580105, 0.689876],
                      [0.586628, 0.689876],
                      [0.586628, 0.666538],
                      [0.721494, 0.666538],
                      [0.721494, 0.678706],
                      [0.733536, 0.678706],
                      [0.733536, 0.727477],
                      [0.684767, 0.727477],
                      [0.684767, 0.729372],
                      [0.733536, 0.729372],
                      [0.733536, 0.730968],
                      [0.73765, 0.730968],
                      [0.73765, 0.597321],
                      [0.735041, 0.597321],
                      [0.735041, 0.598219],
                      [0.733536, 0.598219],
                      [0.733536, 0.599715],
                      [0.684767, 0.599715],
                      [0.684767, 0.60161],
                      [0.733536, 0.60161],
                      [0.733536, 0.650381],
                      [0.721494, 0.650381],
                      [0.721494, 0.662449],
                      [0.586628, 0.662449],
                      [0.586628, 0.63921],
                      [0.580105, 0.63921],
                      [0.580105, 0.662449],
                      [0.538662, 0.662449],
                      [0.538662, 0.666538],
                      [0.580105, 0.666538]
                    ]
                  ],
                  [
                    [
                      [0.640615, 0.148108],
                      [0.664196, 0.148108],
                      [0.664196, 0.149604],
                      [0.666404, 0.149604],
                      [0.666404, 0.148108],
                      [0.670217, 0.148108],
                      [0.670217, 0.146213],
                      [0.644729, 0.146213],
                      [0.644729, 0.053858],
                      [0.703933, 0.053858],
                      [0.703933, 0.146213],
                      [0.686674, 0.146213],
                      [0.686674, 0.148108],
                      [0.703933, 0.148108],
                      [0.703933, 0.149604],
                      [0.706141, 0.149604],
                      [0.706141, 0.053858],
                      [0.715172, 0.053858],
                      [0.715172, 0.047375],
                      [0.627469, 0.047375],
                      [0.627469, 0.053858],
                      [0.640615, 0.053858]
                    ],
                    [
                      [0.699819, 0.052062],
                      [0.663092, 0.052062],
                      [0.663092, 0.050866],
                      [0.699819, 0.050866]
                    ]
                  ],
                  [
                    [
                      [0.66831, 0.94949],
                      [0.66831, 0.956172],
                      [0.699016, 0.956172],
                      [0.699016, 0.94949],
                      [0.68557, 0.94949],
                      [0.68557, 0.874588],
                      [0.699016, 0.874588],
                      [0.699016, 0.870499],
                      [0.681456, 0.870499],
                      [0.681456, 0.882766],
                      [0.664196, 0.882766],
                      [0.664196, 0.870499],
                      [0.661186, 0.870499],
                      [0.661186, 0.872394],
                      [0.662289, 0.872394],
                      [0.662289, 0.884661],
                      [0.681456, 0.884661],
                      [0.681456, 0.94949]
                    ]
                  ],
                  [
                    [
                      [0.496115, 0.21922],
                      [0.496115, 0.22331],
                      [0.498523, 0.22331],
                      [0.498523, 0.225604],
                      [0.496115, 0.225604],
                      [0.496115, 0.227005],
                      [0.493506, 0.227005],
                      [0.493506, 0.229493],
                      [0.546891, 0.229493],
                      [0.546891, 0.23079],
                      [0.549299, 0.23079],
                      [0.549299, 0.2271],
                      [0.614324, 0.2271],
                      [0.614324, 0.229493],
                      [0.634594, 0.229493],
                      [0.634594, 0.225604],
                      [0.637002, 0.225604],
                      [0.637002, 0.229493],
                      [0.681656, 0.229493],
                      [0.681656, 0.224806],
                      [0.681054, 0.224806],
                      [0.681054, 0.22331],
                      [0.666404, 0.22331],
                      [0.666404, 0.197877],
                      [0.664196, 0.197877],
                      [0.664196, 0.22331],
                      [0.645833, 0.22331],
                      [0.645833, 0.209945],
                      [0.638708, 0.209945],
                      [0.638708, 0.173441],
                      [0.664196, 0.173441],
                      [0.664196, 0.183714],
                      [0.666404, 0.183714],
                      [0.666404, 0.167856],
                      [0.664196, 0.167856],
                      [0.664196, 0.169552],
                      [0.634594, 0.169552],
                      [0.634594, 0.22331],
                      [0.575389, 0.22331],
                      [0.575389, 0.211042],
                      [0.563046, 0.211042],
                      [0.563046, 0.225604],
                      [0.558932, 0.225604],
                      [0.558932, 0.211042],
                      [0.546891, 0.211042],
                      [0.546891, 0.22331],
                      [0.510565, 0.22331],
                      [0.510565, 0.173441],
                      [0.497821, 0.173441],
                      [0.497821, 0.171546],
                      [0.495914, 0.171546],
                      [0.495914, 0.175636],
                      [0.507956, 0.175636],
                      [0.507956, 0.21922]
                    ]
                  ],
                  [
                    [
                      [0.649044, 0.952781],
                      [0.649044, 0.951285],
                      [0.634393, 0.951285],
                      [0.634393, 0.952781]
                    ]
                  ],
                  [
                    [
                      [0.6364, 0.232086],
                      [0.6364, 0.251834],
                      [0.637002, 0.251834],
                      [0.637002, 0.232086]
                    ]
                  ],
                  [
                    [
                      [0.558129, 0.002493],
                      [0.43109, 0.002493],
                      [0.43109, 0.006184],
                      [0.558129, 0.006184]
                    ]
                  ],
                  [
                    [
                      [0.483572, 0.053858],
                      [0.483572, 0.148108],
                      [0.469322, 0.148108],
                      [0.469322, 0.152198],
                      [0.471229, 0.152198],
                      [0.471229, 0.150203],
                      [0.495914, 0.150203],
                      [0.495914, 0.153295],
                      [0.497821, 0.153295],
                      [0.497821, 0.148108],
                      [0.485478, 0.148108],
                      [0.485478, 0.053858],
                      [0.497821, 0.053858],
                      [0.497821, 0.047375],
                      [0.482468, 0.047375],
                      [0.482468, 0.053858]
                    ]
                  ],
                  [
                    [
                      [0.483572, 0.340899],
                      [0.483572, 0.435249],
                      [0.482468, 0.435249],
                      [0.482468, 0.441632],
                      [0.497821, 0.441632],
                      [0.497821, 0.435249],
                      [0.485478, 0.435249],
                      [0.485478, 0.340899],
                      [0.497821, 0.340899],
                      [0.497821, 0.335812],
                      [0.495914, 0.335812],
                      [0.495914, 0.338804],
                      [0.471229, 0.338804],
                      [0.471229, 0.336909],
                      [0.469322, 0.336909],
                      [0.469322, 0.340899]
                    ]
                  ],
                  [
                    [
                      [0.413128, 0.272879],
                      [0.426274, 0.272879],
                      [0.426274, 0.315566],
                      [0.39065, 0.315566],
                      [0.39065, 0.29522],
                      [0.388041, 0.29522],
                      [0.388041, 0.319655],
                      [0.426274, 0.319655],
                      [0.426274, 0.435249],
                      [0.394765, 0.435249],
                      [0.394765, 0.441632],
                      [0.426274, 0.441632],
                      [0.426274, 0.478834],
                      [0.430388, 0.478834],
                      [0.430388, 0.441632],
                      [0.464104, 0.441632],
                      [0.464104, 0.438241],
                      [0.445741, 0.438241],
                      [0.445741, 0.436945],
                      [0.464104, 0.436945],
                      [0.464104, 0.435249],
                      [0.430388, 0.435249],
                      [0.430388, 0.319655],
                      [0.469322, 0.319655],
                      [0.469322, 0.320553],
                      [0.471229, 0.320553],
                      [0.471229, 0.29522],
                      [0.46862, 0.29522],
                      [0.46862, 0.315566],
                      [0.430388, 0.315566],
                      [0.430388, 0.279062],
                      [0.437512, 0.279062],
                      [0.437512, 0.265797],
                      [0.46862, 0.265797],
                      [0.46862, 0.281057],
                      [0.471229, 0.281057],
                      [0.471229, 0.265797],
                      [0.473437, 0.265797],
                      [0.473437, 0.264501],
                      [0.474039, 0.264501],
                      [0.474039, 0.261908],
                      [0.383124, 0.261908],
                      [0.383124, 0.265797],
                      [0.388041, 0.265797],
                      [0.388041, 0.281057],
                      [0.39065, 0.281057],
                      [0.39065, 0.265797],
                      [0.413128, 0.265797]
                    ]
                  ],
                  [
                    [
                      [0.426274, 0.173441],
                      [0.426274, 0.216129],
                      [0.413128, 0.216129],
                      [0.413128, 0.22331],
                      [0.39065, 0.22331],
                      [0.39065, 0.20805],
                      [0.388041, 0.20805],
                      [0.388041, 0.22331],
                      [0.37901, 0.22331],
                      [0.37901, 0.224806],
                      [0.378107, 0.224806],
                      [0.378107, 0.229493],
                      [0.474039, 0.229493],
                      [0.474039, 0.227005],
                      [0.473437, 0.227005],
                      [0.473437, 0.22331],
                      [0.471229, 0.22331],
                      [0.471229, 0.20805],
                      [0.46862, 0.20805],
                      [0.46862, 0.22331],
                      [0.437512, 0.22331],
                      [0.437512, 0.209945],
                      [0.430388, 0.209945],
                      [0.430388, 0.173441],
                      [0.46862, 0.173441],
                      [0.46862, 0.193887],
                      [0.471229, 0.193887],
                      [0.471229, 0.168455],
                      [0.469322, 0.168455],
                      [0.469322, 0.169552],
                      [0.430388, 0.169552],
                      [0.430388, 0.053858],
                      [0.464104, 0.053858],
                      [0.464104, 0.052062],
                      [0.445741, 0.052062],
                      [0.445741, 0.050866],
                      [0.464104, 0.050866],
                      [0.464104, 0.047375],
                      [0.430388, 0.047375],
                      [0.430388, 0.003192],
                      [0.426274, 0.003192],
                      [0.426274, 0.047375],
                      [0.394765, 0.047375],
                      [0.394765, 0.053858],
                      [0.426274, 0.053858],
                      [0.426274, 0.169552],
                      [0.388041, 0.169552],
                      [0.388041, 0.193887],
                      [0.39065, 0.193887],
                      [0.39065, 0.173441]
                    ]
                  ],
                  [
                    [
                      [0.345294, 0.479433],
                      [0.425471, 0.479433],
                      [0.425471, 0.475842],
                      [0.345294, 0.475842]
                    ]
                  ],
                  [
                    [
                      [0.345294, 0.006184],
                      [0.425471, 0.006184],
                      [0.425471, 0.002493],
                      [0.345294, 0.002493]
                    ]
                  ],
                  [
                    [
                      [0.342083, 0.261908],
                      [0.342083, 0.262805],
                      [0.340577, 0.262805],
                      [0.340577, 0.263803],
                      [0.328435, 0.263803],
                      [0.328435, 0.278065],
                      [0.340577, 0.278065],
                      [0.340577, 0.315566],
                      [0.328435, 0.315566],
                      [0.328435, 0.319655],
                      [0.340577, 0.319655],
                      [0.340577, 0.354064],
                      [0.317197, 0.354064],
                      [0.317197, 0.356158],
                      [0.340577, 0.356158],
                      [0.340577, 0.435249],
                      [0.327332, 0.435249],
                      [0.327332, 0.439339],
                      [0.340577, 0.439339],
                      [0.340577, 0.478834],
                      [0.344692, 0.478834],
                      [0.344692, 0.441632],
                      [0.358038, 0.441632],
                      [0.358038, 0.435249],
                      [0.344692, 0.435249],
                      [0.344692, 0.278065],
                      [0.356934, 0.278065],
                      [0.356934, 0.265797],
                      [0.362152, 0.265797],
                      [0.362152, 0.261908]
                    ]
                  ],
                  [
                    [
                      [0.328435, 0.169552],
                      [0.328435, 0.173441],
                      [0.340577, 0.173441],
                      [0.340577, 0.209546],
                      [0.328435, 0.209546],
                      [0.328435, 0.22331],
                      [0.327332, 0.22331],
                      [0.327332, 0.225205],
                      [0.340577, 0.225205],
                      [0.340577, 0.241761],
                      [0.342083, 0.241761],
                      [0.342083, 0.242559],
                      [0.348505, 0.242559],
                      [0.348505, 0.229493],
                      [0.358941, 0.229493],
                      [0.358941, 0.224806],
                      [0.358038, 0.224806],
                      [0.358038, 0.22331],
                      [0.356934, 0.22331],
                      [0.356934, 0.211042],
                      [0.344692, 0.211042],
                      [0.344692, 0.053858],
                      [0.358038, 0.053858],
                      [0.358038, 0.047375],
                      [0.344692, 0.047375],
                      [0.344692, 0.003192],
                      [0.340577, 0.003192],
                      [0.340577, 0.047375],
                      [0.327332, 0.047375],
                      [0.327332, 0.053858],
                      [0.340577, 0.053858],
                      [0.340577, 0.169552]
                    ]
                  ],
                  [
                    [
                      [0.007827, 0.475842],
                      [0.007827, 0.006184],
                      [0.339674, 0.006184],
                      [0.339674, 0.002493],
                      [0.004114, 0.002493],
                      [0.004114, 0.479433],
                      [0.339674, 0.479433],
                      [0.339674, 0.475842]
                    ]
                  ],
                  [
                    [
                      [0.219158, 0.212139],
                      [0.297729, 0.212139],
                      [0.297729, 0.226302],
                      [0.299736, 0.226302],
                      [0.299736, 0.225205],
                      [0.308968, 0.225205],
                      [0.308968, 0.22331],
                      [0.299736, 0.22331],
                      [0.299736, 0.197278],
                      [0.297729, 0.197278],
                      [0.297729, 0.209546],
                      [0.212033, 0.209546],
                      [0.212033, 0.169552],
                      [0.207919, 0.169552],
                      [0.207919, 0.173242],
                      [0.195375, 0.173242],
                      [0.195375, 0.187205],
                      [0.20551, 0.187205],
                      [0.20551, 0.225205],
                      [0.219158, 0.225205]
                    ]
                  ],
                  [
                    [
                      [0.243743, 0.047375],
                      [0.243743, 0.053858],
                      [0.308968, 0.053858],
                      [0.308968, 0.047375]
                    ]
                  ],
                  [
                    [
                      [0.308968, 0.438241],
                      [0.290605, 0.438241],
                      [0.290605, 0.436945],
                      [0.308968, 0.436945],
                      [0.308968, 0.435249],
                      [0.277459, 0.435249],
                      [0.277459, 0.356158],
                      [0.30074, 0.356158],
                      [0.30074, 0.354064],
                      [0.299736, 0.354064],
                      [0.299736, 0.353166],
                      [0.297729, 0.353166],
                      [0.297729, 0.354064],
                      [0.275252, 0.354064],
                      [0.275252, 0.435249],
                      [0.212033, 0.435249],
                      [0.212033, 0.354064],
                      [0.208922, 0.354064],
                      [0.208922, 0.351471],
                      [0.210427, 0.351471],
                      [0.210427, 0.338605],
                      [0.208922, 0.338605],
                      [0.208922, 0.335812],
                      [0.229493, 0.335812],
                      [0.229493, 0.333817],
                      [0.212033, 0.333817],
                      [0.212033, 0.313072],
                      [0.229493, 0.313072],
                      [0.229493, 0.307886],
                      [0.258393, 0.307886],
                      [0.258393, 0.313072],
                      [0.297729, 0.313072],
                      [0.297729, 0.333817],
                      [0.243743, 0.333817],
                      [0.243743, 0.335812],
                      [0.297729, 0.335812],
                      [0.297729, 0.336909],
                      [0.299736, 0.336909],
                      [0.299736, 0.294322],
                      [0.297729, 0.294322],
                      [0.297729, 0.310479],
                      [0.2604, 0.310479],
                      [0.2604, 0.305492],
                      [0.227286, 0.305492],
                      [0.227286, 0.311078],
                      [0.212033, 0.311078],
                      [0.212033, 0.29522],
                      [0.207919, 0.29522],
                      [0.207919, 0.301902],
                      [0.195375, 0.301902],
                      [0.195375, 0.316064],
                      [0.20551, 0.316064],
                      [0.20551, 0.441632],
                      [0.308968, 0.441632]
                    ],
                    [
                      [0.262106, 0.438241],
                      [0.225379, 0.438241],
                      [0.225379, 0.436945],
                      [0.262106, 0.436945]
                    ]
                  ],
                  [
                    [
                      [0.208922, 0.24605],
                      [0.208922, 0.243456],
                      [0.20551, 0.243456],
                      [0.20551, 0.279062],
                      [0.219158, 0.279062],
                      [0.219158, 0.266396],
                      [0.233407, 0.266396],
                      [0.233407, 0.279062],
                      [0.297729, 0.279062],
                      [0.297729, 0.27996],
                      [0.299736, 0.27996],
                      [0.299736, 0.242559],
                      [0.297729, 0.242559],
                      [0.297729, 0.276968],
                      [0.235514, 0.276968],
                      [0.235514, 0.263803],
                      [0.212033, 0.263803],
                      [0.212033, 0.243456],
                      [0.210427, 0.243456],
                      [0.210427, 0.24605]
                    ],
                    [
                      [0.208922, 0.259115],
                      [0.210427, 0.259115],
                      [0.210427, 0.261708],
                      [0.208922, 0.261708]
                    ]
                  ],
                  [
                    [
                      [0.20551, 0.047375],
                      [0.20551, 0.132849],
                      [0.212033, 0.132849],
                      [0.212033, 0.053858],
                      [0.225379, 0.053858],
                      [0.225379, 0.047375]
                    ]
                  ],
                  [
                    [
                      [0.208922, 0.241063],
                      [0.209825, 0.241063],
                      [0.209825, 0.227997],
                      [0.208922, 0.227997]
                    ]
                  ],
                  [
                    [
                      [0.210427, 0.292626],
                      [0.210427, 0.281655],
                      [0.208922, 0.281655],
                      [0.208922, 0.292626]
                    ]
                  ],
                  [
                    [
                      [0.208922, 0.150203],
                      [0.210427, 0.150203],
                      [0.210427, 0.135641],
                      [0.208922, 0.135641]
                    ]
                  ],
                  [
                    [
                      [0.151223, 0.441832],
                      [0.133963, 0.441832],
                      [0.133963, 0.459086],
                      [0.151223, 0.459086]
                    ]
                  ],
                  [
                    [
                      [0.133963, 0.030021],
                      [0.133963, 0.047175],
                      [0.151223, 0.047175],
                      [0.151223, 0.030021]
                    ]
                  ]
                ],
                "slabs": [
                  [
                    [
                      [0.556604, 0.479452],
                      [0.556604, 0.529919],
                      [0.53802, 0.529928],
                      [0.53802, 0.537219],
                      [0.543639, 0.53722],
                      [0.543639, 0.661551],
                      [0.53802, 0.66156],
                      [0.53802, 0.667575],
                      [0.543639, 0.667575],
                      [0.543639, 0.791906],
                      [0.536294, 0.791915],
                      [0.536294, 0.956192],
                      [0.541693, 0.956192],
                      [0.541693, 0.997203],
                      [0.753224, 0.997204],
                      [0.753224, 0.999999],
                      [0.753866, 0.999999],
                      [0.753866, 0.955753],
                      [0.756234, 0.955753],
                      [0.756235, 0.999999],
                      [0.756896, 0.999999],
                      [0.756897, 0.997204],
                      [0.968407, 0.997203],
                      [0.968408, 0.956192],
                      [0.973806, 0.956192],
                      [0.973806, 0.799008],
                      [0.998652, 0.798999],
                      [0.998872, 0.313033],
                      [0.953496, 0.313032],
                      [0.953496, 0.002514],
                      [0.004135, 0.002514],
                      [0.004143, 0.479452]
                    ],
                    [
                      [0.60641, 0.261632],
                      [0.60641, 0.358268],
                      [0.562838, 0.358268],
                      [0.562838, 0.261632]
                    ]
                  ]
                ],
                "openings": [
                  {
                    "kind": "door",
                    "a": [0.828665, 0.842154],
                    "b": [0.847831, 0.842154],
                    "depthM": 0.18,
                    "sillM": 0,
                    "heightM": 2.1,
                    "hinge": [0.846988, 0.842154],
                    "openTip": [0.846988, 0.830345],
                    "basis": "CAD door swing; inferred head height"
                  },
                  {
                    "kind": "door",
                    "a": [0.773323, 0.847559],
                    "b": [0.773323, 0.870499],
                    "depthM": 0.325,
                    "sillM": 0,
                    "heightM": 2.1,
                    "hinge": [0.776544, 0.867068],
                    "openTip": [0.794908, 0.867068],
                    "basis": "CAD door swing; inferred head height"
                  },
                  {
                    "kind": "door",
                    "a": [0.848935, 0.871446],
                    "b": [0.867298, 0.871446],
                    "depthM": 0.095,
                    "sillM": 0,
                    "heightM": 2.1,
                    "hinge": [0.850018, 0.872434],
                    "openTip": [0.850018, 0.88877],
                    "basis": "CAD door swing; inferred head height"
                  },
                  {
                    "kind": "door",
                    "a": [0.699016, 0.872543],
                    "b": [0.715172, 0.872543],
                    "depthM": 0.205,
                    "sillM": 0,
                    "heightM": 2.1,
                    "hinge": [0.699839, 0.874588],
                    "openTip": [0.699839, 0.88877],
                    "basis": "CAD door swing; inferred head height"
                  },
                  {
                    "kind": "door",
                    "a": [0.641718, 0.848646],
                    "b": [0.658175, 0.848646],
                    "depthM": 0.649,
                    "sillM": 0,
                    "heightM": 2.1,
                    "hinge": [0.657071, 0.842154],
                    "openTip": [0.657071, 0.827772],
                    "basis": "CAD door swing; inferred head height"
                  },
                  {
                    "kind": "glazedDoor",
                    "a": [0.649947, 0.952432],
                    "b": [0.666364, 0.952432],
                    "depthM": 0.205,
                    "sillM": 0,
                    "heightM": 2.3,
                    "basis": "CAD facade bank and swing symbols; inferred glazing type, sill and head"
                  },
                  {
                    "kind": "window",
                    "a": [0.666364, 0.952432],
                    "b": [0.66831, 0.952432],
                    "depthM": 0.205,
                    "sillM": 0.85,
                    "heightM": 1.45,
                    "basis": "CAD facade bank and swing symbols; inferred glazing type, sill and head"
                  },
                  {
                    "kind": "window",
                    "a": [0.699016, 0.951609],
                    "b": [0.700722, 0.951609],
                    "depthM": 0.212,
                    "sillM": 0.85,
                    "heightM": 1.45,
                    "basis": "CAD facade bank and swing symbols; inferred glazing type, sill and head"
                  },
                  {
                    "kind": "glazedDoor",
                    "a": [0.700722, 0.951609],
                    "b": [0.715835, 0.951609],
                    "depthM": 0.212,
                    "sillM": 0,
                    "heightM": 2.3,
                    "basis": "CAD facade bank and swing symbols; inferred glazing type, sill and head"
                  },
                  {
                    "kind": "window",
                    "a": [0.715835, 0.951609],
                    "b": [0.71738, 0.951609],
                    "depthM": 0.212,
                    "sillM": 0.85,
                    "heightM": 1.45,
                    "basis": "CAD facade bank and swing symbols; inferred glazing type, sill and head"
                  },
                  {
                    "kind": "door",
                    "a": [0.831675, 0.754854],
                    "b": [0.847831, 0.754854],
                    "depthM": 0.095,
                    "sillM": 0,
                    "heightM": 2.1,
                    "hinge": [0.832719, 0.755842],
                    "openTip": [0.832719, 0.770004],
                    "basis": "CAD door swing; inferred head height"
                  },
                  {
                    "kind": "door",
                    "a": [0.790834, 0.755104],
                    "b": [0.805083, 0.755104],
                    "depthM": 0.12,
                    "sillM": 0,
                    "heightM": 2.1,
                    "hinge": [0.791898, 0.756261],
                    "openTip": [0.791898, 0.768069],
                    "basis": "CAD door swing; inferred head height"
                  },
                  {
                    "kind": "door",
                    "a": [0.828665, 0.600662],
                    "b": [0.847028, 0.600662],
                    "depthM": 0.095,
                    "sillM": 0,
                    "heightM": 2.1,
                    "hinge": [0.829487, 0.601649],
                    "openTip": [0.829487, 0.617966],
                    "basis": "CAD door swing; inferred head height"
                  },
                  {
                    "kind": "door",
                    "a": [0.773323, 0.577374],
                    "b": [0.773323, 0.598219],
                    "depthM": 0.325,
                    "sillM": 0,
                    "heightM": 2.1,
                    "hinge": [0.776544, 0.596922],
                    "openTip": [0.794908, 0.596922],
                    "basis": "CAD door swing; inferred head height"
                  },
                  {
                    "kind": "window",
                    "a": [0.949783, 0.602707],
                    "b": [0.949783, 0.604442],
                    "depthM": 0.2,
                    "sillM": 0.85,
                    "heightM": 1.45,
                    "basis": "CAD facade bank and swing symbols; inferred glazing type, sill and head"
                  },
                  {
                    "kind": "glazedDoor",
                    "a": [0.949783, 0.604442],
                    "b": [0.949783, 0.620978],
                    "depthM": 0.2,
                    "sillM": 0,
                    "heightM": 2.3,
                    "basis": "CAD facade bank and swing symbols; inferred glazing type, sill and head"
                  },
                  {
                    "kind": "window",
                    "a": [0.947776, 0.568098],
                    "b": [0.947776, 0.569654],
                    "depthM": 0.08,
                    "sillM": 0.85,
                    "heightM": 1.45,
                    "basis": "CAD facade bank and swing symbols; inferred glazing type, sill and head"
                  },
                  {
                    "kind": "glazedDoor",
                    "a": [0.947776, 0.569654],
                    "b": [0.947776, 0.584674],
                    "depthM": 0.08,
                    "sillM": 0,
                    "heightM": 2.3,
                    "basis": "CAD facade bank and swing symbols; inferred glazing type, sill and head"
                  },
                  {
                    "kind": "window",
                    "a": [0.947776, 0.584674],
                    "b": [0.947776, 0.58635],
                    "depthM": 0.08,
                    "sillM": 0.85,
                    "heightM": 1.45,
                    "basis": "CAD facade bank and swing symbols; inferred glazing type, sill and head"
                  },
                  {
                    "kind": "door",
                    "a": [0.831675, 0.491052],
                    "b": [0.847831, 0.491052],
                    "depthM": 0.105,
                    "sillM": 0,
                    "heightM": 2.1,
                    "hinge": [0.832719, 0.492119],
                    "openTip": [0.832719, 0.506302],
                    "basis": "CAD door swing; inferred head height"
                  },
                  {
                    "kind": "door",
                    "a": [0.790834, 0.491301],
                    "b": [0.805083, 0.491301],
                    "depthM": 0.13,
                    "sillM": 0,
                    "heightM": 2.1,
                    "hinge": [0.791898, 0.492558],
                    "openTip": [0.791898, 0.504147],
                    "basis": "CAD door swing; inferred head height"
                  },
                  {
                    "kind": "door",
                    "a": [0.830571, 0.254727],
                    "b": [0.848935, 0.254727],
                    "depthM": 0.1,
                    "sillM": 0,
                    "heightM": 2.1,
                    "hinge": [0.833582, 0.255684],
                    "openTip": [0.833582, 0.269867],
                    "basis": "CAD door swing; inferred head height"
                  },
                  {
                    "kind": "door",
                    "a": [0.797055, 0.171497],
                    "b": [0.813512, 0.171497],
                    "depthM": 0.195,
                    "sillM": 0,
                    "heightM": 2.1,
                    "hinge": [0.812408, 0.169572],
                    "openTip": [0.812408, 0.15519],
                    "basis": "CAD door swing; inferred head height"
                  },
                  {
                    "kind": "door",
                    "a": [0.6653, 0.183714],
                    "b": [0.6653, 0.197877],
                    "depthM": 0.11,
                    "sillM": 0,
                    "heightM": 2.1,
                    "hinge": [0.664196, 0.184612],
                    "openTip": [0.651894, 0.184612],
                    "basis": "CAD door swing; inferred head height"
                  },
                  {
                    "kind": "door",
                    "a": [0.705037, 0.149604],
                    "b": [0.705037, 0.169552],
                    "depthM": 0.11,
                    "sillM": 0,
                    "heightM": 2.1,
                    "hinge": [0.706121, 0.164844],
                    "openTip": [0.72037, 0.164844],
                    "basis": "CAD door swing; inferred head height"
                  },
                  {
                    "kind": "door",
                    "a": [0.670217, 0.147161],
                    "b": [0.686674, 0.147161],
                    "depthM": 0.095,
                    "sillM": 0,
                    "heightM": 2.1,
                    "hinge": [0.68559, 0.146174],
                    "openTip": [0.68559, 0.131991],
                    "basis": "CAD door swing; inferred head height"
                  },
                  {
                    "kind": "window",
                    "a": [0.843917, 0.050616],
                    "b": [0.845683, 0.050616],
                    "depthM": 0.325,
                    "sillM": 0.85,
                    "heightM": 1.45,
                    "basis": "CAD facade bank and swing symbols; inferred glazing type, sill and head"
                  },
                  {
                    "kind": "glazedDoor",
                    "a": [0.845683, 0.050616],
                    "b": [0.862321, 0.050616],
                    "depthM": 0.325,
                    "sillM": 0,
                    "heightM": 2.3,
                    "basis": "CAD facade bank and swing symbols; inferred glazing type, sill and head"
                  },
                  {
                    "kind": "window",
                    "a": [0.862321, 0.050616],
                    "b": [0.880644, 0.050616],
                    "depthM": 0.325,
                    "sillM": 0.85,
                    "heightM": 1.45,
                    "basis": "CAD facade bank and swing symbols; inferred glazing type, sill and head"
                  },
                  {
                    "kind": "door",
                    "a": [0.771693, 0.362641],
                    "b": [0.771693, 0.383486],
                    "depthM": 0.488,
                    "sillM": 0,
                    "heightM": 2.1,
                    "hinge": [0.776544, 0.38217],
                    "openTip": [0.794908, 0.38217],
                    "basis": "CAD door swing; inferred head height"
                  },
                  {
                    "kind": "window",
                    "a": [0.808093, 0.05296],
                    "b": [0.809599, 0.05296],
                    "depthM": 0.09,
                    "sillM": 0.85,
                    "heightM": 1.45,
                    "basis": "CAD facade bank and swing symbols; inferred glazing type, sill and head"
                  },
                  {
                    "kind": "glazedDoor",
                    "a": [0.809599, 0.05296],
                    "b": [0.824731, 0.05296],
                    "depthM": 0.09,
                    "sillM": 0,
                    "heightM": 2.3,
                    "basis": "CAD facade bank and swing symbols; inferred glazing type, sill and head"
                  },
                  {
                    "kind": "window",
                    "a": [0.824731, 0.05296],
                    "b": [0.826457, 0.05296],
                    "depthM": 0.09,
                    "sillM": 0.85,
                    "heightM": 1.45,
                    "basis": "CAD facade bank and swing symbols; inferred glazing type, sill and head"
                  },
                  {
                    "kind": "door",
                    "a": [0.735593, 0.730968],
                    "b": [0.735593, 0.751713],
                    "depthM": 0.205,
                    "sillM": 0,
                    "heightM": 2.1,
                    "hinge": [0.733556, 0.732204],
                    "openTip": [0.715192, 0.732204],
                    "basis": "CAD door swing; inferred head height"
                  },
                  {
                    "kind": "door",
                    "a": [0.666404, 0.728424],
                    "b": [0.684767, 0.728424],
                    "depthM": 0.095,
                    "sillM": 0,
                    "heightM": 2.1,
                    "hinge": [0.683643, 0.727497],
                    "openTip": [0.683643, 0.71116],
                    "basis": "CAD door swing; inferred head height"
                  },
                  {
                    "kind": "door",
                    "a": [0.705037, 0.755104],
                    "b": [0.719286, 0.755104],
                    "depthM": 0.12,
                    "sillM": 0,
                    "heightM": 2.1,
                    "hinge": [0.706121, 0.756261],
                    "openTip": [0.706121, 0.768069],
                    "basis": "CAD door swing; inferred head height"
                  },
                  {
                    "kind": "window",
                    "a": [0.583367, 0.689876],
                    "b": [0.583367, 0.708168],
                    "depthM": 0.325,
                    "sillM": 0.85,
                    "heightM": 1.45,
                    "basis": "CAD facade bank and swing symbols; inferred glazing type, sill and head"
                  },
                  {
                    "kind": "glazedDoor",
                    "a": [0.583367, 0.708168],
                    "b": [0.583367, 0.724704],
                    "depthM": 0.325,
                    "sillM": 0,
                    "heightM": 2.3,
                    "basis": "CAD facade bank and swing symbols; inferred glazing type, sill and head"
                  },
                  {
                    "kind": "window",
                    "a": [0.583367, 0.724704],
                    "b": [0.583367, 0.72638],
                    "depthM": 0.325,
                    "sillM": 0.85,
                    "heightM": 1.45,
                    "basis": "CAD facade bank and swing symbols; inferred glazing type, sill and head"
                  },
                  {
                    "kind": "door",
                    "a": [0.666404, 0.574282],
                    "b": [0.68256, 0.574282],
                    "depthM": 0.1,
                    "sillM": 0,
                    "heightM": 2.1,
                    "hinge": [0.681476, 0.573304],
                    "openTip": [0.681476, 0.559122],
                    "basis": "CAD door swing; inferred head height"
                  },
                  {
                    "kind": "door",
                    "a": [0.706141, 0.460882],
                    "b": [0.72039, 0.460882],
                    "depthM": 0.12,
                    "sillM": 0,
                    "heightM": 2.1,
                    "hinge": [0.719286, 0.459705],
                    "openTip": [0.719286, 0.447457],
                    "basis": "CAD door swing; inferred head height"
                  },
                  {
                    "kind": "door",
                    "a": [0.735844, 0.462078],
                    "b": [0.735844, 0.482225],
                    "depthM": 0.12,
                    "sillM": 0,
                    "heightM": 2.1,
                    "hinge": [0.73464, 0.463993],
                    "openTip": [0.716477, 0.463993],
                    "basis": "CAD door swing; inferred head height"
                  },
                  {
                    "kind": "door",
                    "a": [0.795751, 0.842772],
                    "b": [0.810301, 0.842772],
                    "depthM": 0.13,
                    "sillM": 0,
                    "heightM": 2.1,
                    "hinge": [0.809177, 0.841515],
                    "openTip": [0.809177, 0.829926],
                    "basis": "CAD door swing; inferred head height"
                  },
                  {
                    "kind": "door",
                    "a": [0.470276, 0.320553],
                    "b": [0.470276, 0.336909],
                    "depthM": 0.095,
                    "sillM": 0,
                    "heightM": 2.1,
                    "hinge": [0.469322, 0.32161],
                    "openTip": [0.455053, 0.32161],
                    "basis": "CAD door swing; inferred head height"
                  },
                  {
                    "kind": "door",
                    "a": [0.469924, 0.281057],
                    "b": [0.469924, 0.29522],
                    "depthM": 0.13,
                    "sillM": 0,
                    "heightM": 2.1,
                    "hinge": [0.46866, 0.282114],
                    "openTip": [0.457, 0.282114],
                    "basis": "CAD door swing; inferred head height"
                  },
                  {
                    "kind": "door",
                    "a": [0.496868, 0.153295],
                    "b": [0.496868, 0.171546],
                    "depthM": 0.095,
                    "sillM": 0,
                    "heightM": 2.1,
                    "hinge": [0.497841, 0.170429],
                    "openTip": [0.514258, 0.170429],
                    "basis": "CAD door swing; inferred head height"
                  },
                  {
                    "kind": "door",
                    "a": [0.473437, 0.223833],
                    "b": [0.496115, 0.223833],
                    "depthM": 0.258,
                    "sillM": 0,
                    "heightM": 2.1,
                    "hinge": [0.493085, 0.22327],
                    "openTip": [0.493085, 0.205018],
                    "basis": "CAD door swing; inferred head height"
                  },
                  {
                    "kind": "window",
                    "a": [0.497821, 0.050616],
                    "b": [0.499768, 0.050616],
                    "depthM": 0.325,
                    "sillM": 0.85,
                    "heightM": 1.45,
                    "basis": "CAD facade bank and swing symbols; inferred glazing type, sill and head"
                  },
                  {
                    "kind": "glazedDoor",
                    "a": [0.499768, 0.050616],
                    "b": [0.516204, 0.050616],
                    "depthM": 0.325,
                    "sillM": 0,
                    "heightM": 2.3,
                    "basis": "CAD facade bank and swing symbols; inferred glazing type, sill and head"
                  },
                  {
                    "kind": "window",
                    "a": [0.516204, 0.050616],
                    "b": [0.627469, 0.050616],
                    "depthM": 0.325,
                    "sillM": 0.85,
                    "heightM": 1.45,
                    "basis": "CAD facade bank and swing symbols; inferred glazing type, sill and head"
                  },
                  {
                    "kind": "window",
                    "a": [0.464104, 0.05296],
                    "b": [0.46563, 0.05296],
                    "depthM": 0.09,
                    "sillM": 0.85,
                    "heightM": 1.45,
                    "basis": "CAD facade bank and swing symbols; inferred glazing type, sill and head"
                  },
                  {
                    "kind": "glazedDoor",
                    "a": [0.46563, 0.05296],
                    "b": [0.480762, 0.05296],
                    "depthM": 0.09,
                    "sillM": 0,
                    "heightM": 2.3,
                    "basis": "CAD facade bank and swing symbols; inferred glazing type, sill and head"
                  },
                  {
                    "kind": "window",
                    "a": [0.480762, 0.05296],
                    "b": [0.482468, 0.05296],
                    "depthM": 0.09,
                    "sillM": 0.85,
                    "heightM": 1.45,
                    "basis": "CAD facade bank and swing symbols; inferred glazing type, sill and head"
                  },
                  {
                    "kind": "door",
                    "a": [0.389346, 0.193887],
                    "b": [0.389346, 0.20805],
                    "depthM": 0.13,
                    "sillM": 0,
                    "heightM": 2.1,
                    "hinge": [0.390671, 0.206953],
                    "openTip": [0.402973, 0.206953],
                    "basis": "CAD door swing; inferred head height"
                  },
                  {
                    "kind": "window",
                    "a": [0.358038, 0.050616],
                    "b": [0.359764, 0.050616],
                    "depthM": 0.325,
                    "sillM": 0.85,
                    "heightM": 1.45,
                    "basis": "CAD facade bank and swing symbols; inferred glazing type, sill and head"
                  },
                  {
                    "kind": "glazedDoor",
                    "a": [0.359764, 0.050616],
                    "b": [0.376401, 0.050616],
                    "depthM": 0.325,
                    "sillM": 0,
                    "heightM": 2.3,
                    "basis": "CAD facade bank and swing symbols; inferred glazing type, sill and head"
                  },
                  {
                    "kind": "window",
                    "a": [0.376401, 0.050616],
                    "b": [0.394765, 0.050616],
                    "depthM": 0.325,
                    "sillM": 0.85,
                    "heightM": 1.45,
                    "basis": "CAD facade bank and swing symbols; inferred glazing type, sill and head"
                  },
                  {
                    "kind": "door",
                    "a": [0.362152, 0.263852],
                    "b": [0.383124, 0.263852],
                    "depthM": 0.195,
                    "sillM": 0,
                    "heightM": 2.1,
                    "hinge": [0.363436, 0.265777],
                    "openTip": [0.363436, 0.284029],
                    "basis": "CAD door swing; inferred head height"
                  },
                  {
                    "kind": "door",
                    "a": [0.631935, 0.229493],
                    "b": [0.631935, 0.253131],
                    "depthM": 0.385,
                    "sillM": 0,
                    "heightM": 2.1,
                    "hinge": [0.634594, 0.232066],
                    "openTip": [0.614504, 0.232066],
                    "basis": "CAD door swing; inferred head height"
                  },
                  {
                    "kind": "window",
                    "a": [0.576473, 0.460882],
                    "b": [0.588575, 0.460882],
                    "depthM": 0.12,
                    "sillM": 0.85,
                    "heightM": 1.45,
                    "basis": "CAD facade bank and swing symbols; inferred glazing type, sill and head"
                  },
                  {
                    "kind": "door",
                    "a": [0.703933, 0.361046],
                    "b": [0.72039, 0.361046],
                    "depthM": 0.12,
                    "sillM": 0,
                    "heightM": 2.1,
                    "hinge": [0.719086, 0.359849],
                    "openTip": [0.719086, 0.346105],
                    "basis": "CAD door swing; inferred head height"
                  },
                  {
                    "kind": "door",
                    "a": [0.747384, 0.361046],
                    "b": [0.763539, 0.361046],
                    "depthM": 0.12,
                    "sillM": 0,
                    "heightM": 2.1,
                    "hinge": [0.762516, 0.359849],
                    "openTip": [0.762516, 0.346105],
                    "basis": "CAD door swing; inferred head height"
                  },
                  {
                    "kind": "door",
                    "a": [0.616832, 0.460882],
                    "b": [0.631182, 0.460882],
                    "depthM": 0.12,
                    "sillM": 0,
                    "heightM": 2.1,
                    "hinge": [0.630058, 0.459705],
                    "openTip": [0.630058, 0.447457],
                    "basis": "CAD door swing; inferred head height"
                  },
                  {
                    "kind": "door",
                    "a": [0.660082, 0.460882],
                    "b": [0.674331, 0.460882],
                    "depthM": 0.12,
                    "sillM": 0,
                    "heightM": 2.1,
                    "hinge": [0.673488, 0.459705],
                    "openTip": [0.673488, 0.447457],
                    "basis": "CAD door swing; inferred head height"
                  },
                  {
                    "kind": "door",
                    "a": [0.301041, 0.226302],
                    "b": [0.301041, 0.242559],
                    "depthM": 0.33,
                    "sillM": 0,
                    "heightM": 2.1,
                    "hinge": [0.297769, 0.227339],
                    "openTip": [0.2835, 0.227339],
                    "basis": "CAD door swing; inferred head height"
                  },
                  {
                    "kind": "door",
                    "a": [0.21123, 0.225205],
                    "b": [0.21123, 0.243456],
                    "depthM": 0.08,
                    "sillM": 0,
                    "heightM": 2.1,
                    "hinge": [0.210468, 0.22712],
                    "openTip": [0.225379, 0.22712],
                    "basis": "CAD door swing; inferred head height"
                  },
                  {
                    "kind": "door",
                    "a": [0.308968, 0.224257],
                    "b": [0.327332, 0.224257],
                    "depthM": 0.095,
                    "sillM": 0,
                    "heightM": 2.1,
                    "hinge": [0.326288, 0.22327],
                    "openTip": [0.326288, 0.206953],
                    "basis": "CAD door swing; inferred head height"
                  },
                  {
                    "kind": "door",
                    "a": [0.298733, 0.27996],
                    "b": [0.298733, 0.294322],
                    "depthM": 0.1,
                    "sillM": 0,
                    "heightM": 2.1,
                    "hinge": [0.297769, 0.281037],
                    "openTip": [0.286089, 0.281037],
                    "basis": "CAD door swing; inferred head height"
                  },
                  {
                    "kind": "door",
                    "a": [0.297769, 0.336909],
                    "b": [0.297769, 0.353166],
                    "depthM": 0.18,
                    "sillM": 0,
                    "heightM": 2.1,
                    "hinge": [0.297769, 0.337947],
                    "openTip": [0.2835, 0.337947],
                    "basis": "CAD door swing; inferred head height"
                  },
                  {
                    "kind": "door",
                    "a": [0.30074, 0.354887],
                    "b": [0.317197, 0.354887],
                    "depthM": 0.128,
                    "sillM": 0,
                    "heightM": 2.1,
                    "hinge": [0.301864, 0.356198],
                    "openTip": [0.301864, 0.370361],
                    "basis": "CAD door swing; inferred head height"
                  },
                  {
                    "kind": "window",
                    "a": [0.308968, 0.050616],
                    "b": [0.310935, 0.050616],
                    "depthM": 0.325,
                    "sillM": 0.85,
                    "heightM": 1.45,
                    "basis": "CAD facade bank and swing symbols; inferred glazing type, sill and head"
                  },
                  {
                    "kind": "glazedDoor",
                    "a": [0.310935, 0.050616],
                    "b": [0.325626, 0.050616],
                    "depthM": 0.325,
                    "sillM": 0,
                    "heightM": 2.3,
                    "basis": "CAD facade bank and swing symbols; inferred glazing type, sill and head"
                  },
                  {
                    "kind": "window",
                    "a": [0.325626, 0.050616],
                    "b": [0.327332, 0.050616],
                    "depthM": 0.325,
                    "sillM": 0.85,
                    "heightM": 1.45,
                    "basis": "CAD facade bank and swing symbols; inferred glazing type, sill and head"
                  },
                  {
                    "kind": "window",
                    "a": [0.225379, 0.050616],
                    "b": [0.227105, 0.050616],
                    "depthM": 0.325,
                    "sillM": 0.85,
                    "heightM": 1.45,
                    "basis": "CAD facade bank and swing symbols; inferred glazing type, sill and head"
                  },
                  {
                    "kind": "glazedDoor",
                    "a": [0.227105, 0.050616],
                    "b": [0.241796, 0.050616],
                    "depthM": 0.325,
                    "sillM": 0,
                    "heightM": 2.3,
                    "basis": "CAD facade bank and swing symbols; inferred glazing type, sill and head"
                  },
                  {
                    "kind": "window",
                    "a": [0.241796, 0.050616],
                    "b": [0.243743, 0.050616],
                    "depthM": 0.325,
                    "sillM": 0.85,
                    "heightM": 1.45,
                    "basis": "CAD facade bank and swing symbols; inferred glazing type, sill and head"
                  },
                  {
                    "kind": "door",
                    "a": [0.209825, 0.150203],
                    "b": [0.209825, 0.169552],
                    "depthM": 0.14,
                    "sillM": 0,
                    "heightM": 2.1,
                    "hinge": [0.210468, 0.167637],
                    "openTip": [0.226884, 0.167637],
                    "basis": "CAD door swing; inferred head height"
                  }
                ],
                "stairs": [
                  {
                    "a": [0.60569, 0.274159],
                    "b": [0.590025, 0.274159],
                    "widthPdfPoints": 7.2,
                    "steps": 3,
                    "riseFraction": [0, 0.2],
                    "widthM": 1.2918816,
                    "fromM": 0,
                    "toM": 0.6000000000000001
                  },
                  {
                    "a": [0.576413, 0.287581],
                    "b": [0.576413, 0.332319],
                    "widthPdfPoints": 7.2,
                    "steps": 9,
                    "riseFraction": [0.2, 0.8],
                    "widthM": 1.2918816,
                    "fromM": 0.6000000000000001,
                    "toM": 2.4000000000000004
                  },
                  {
                    "a": [0.590025, 0.345383],
                    "b": [0.60569, 0.345383],
                    "widthPdfPoints": 7.2,
                    "steps": 3,
                    "riseFraction": [0.8, 1],
                    "widthM": 1.2918816,
                    "fromM": 2.4000000000000004,
                    "toM": 3
                  }
                ],
                "landings": [],
                "platforms": [
                  {
                    "rings": [
                      [
                        [0.562838, 0.261632],
                        [0.590025, 0.261632],
                        [0.590025, 0.287581],
                        [0.562838, 0.287581]
                      ]
                    ],
                    "elevationM": 0.6000000000000001
                  },
                  {
                    "rings": [
                      [
                        [0.562838, 0.332319],
                        [0.590025, 0.332319],
                        [0.590025, 0.358268],
                        [0.562838, 0.358268]
                      ]
                    ],
                    "elevationM": 2.4000000000000004
                  }
                ],
                "railings": [
                  {
                    "a": [0.541693, 0.958765],
                    "b": [0.541693, 0.997203],
                    "heightM": 1.05
                  },
                  {
                    "a": [0.541693, 0.997203],
                    "b": [0.753224, 0.997204],
                    "heightM": 1.05
                  },
                  {
                    "a": [0.753224, 0.999999],
                    "b": [0.753866, 0.958765],
                    "heightM": 1.05
                  },
                  {
                    "a": [0.756234, 0.958765],
                    "b": [0.756235, 0.999999],
                    "heightM": 1.05
                  },
                  {
                    "a": [0.756897, 0.997204],
                    "b": [0.968407, 0.997203],
                    "heightM": 1.05
                  },
                  {
                    "a": [0.968407, 0.997203],
                    "b": [0.968408, 0.958765],
                    "heightM": 1.05
                  }
                ],
                "inference": {
                  "wallFootprints": "closed CAD outlines",
                  "openings": "CAD swing symbols and adjoining jambs",
                  "verticalDimensions": "estimated",
                  "glazingTypes": "inferred",
                  "stairRise": "paired flights split the storey; single flights use storey height / 18 per tread"
                },
                "quality": {
                  "sourceSwingSymbols": 56,
                  "modelledOpenings": 77,
                  "wallAreaM2": 172.73,
                  "floorAreaM2": 1727.09
                }
              }
            }
          ],
          "floors": [
            {
              "id": "F-floor-1",
              "level": 1,
              "elevationM": 3,
              "elevationBasis": "estimated",
              "layoutId": "F-layout-1",
              "source": {
                "url": "https://pionir.hr/wp-content/katalozi/spansko_sjever/objekt_f/Spansko_sjever-F-15.pdf",
                "sha256": "92e34c736498cd70a4f76ebaa115a107534994b2aab9dbe24c9b10205d19d866",
                "page": 1,
                "crop": [146.6, 526.4, 424.3, 805.8],
                "wallExtraction": "orthogonal-network",
                "reviewedStairGeometry": {
                  "flights": [
                    {
                      "a": [0.60569, 0.274159],
                      "b": [0.590025, 0.274159],
                      "widthPdfPoints": 7.2,
                      "steps": 3,
                      "riseFraction": [0, 0.2]
                    },
                    {
                      "a": [0.576413, 0.287581],
                      "b": [0.576413, 0.332319],
                      "widthPdfPoints": 7.2,
                      "steps": 9,
                      "riseFraction": [0.2, 0.8]
                    },
                    {
                      "a": [0.590025, 0.345383],
                      "b": [0.60569, 0.345383],
                      "widthPdfPoints": 7.2,
                      "steps": 3,
                      "riseFraction": [0.8, 1]
                    }
                  ],
                  "landings": [
                    [
                      [0.562838, 0.261632],
                      [0.590025, 0.261632],
                      [0.590025, 0.287581],
                      [0.562838, 0.287581]
                    ],
                    [
                      [0.562838, 0.332319],
                      [0.590025, 0.332319],
                      [0.590025, 0.358268],
                      [0.562838, 0.358268]
                    ]
                  ],
                  "voids": [
                    [
                      [0.562838, 0.261632],
                      [0.60641, 0.261632],
                      [0.60641, 0.358268],
                      [0.562838, 0.358268]
                    ]
                  ],
                  "landingRiseFractions": [0.2, 0.8]
                }
              },
              "apartments": []
            },
            {
              "id": "F-floor-7",
              "level": 7,
              "elevationM": 21,
              "elevationBasis": "estimated",
              "layoutId": "F-layout-2",
              "source": {
                "url": "https://pionir.hr/wp-content/katalozi/spansko_sjever/objekt_f/Spansko_sjever-F-126.pdf",
                "sha256": "39f1cc61f36f49045836415c66ae2dec320df7a7e58242b075985410aef52c7f",
                "page": 1,
                "crop": [146.6, 526.4, 424.3, 805.8],
                "wallExtraction": "orthogonal-network",
                "reviewedStairGeometry": {
                  "flights": [
                    {
                      "a": [0.60569, 0.274159],
                      "b": [0.590025, 0.274159],
                      "widthPdfPoints": 7.2,
                      "steps": 3,
                      "riseFraction": [0, 0.2]
                    },
                    {
                      "a": [0.576413, 0.287581],
                      "b": [0.576413, 0.332319],
                      "widthPdfPoints": 7.2,
                      "steps": 9,
                      "riseFraction": [0.2, 0.8]
                    },
                    {
                      "a": [0.590025, 0.345383],
                      "b": [0.60569, 0.345383],
                      "widthPdfPoints": 7.2,
                      "steps": 3,
                      "riseFraction": [0.8, 1]
                    }
                  ],
                  "landings": [
                    [
                      [0.562838, 0.261632],
                      [0.590025, 0.261632],
                      [0.590025, 0.287581],
                      [0.562838, 0.287581]
                    ],
                    [
                      [0.562838, 0.332319],
                      [0.590025, 0.332319],
                      [0.590025, 0.358268],
                      [0.562838, 0.358268]
                    ]
                  ],
                  "voids": [
                    [
                      [0.562838, 0.261632],
                      [0.60641, 0.261632],
                      [0.60641, 0.358268],
                      [0.562838, 0.358268]
                    ]
                  ],
                  "landingRiseFractions": [0.2, 0.8]
                }
              },
              "apartments": []
            },
            {
              "id": "F-floor-8",
              "level": 8,
              "elevationM": 24,
              "elevationBasis": "estimated",
              "layoutId": "F-layout-3",
              "source": {
                "url": "https://pionir.hr/wp-content/katalozi/spansko_sjever/objekt_f/Spansko_sjever-F-128.pdf",
                "sha256": "63b0942cf9356c98990f7c89ff7a426418f681ecb316296641f8614c8427dd3f",
                "page": 1,
                "crop": [146.6, 526.4, 424.3, 805.8],
                "wallExtraction": "orthogonal-network",
                "reviewedStairGeometry": {
                  "flights": [
                    {
                      "a": [0.60569, 0.274159],
                      "b": [0.590025, 0.274159],
                      "widthPdfPoints": 7.2,
                      "steps": 3,
                      "riseFraction": [0, 0.2]
                    },
                    {
                      "a": [0.576413, 0.287581],
                      "b": [0.576413, 0.332319],
                      "widthPdfPoints": 7.2,
                      "steps": 9,
                      "riseFraction": [0.2, 0.8]
                    },
                    {
                      "a": [0.590025, 0.345383],
                      "b": [0.60569, 0.345383],
                      "widthPdfPoints": 7.2,
                      "steps": 3,
                      "riseFraction": [0.8, 1]
                    }
                  ],
                  "landings": [
                    [
                      [0.562838, 0.261632],
                      [0.590025, 0.261632],
                      [0.590025, 0.287581],
                      [0.562838, 0.287581]
                    ],
                    [
                      [0.562838, 0.332319],
                      [0.590025, 0.332319],
                      [0.590025, 0.358268],
                      [0.562838, 0.358268]
                    ]
                  ],
                  "voids": [
                    [
                      [0.562838, 0.261632],
                      [0.60641, 0.261632],
                      [0.60641, 0.358268],
                      [0.562838, 0.358268]
                    ]
                  ],
                  "landingRiseFractions": [0.2, 0.8]
                }
              },
              "apartments": []
            }
          ],
          "notes": [
            "Published catalogue layout, not an as-built survey.",
            "Only published floors 1, 7 and recessed floor 8 are reconstructed. Intermediate layouts have not been inferred; 3 m storeys are estimated.",
            "Wall footprints and opening positions come from CAD; opening types, vertical dimensions and railing details are inferred.",
            "Apartment references cover recovered catalogues, not all units drawn on a floor."
          ]
        }
      },
      "geometry": {
        "type": "Polygon",
        "coordinates": [
          [
            [15.88274333, 45.80380445],
            [15.88274488, 45.80380455],
            [15.88284709, 45.80381068],
            [15.88284809, 45.80380168],
            [15.88337496, 45.80383332],
            [15.88338938, 45.80371571],
            [15.88341524, 45.80350574],
            [15.88342809, 45.80350644],
            [15.883437, 45.80343397],
            [15.88332296, 45.80342714],
            [15.88332749, 45.8033901],
            [15.88328069, 45.80338723],
            [15.88327616, 45.80342428],
            [15.88316212, 45.80341746],
            [15.88315322, 45.80348993],
            [15.88316762, 45.80349082],
            [15.88318163, 45.80349171],
            [15.88317922, 45.80351194],
            [15.88316508, 45.80351105],
            [15.88316354, 45.80351095],
            [15.88315887, 45.80354899],
            [15.88316041, 45.80354909],
            [15.88318201, 45.80355037],
            [15.88317524, 45.80360469],
            [15.88315377, 45.8036034],
            [15.88315222, 45.8036033],
            [15.88314714, 45.80364412],
            [15.88286957, 45.80362742],
            [15.8828707, 45.80361843],
            [15.88276694, 45.8036122],
            [15.88274333, 45.80380445]
          ]
        ]
      }
    }
  ]
}
