{
 "M1-11": [
  16.014161,
  45.787492
 ],
 "M1-8": [
  16.0120879,
  45.7872412
 ],
 "M1-10": [
  16.0123528,
  45.7878846
 ],
 "M1-7": [
  16.0126489,
  45.7866298
 ],
 "M1-2": [
  16.0101283,
  45.7864788
 ],
 "M1-3": [
  16.0108457,
  45.7862146
 ],
 "M1-5": [
  16.0144052,
  45.7869787
 ],
 "M1-12": [
  16.011432,
  45.7876503
 ],
 "M1-1": [
  16.0108781,
  45.7871846
 ],
 "M1-6": [
  16.0113427,
  45.786693
 ],
 "M1-4": [
  16.0121602,
  45.7862146
 ],
 "M1-9": [
  16.013288,
  45.7871189
 ]
}