{
  "type": "FeatureCollection",
  "name": "Vrbani III – rekonstrukcija naselja – planska prometna mreža",
  "bbox": [
    15.909820757,
    45.7874884,
    15.918528855,
    45.791817403
  ],
  "reconstruction": {
    "schema": "consensus-builder.corridor-reconstruction.v1",
    "proposal": {
      "proposalId": "reconstruction-vrbani-iii-roads",
      "city": "zagreb",
      "name": "Vrbani III – rekonstrukcija naselja – planska prometna mreža",
      "title": "Vrbani III – rekonstrukcija naselja – planska prometna mreža",
      "description": "Rekonstrukcija 3409 m cestovnih središnjica unutar službenih površina IS plana. Poligon planske prometne površine preuzet je iz gradskoga sloja namjene, a položaj i profil izvedenih središnjica iz aktualnoga lokalnog OSM sloja. Pješačke i biciklističke staze nisu zasebno modelirane kao ceste.",
      "author": "zagreb.lol – lokalna analiza",
      "type": "road",
      "goal": "road-track",
      "primaryType": "Road",
      "lifecycleStatus": "Active",
      "createdAt": "2026-08-14T00:00:00.000Z",
      "updatedAt": "2026-08-14T00:00:00.000Z",
      "tags": [
        "roads",
        "research",
        "reconstruction",
        "neighbourhood-plan",
        "official-plan-footprint"
      ],
      "parentParcelIds": [
        "HR-339318-6680/2",
        "HR-339318-5912/1",
        "HR-339318-5884/1",
        "HR-339318-6655/1",
        "HR-339318-7468",
        "HR-339318-5952/11",
        "HR-339318-5952/1",
        "HR-339318-5951/1",
        "HR-339318-7470",
        "HR-339318-5916/5",
        "HR-339318-5954/1",
        "HR-339318-7469",
        "HR-339318-5877",
        "HR-339318-6661/2",
        "HR-339318-5962/4",
        "HR-339318-5925/3",
        "HR-339318-7467",
        "HR-339318-5875/1",
        "HR-339318-5882/4",
        "HR-339318-5901/2",
        "HR-339318-5918/4",
        "HR-339318-5880/1",
        "HR-339318-6681/1",
        "HR-339318-5901/3",
        "HR-339318-5882/10",
        "HR-339318-5935/4",
        "HR-339318-6022/1",
        "HR-339318-6685/1",
        "HR-339318-5901/6",
        "HR-339318-5918/5",
        "HR-339318-6716/1",
        "HR-339318-5890/2",
        "HR-339318-5897/8",
        "HR-339318-5919",
        "HR-339318-5897/9",
        "HR-339318-5875/3",
        "HR-339318-5897/2",
        "HR-339318-5897/7",
        "HR-339318-5897/6",
        "HR-339318-5897/1",
        "HR-339318-5901/1",
        "HR-339318-5901/4",
        "HR-339318-5896/3",
        "HR-339318-6718/1",
        "HR-339318-5878/2",
        "HR-339318-6686/1",
        "HR-339318-5931/1",
        "HR-339318-5879",
        "HR-339318-6924/3",
        "HR-339318-6682/1",
        "HR-339318-5894/2",
        "HR-339318-5881/1",
        "HR-339318-6694/1",
        "HR-339318-5872/3",
        "HR-339318-5901/7",
        "HR-339318-5914/1",
        "HR-339318-6698",
        "HR-339318-5931/10",
        "HR-339318-6686/8",
        "HR-339318-5883/37",
        "HR-339318-6679/3",
        "HR-339318-5901/5",
        "HR-339318-6682/7",
        "HR-339318-6717/1",
        "HR-339318-6699/1",
        "HR-339318-5888/2",
        "HR-339318-5886/2",
        "HR-339318-5918/1",
        "HR-339318-6923/1",
        "HR-339318-6693/2",
        "HR-339318-6682/4",
        "HR-339318-6660/1",
        "HR-339318-6696/2",
        "HR-339318-5937/3",
        "HR-339318-5901/8",
        "HR-339318-6662",
        "HR-339318-5872/4",
        "HR-339318-6707/3",
        "HR-339318-5886/4",
        "HR-339318-6697/1",
        "HR-339318-6702/1",
        "HR-339318-5883/5",
        "HR-339318-6700/1",
        "HR-339318-6696/1",
        "HR-339318-5882/3",
        "HR-339318-5883/38",
        "HR-339318-5939/1",
        "HR-339318-5954/3",
        "HR-339318-5891/4",
        "HR-339318-5953/1",
        "HR-339318-6672/1",
        "HR-339318-5886/3",
        "HR-339318-6686/7",
        "HR-339318-6656/5",
        "HR-339318-5902/1",
        "HR-339318-6653/1",
        "HR-339318-6679/2",
        "HR-339318-6661/1",
        "HR-339318-5890/1",
        "HR-339318-6709/2",
        "HR-339318-6676/1",
        "HR-339318-6712/3",
        "HR-339318-6682/3",
        "HR-339318-6923/11",
        "HR-339318-6700/2",
        "HR-339318-5883/3",
        "HR-339318-6683/3",
        "HR-339318-6719/2",
        "HR-339318-6649/2",
        "HR-339318-5883/43",
        "HR-339318-5921/2",
        "HR-339318-5954/4",
        "HR-339318-5926/3",
        "HR-339318-5921/6",
        "HR-339318-6675/2",
        "HR-339318-6686/5",
        "HR-339318-6665/1",
        "HR-339318-6694/2",
        "HR-339318-5933/2",
        "HR-339318-6693/1",
        "HR-339318-5887/2",
        "HR-339318-5931/13",
        "HR-339318-6714/5",
        "HR-339318-5872/6",
        "HR-339318-6682/6",
        "HR-339318-6719/3",
        "HR-339318-5951/2",
        "HR-339318-6686/2",
        "HR-339318-5926/4",
        "HR-339318-6699/3",
        "HR-339318-6656/2",
        "HR-339318-6661/4",
        "HR-339318-6661/7",
        "HR-339318-5953/2",
        "HR-339318-5921/7",
        "HR-339318-7004/4",
        "HR-339318-6661/6",
        "HR-339318-6683/7",
        "HR-339318-6718/2",
        "HR-339318-6653/3",
        "HR-339318-6655/4",
        "HR-339318-6686/4",
        "HR-339318-6672/2",
        "HR-339318-6661/8",
        "HR-339318-6697/2",
        "HR-339318-6667",
        "HR-339318-5883/39",
        "HR-339318-6686/3",
        "HR-339318-5928/8",
        "HR-339318-5928/7",
        "HR-339318-6683/6",
        "HR-339318-5883/2",
        "HR-339318-6696/3",
        "HR-339318-6701/2",
        "HR-339318-6682/5",
        "HR-339318-6686/6",
        "HR-339318-5932/3",
        "HR-339318-6690/1",
        "HR-339318-6661/5",
        "HR-339318-6649/4",
        "HR-339318-5872/5",
        "HR-339318-6682/2",
        "HR-339318-6691/1",
        "HR-339318-6688",
        "HR-339318-5937/1",
        "HR-339318-6714/1",
        "HR-339318-6684/3",
        "HR-339318-6663/2",
        "HR-339318-5939/2",
        "HR-339318-6689",
        "HR-339318-6653/5",
        "HR-339318-6665/2"
      ],
      "cadastreParcelIds": [
        "HR-339318-6680/2",
        "HR-339318-5912/1",
        "HR-339318-5884/1",
        "HR-339318-6655/1",
        "HR-339318-7468",
        "HR-339318-5952/11",
        "HR-339318-5952/1",
        "HR-339318-5951/1",
        "HR-339318-7470",
        "HR-339318-5916/5",
        "HR-339318-5954/1",
        "HR-339318-7469",
        "HR-339318-5877",
        "HR-339318-6661/2",
        "HR-339318-5962/4",
        "HR-339318-5925/3",
        "HR-339318-7467",
        "HR-339318-5875/1",
        "HR-339318-5882/4",
        "HR-339318-5901/2",
        "HR-339318-5918/4",
        "HR-339318-5880/1",
        "HR-339318-6681/1",
        "HR-339318-5901/3",
        "HR-339318-5882/10",
        "HR-339318-5935/4",
        "HR-339318-6022/1",
        "HR-339318-6685/1",
        "HR-339318-5901/6",
        "HR-339318-5918/5",
        "HR-339318-6716/1",
        "HR-339318-5890/2",
        "HR-339318-5897/8",
        "HR-339318-5919",
        "HR-339318-5897/9",
        "HR-339318-5875/3",
        "HR-339318-5897/2",
        "HR-339318-5897/7",
        "HR-339318-5897/6",
        "HR-339318-5897/1",
        "HR-339318-5901/1",
        "HR-339318-5901/4",
        "HR-339318-5896/3",
        "HR-339318-6718/1",
        "HR-339318-5878/2",
        "HR-339318-6686/1",
        "HR-339318-5931/1",
        "HR-339318-5879",
        "HR-339318-6924/3",
        "HR-339318-6682/1",
        "HR-339318-5894/2",
        "HR-339318-5881/1",
        "HR-339318-6694/1",
        "HR-339318-5872/3",
        "HR-339318-5901/7",
        "HR-339318-5914/1",
        "HR-339318-6698",
        "HR-339318-5931/10",
        "HR-339318-6686/8",
        "HR-339318-5883/37",
        "HR-339318-6679/3",
        "HR-339318-5901/5",
        "HR-339318-6682/7",
        "HR-339318-6717/1",
        "HR-339318-6699/1",
        "HR-339318-5888/2",
        "HR-339318-5886/2",
        "HR-339318-5918/1",
        "HR-339318-6923/1",
        "HR-339318-6693/2",
        "HR-339318-6682/4",
        "HR-339318-6660/1",
        "HR-339318-6696/2",
        "HR-339318-5937/3",
        "HR-339318-5901/8",
        "HR-339318-6662",
        "HR-339318-5872/4",
        "HR-339318-6707/3",
        "HR-339318-5886/4",
        "HR-339318-6697/1",
        "HR-339318-6702/1",
        "HR-339318-5883/5",
        "HR-339318-6700/1",
        "HR-339318-6696/1",
        "HR-339318-5882/3",
        "HR-339318-5883/38",
        "HR-339318-5939/1",
        "HR-339318-5954/3",
        "HR-339318-5891/4",
        "HR-339318-5953/1",
        "HR-339318-6672/1",
        "HR-339318-5886/3",
        "HR-339318-6686/7",
        "HR-339318-6656/5",
        "HR-339318-5902/1",
        "HR-339318-6653/1",
        "HR-339318-6679/2",
        "HR-339318-6661/1",
        "HR-339318-5890/1",
        "HR-339318-6709/2",
        "HR-339318-6676/1",
        "HR-339318-6712/3",
        "HR-339318-6682/3",
        "HR-339318-6923/11",
        "HR-339318-6700/2",
        "HR-339318-5883/3",
        "HR-339318-6683/3",
        "HR-339318-6719/2",
        "HR-339318-6649/2",
        "HR-339318-5883/43",
        "HR-339318-5921/2",
        "HR-339318-5954/4",
        "HR-339318-5926/3",
        "HR-339318-5921/6",
        "HR-339318-6675/2",
        "HR-339318-6686/5",
        "HR-339318-6665/1",
        "HR-339318-6694/2",
        "HR-339318-5933/2",
        "HR-339318-6693/1",
        "HR-339318-5887/2",
        "HR-339318-5931/13",
        "HR-339318-6714/5",
        "HR-339318-5872/6",
        "HR-339318-6682/6",
        "HR-339318-6719/3",
        "HR-339318-5951/2",
        "HR-339318-6686/2",
        "HR-339318-5926/4",
        "HR-339318-6699/3",
        "HR-339318-6656/2",
        "HR-339318-6661/4",
        "HR-339318-6661/7",
        "HR-339318-5953/2",
        "HR-339318-5921/7",
        "HR-339318-7004/4",
        "HR-339318-6661/6",
        "HR-339318-6683/7",
        "HR-339318-6718/2",
        "HR-339318-6653/3",
        "HR-339318-6655/4",
        "HR-339318-6686/4",
        "HR-339318-6672/2",
        "HR-339318-6661/8",
        "HR-339318-6697/2",
        "HR-339318-6667",
        "HR-339318-5883/39",
        "HR-339318-6686/3",
        "HR-339318-5928/8",
        "HR-339318-5928/7",
        "HR-339318-6683/6",
        "HR-339318-5883/2",
        "HR-339318-6696/3",
        "HR-339318-6701/2",
        "HR-339318-6682/5",
        "HR-339318-6686/6",
        "HR-339318-5932/3",
        "HR-339318-6690/1",
        "HR-339318-6661/5",
        "HR-339318-6649/4",
        "HR-339318-5872/5",
        "HR-339318-6682/2",
        "HR-339318-6691/1",
        "HR-339318-6688",
        "HR-339318-5937/1",
        "HR-339318-6714/1",
        "HR-339318-6684/3",
        "HR-339318-6663/2",
        "HR-339318-5939/2",
        "HR-339318-6689",
        "HR-339318-6653/5",
        "HR-339318-6665/2"
      ],
      "parcelIds": [
        "HR-339318-6680/2",
        "HR-339318-5912/1",
        "HR-339318-5884/1",
        "HR-339318-6655/1",
        "HR-339318-7468",
        "HR-339318-5952/11",
        "HR-339318-5952/1",
        "HR-339318-5951/1",
        "HR-339318-7470",
        "HR-339318-5916/5",
        "HR-339318-5954/1",
        "HR-339318-7469",
        "HR-339318-5877",
        "HR-339318-6661/2",
        "HR-339318-5962/4",
        "HR-339318-5925/3",
        "HR-339318-7467",
        "HR-339318-5875/1",
        "HR-339318-5882/4",
        "HR-339318-5901/2",
        "HR-339318-5918/4",
        "HR-339318-5880/1",
        "HR-339318-6681/1",
        "HR-339318-5901/3",
        "HR-339318-5882/10",
        "HR-339318-5935/4",
        "HR-339318-6022/1",
        "HR-339318-6685/1",
        "HR-339318-5901/6",
        "HR-339318-5918/5",
        "HR-339318-6716/1",
        "HR-339318-5890/2",
        "HR-339318-5897/8",
        "HR-339318-5919",
        "HR-339318-5897/9",
        "HR-339318-5875/3",
        "HR-339318-5897/2",
        "HR-339318-5897/7",
        "HR-339318-5897/6",
        "HR-339318-5897/1",
        "HR-339318-5901/1",
        "HR-339318-5901/4",
        "HR-339318-5896/3",
        "HR-339318-6718/1",
        "HR-339318-5878/2",
        "HR-339318-6686/1",
        "HR-339318-5931/1",
        "HR-339318-5879",
        "HR-339318-6924/3",
        "HR-339318-6682/1",
        "HR-339318-5894/2",
        "HR-339318-5881/1",
        "HR-339318-6694/1",
        "HR-339318-5872/3",
        "HR-339318-5901/7",
        "HR-339318-5914/1",
        "HR-339318-6698",
        "HR-339318-5931/10",
        "HR-339318-6686/8",
        "HR-339318-5883/37",
        "HR-339318-6679/3",
        "HR-339318-5901/5",
        "HR-339318-6682/7",
        "HR-339318-6717/1",
        "HR-339318-6699/1",
        "HR-339318-5888/2",
        "HR-339318-5886/2",
        "HR-339318-5918/1",
        "HR-339318-6923/1",
        "HR-339318-6693/2",
        "HR-339318-6682/4",
        "HR-339318-6660/1",
        "HR-339318-6696/2",
        "HR-339318-5937/3",
        "HR-339318-5901/8",
        "HR-339318-6662",
        "HR-339318-5872/4",
        "HR-339318-6707/3",
        "HR-339318-5886/4",
        "HR-339318-6697/1",
        "HR-339318-6702/1",
        "HR-339318-5883/5",
        "HR-339318-6700/1",
        "HR-339318-6696/1",
        "HR-339318-5882/3",
        "HR-339318-5883/38",
        "HR-339318-5939/1",
        "HR-339318-5954/3",
        "HR-339318-5891/4",
        "HR-339318-5953/1",
        "HR-339318-6672/1",
        "HR-339318-5886/3",
        "HR-339318-6686/7",
        "HR-339318-6656/5",
        "HR-339318-5902/1",
        "HR-339318-6653/1",
        "HR-339318-6679/2",
        "HR-339318-6661/1",
        "HR-339318-5890/1",
        "HR-339318-6709/2",
        "HR-339318-6676/1",
        "HR-339318-6712/3",
        "HR-339318-6682/3",
        "HR-339318-6923/11",
        "HR-339318-6700/2",
        "HR-339318-5883/3",
        "HR-339318-6683/3",
        "HR-339318-6719/2",
        "HR-339318-6649/2",
        "HR-339318-5883/43",
        "HR-339318-5921/2",
        "HR-339318-5954/4",
        "HR-339318-5926/3",
        "HR-339318-5921/6",
        "HR-339318-6675/2",
        "HR-339318-6686/5",
        "HR-339318-6665/1",
        "HR-339318-6694/2",
        "HR-339318-5933/2",
        "HR-339318-6693/1",
        "HR-339318-5887/2",
        "HR-339318-5931/13",
        "HR-339318-6714/5",
        "HR-339318-5872/6",
        "HR-339318-6682/6",
        "HR-339318-6719/3",
        "HR-339318-5951/2",
        "HR-339318-6686/2",
        "HR-339318-5926/4",
        "HR-339318-6699/3",
        "HR-339318-6656/2",
        "HR-339318-6661/4",
        "HR-339318-6661/7",
        "HR-339318-5953/2",
        "HR-339318-5921/7",
        "HR-339318-7004/4",
        "HR-339318-6661/6",
        "HR-339318-6683/7",
        "HR-339318-6718/2",
        "HR-339318-6653/3",
        "HR-339318-6655/4",
        "HR-339318-6686/4",
        "HR-339318-6672/2",
        "HR-339318-6661/8",
        "HR-339318-6697/2",
        "HR-339318-6667",
        "HR-339318-5883/39",
        "HR-339318-6686/3",
        "HR-339318-5928/8",
        "HR-339318-5928/7",
        "HR-339318-6683/6",
        "HR-339318-5883/2",
        "HR-339318-6696/3",
        "HR-339318-6701/2",
        "HR-339318-6682/5",
        "HR-339318-6686/6",
        "HR-339318-5932/3",
        "HR-339318-6690/1",
        "HR-339318-6661/5",
        "HR-339318-6649/4",
        "HR-339318-5872/5",
        "HR-339318-6682/2",
        "HR-339318-6691/1",
        "HR-339318-6688",
        "HR-339318-5937/1",
        "HR-339318-6714/1",
        "HR-339318-6684/3",
        "HR-339318-6663/2",
        "HR-339318-5939/2",
        "HR-339318-6689",
        "HR-339318-6653/5",
        "HR-339318-6665/2"
      ],
      "acceptedParcelIds": [],
      "bounds": [
        15.909820757,
        45.7874884,
        15.918528855,
        45.791817403
      ],
      "source": {
        "planName": "UPU Vrbani III",
        "planYears": "UPU 2005.; izmjene 2006.",
        "implementationStatus": "većim dijelom izvedeno prema službenoj ocjeni realizacije plana",
        "sources": [
          "https://www.zagreb.hr/UserDocsImages/arhiva/SlGlasnik.nsf/10288f1421388ff8c1256f2d0049015b/d4c62cbed2fe586ec1256fba003490f1-OpenDocument.htm",
          "https://zagreb.hr/vrbani-iii-krajobrazno-uredjenje-naselja/12202",
          "https://data.zagreb.hr/dataset/geoportal-urbanisticki-planovi-uredenja"
        ],
        "coordinateSystem": "lokalni izvori u HTRS96/TM (EPSG:3765), izvoz za aplikaciju u WGS84",
        "geometryBasis": "aktualne lokalne OSM središnjice, odrezane na službenu površinu IS",
        "profileBasis": "OSM oznake pa standardni Consensus Builder OSM profili",
        "footprintBasis": "Grad Zagreb – planirana namjena površina, oznaka IS",
        "osmWayIds": [
          29138266,
          42468959,
          42468961,
          43407075,
          131702618,
          131702619,
          131702620,
          131702766,
          141058653,
          141149529,
          141149530,
          141149531,
          141149532,
          141149533,
          141149534,
          141149535,
          141151105,
          141151107,
          141151113,
          141151116,
          234587466,
          234587667,
          246661519,
          310505225,
          310505233,
          434444686,
          434449564,
          434557744,
          434566929,
          434568191,
          489582917,
          822646476,
          913303679,
          913303701,
          913303705,
          913303710,
          913303714,
          1022399392,
          1022399393,
          1210006847,
          1362390410
        ],
        "lengthM": 3408.896683350939,
        "footprintAreaM2": 75407.22957938333,
        "snapshotDate": "2026-08-14"
      }
    },
    "roadProposal": {
      "parentParcelIds": [
        "HR-339318-6680/2",
        "HR-339318-5912/1",
        "HR-339318-5884/1",
        "HR-339318-6655/1",
        "HR-339318-7468",
        "HR-339318-5952/11",
        "HR-339318-5952/1",
        "HR-339318-5951/1",
        "HR-339318-7470",
        "HR-339318-5916/5",
        "HR-339318-5954/1",
        "HR-339318-7469",
        "HR-339318-5877",
        "HR-339318-6661/2",
        "HR-339318-5962/4",
        "HR-339318-5925/3",
        "HR-339318-7467",
        "HR-339318-5875/1",
        "HR-339318-5882/4",
        "HR-339318-5901/2",
        "HR-339318-5918/4",
        "HR-339318-5880/1",
        "HR-339318-6681/1",
        "HR-339318-5901/3",
        "HR-339318-5882/10",
        "HR-339318-5935/4",
        "HR-339318-6022/1",
        "HR-339318-6685/1",
        "HR-339318-5901/6",
        "HR-339318-5918/5",
        "HR-339318-6716/1",
        "HR-339318-5890/2",
        "HR-339318-5897/8",
        "HR-339318-5919",
        "HR-339318-5897/9",
        "HR-339318-5875/3",
        "HR-339318-5897/2",
        "HR-339318-5897/7",
        "HR-339318-5897/6",
        "HR-339318-5897/1",
        "HR-339318-5901/1",
        "HR-339318-5901/4",
        "HR-339318-5896/3",
        "HR-339318-6718/1",
        "HR-339318-5878/2",
        "HR-339318-6686/1",
        "HR-339318-5931/1",
        "HR-339318-5879",
        "HR-339318-6924/3",
        "HR-339318-6682/1",
        "HR-339318-5894/2",
        "HR-339318-5881/1",
        "HR-339318-6694/1",
        "HR-339318-5872/3",
        "HR-339318-5901/7",
        "HR-339318-5914/1",
        "HR-339318-6698",
        "HR-339318-5931/10",
        "HR-339318-6686/8",
        "HR-339318-5883/37",
        "HR-339318-6679/3",
        "HR-339318-5901/5",
        "HR-339318-6682/7",
        "HR-339318-6717/1",
        "HR-339318-6699/1",
        "HR-339318-5888/2",
        "HR-339318-5886/2",
        "HR-339318-5918/1",
        "HR-339318-6923/1",
        "HR-339318-6693/2",
        "HR-339318-6682/4",
        "HR-339318-6660/1",
        "HR-339318-6696/2",
        "HR-339318-5937/3",
        "HR-339318-5901/8",
        "HR-339318-6662",
        "HR-339318-5872/4",
        "HR-339318-6707/3",
        "HR-339318-5886/4",
        "HR-339318-6697/1",
        "HR-339318-6702/1",
        "HR-339318-5883/5",
        "HR-339318-6700/1",
        "HR-339318-6696/1",
        "HR-339318-5882/3",
        "HR-339318-5883/38",
        "HR-339318-5939/1",
        "HR-339318-5954/3",
        "HR-339318-5891/4",
        "HR-339318-5953/1",
        "HR-339318-6672/1",
        "HR-339318-5886/3",
        "HR-339318-6686/7",
        "HR-339318-6656/5",
        "HR-339318-5902/1",
        "HR-339318-6653/1",
        "HR-339318-6679/2",
        "HR-339318-6661/1",
        "HR-339318-5890/1",
        "HR-339318-6709/2",
        "HR-339318-6676/1",
        "HR-339318-6712/3",
        "HR-339318-6682/3",
        "HR-339318-6923/11",
        "HR-339318-6700/2",
        "HR-339318-5883/3",
        "HR-339318-6683/3",
        "HR-339318-6719/2",
        "HR-339318-6649/2",
        "HR-339318-5883/43",
        "HR-339318-5921/2",
        "HR-339318-5954/4",
        "HR-339318-5926/3",
        "HR-339318-5921/6",
        "HR-339318-6675/2",
        "HR-339318-6686/5",
        "HR-339318-6665/1",
        "HR-339318-6694/2",
        "HR-339318-5933/2",
        "HR-339318-6693/1",
        "HR-339318-5887/2",
        "HR-339318-5931/13",
        "HR-339318-6714/5",
        "HR-339318-5872/6",
        "HR-339318-6682/6",
        "HR-339318-6719/3",
        "HR-339318-5951/2",
        "HR-339318-6686/2",
        "HR-339318-5926/4",
        "HR-339318-6699/3",
        "HR-339318-6656/2",
        "HR-339318-6661/4",
        "HR-339318-6661/7",
        "HR-339318-5953/2",
        "HR-339318-5921/7",
        "HR-339318-7004/4",
        "HR-339318-6661/6",
        "HR-339318-6683/7",
        "HR-339318-6718/2",
        "HR-339318-6653/3",
        "HR-339318-6655/4",
        "HR-339318-6686/4",
        "HR-339318-6672/2",
        "HR-339318-6661/8",
        "HR-339318-6697/2",
        "HR-339318-6667",
        "HR-339318-5883/39",
        "HR-339318-6686/3",
        "HR-339318-5928/8",
        "HR-339318-5928/7",
        "HR-339318-6683/6",
        "HR-339318-5883/2",
        "HR-339318-6696/3",
        "HR-339318-6701/2",
        "HR-339318-6682/5",
        "HR-339318-6686/6",
        "HR-339318-5932/3",
        "HR-339318-6690/1",
        "HR-339318-6661/5",
        "HR-339318-6649/4",
        "HR-339318-5872/5",
        "HR-339318-6682/2",
        "HR-339318-6691/1",
        "HR-339318-6688",
        "HR-339318-5937/1",
        "HR-339318-6714/1",
        "HR-339318-6684/3",
        "HR-339318-6663/2",
        "HR-339318-5939/2",
        "HR-339318-6689",
        "HR-339318-6653/5",
        "HR-339318-6665/2"
      ],
      "childParcelIds": [],
      "mode": "import",
      "isCorridor": true
    },
    "definition": {
      "profile": {
        "strips": [
          {
            "type": "driving",
            "width": 3,
            "direction": "forward"
          },
          {
            "type": "driving",
            "width": 3,
            "direction": "backward"
          }
        ]
      },
      "width": 6,
      "segmentProfiles": {
        "osm-42468959-1": {
          "strips": [
            {
              "type": "sidewalk",
              "width": 2
            },
            {
              "type": "driving",
              "width": 3,
              "direction": "forward"
            },
            {
              "type": "driving",
              "width": 3,
              "direction": "backward"
            }
          ]
        },
        "osm-131702618-1": {
          "strips": [
            {
              "type": "sidewalk",
              "width": 2
            },
            {
              "type": "driving",
              "width": 3,
              "direction": "forward"
            },
            {
              "type": "driving",
              "width": 3,
              "direction": "backward"
            },
            {
              "type": "sidewalk",
              "width": 2
            }
          ]
        },
        "osm-131702619-1": {
          "strips": [
            {
              "type": "sidewalk",
              "width": 2
            },
            {
              "type": "driving",
              "width": 3,
              "direction": "forward"
            },
            {
              "type": "sidewalk",
              "width": 2
            }
          ]
        },
        "osm-131702620-1": {
          "strips": [
            {
              "type": "sidewalk",
              "width": 2
            },
            {
              "type": "driving",
              "width": 3,
              "direction": "forward"
            },
            {
              "type": "sidewalk",
              "width": 2
            }
          ]
        },
        "osm-131702766-1": {
          "strips": [
            {
              "type": "driving",
              "width": 3,
              "direction": "forward"
            }
          ]
        },
        "osm-141149531-1": {
          "strips": [
            {
              "type": "driving",
              "width": 3,
              "direction": "forward"
            }
          ]
        },
        "osm-141149532-1": {
          "strips": [
            {
              "type": "driving",
              "width": 3,
              "direction": "forward"
            }
          ]
        },
        "osm-141149533-1": {
          "strips": [
            {
              "type": "driving",
              "width": 2.75,
              "direction": "forward"
            }
          ]
        },
        "osm-141149534-1": {
          "strips": [
            {
              "type": "driving",
              "width": 2.75,
              "direction": "forward"
            }
          ]
        },
        "osm-141149535-1": {
          "strips": [
            {
              "type": "driving",
              "width": 2.75,
              "direction": "forward"
            }
          ]
        },
        "osm-234587466-1": {
          "strips": [
            {
              "type": "driving",
              "width": 2.75,
              "direction": "forward"
            }
          ]
        },
        "osm-234587667-1": {
          "strips": [
            {
              "type": "driving",
              "width": 2.75,
              "direction": "forward"
            }
          ]
        },
        "osm-310505225-1": {
          "strips": [
            {
              "type": "driving",
              "width": 3,
              "direction": "forward"
            },
            {
              "type": "driving",
              "width": 3,
              "direction": "backward"
            },
            {
              "type": "driving",
              "width": 3,
              "direction": "backward"
            }
          ]
        },
        "osm-310505233-1": {
          "strips": [
            {
              "type": "driving",
              "width": 2.75,
              "direction": "forward"
            }
          ]
        },
        "osm-434444686-1": {
          "strips": [
            {
              "type": "driving",
              "width": 2.75,
              "direction": "forward"
            }
          ]
        },
        "osm-434449564-1": {
          "strips": [
            {
              "type": "driving",
              "width": 2.75,
              "direction": "forward"
            }
          ]
        },
        "osm-434557744-1": {
          "strips": [
            {
              "type": "driving",
              "width": 2.75,
              "direction": "forward"
            }
          ]
        },
        "osm-434566929-1": {
          "strips": [
            {
              "type": "driving",
              "width": 2.75,
              "direction": "forward"
            }
          ]
        },
        "osm-489582917-1": {
          "strips": [
            {
              "type": "driving",
              "width": 2.75,
              "direction": "forward"
            }
          ]
        },
        "osm-822646476-1": {
          "strips": [
            {
              "type": "sidewalk",
              "width": 2
            },
            {
              "type": "driving",
              "width": 3,
              "direction": "forward"
            },
            {
              "type": "driving",
              "width": 3,
              "direction": "forward"
            },
            {
              "type": "sidewalk",
              "width": 2
            }
          ]
        },
        "osm-913303701-1": {
          "strips": [
            {
              "type": "driving",
              "width": 2.75,
              "direction": "forward"
            }
          ]
        },
        "osm-913303705-1": {
          "strips": [
            {
              "type": "driving",
              "width": 2.75,
              "direction": "forward"
            }
          ]
        },
        "osm-913303710-1": {
          "strips": [
            {
              "type": "driving",
              "width": 2.75,
              "direction": "forward"
            }
          ]
        },
        "osm-913303714-1": {
          "strips": [
            {
              "type": "driving",
              "width": 2.75,
              "direction": "forward"
            }
          ]
        },
        "osm-1022399392-1": {
          "strips": [
            {
              "type": "driving",
              "width": 2.75,
              "direction": "forward"
            }
          ]
        },
        "osm-1022399393-1": {
          "strips": [
            {
              "type": "driving",
              "width": 2.75,
              "direction": "forward"
            }
          ]
        },
        "osm-1210006847-1": {
          "strips": [
            {
              "type": "driving",
              "width": 2.75,
              "direction": "forward"
            }
          ]
        },
        "osm-1362390410-1": {
          "strips": [
            {
              "type": "driving",
              "width": 3,
              "direction": "forward"
            },
            {
              "type": "driving",
              "width": 3,
              "direction": "backward"
            },
            {
              "type": "cycleway",
              "width": 1.5,
              "direction": "backward"
            },
            {
              "type": "sidewalk",
              "width": 2
            }
          ]
        }
      },
      "tunnels": [],
      "gradeSeparations": [],
      "metadata": {
        "mode": "import",
        "type": "road",
        "isTrack": false,
        "isRoad": true,
        "isCorridor": true,
        "source": "official-plan-footprint-with-local-osm-centrelines",
        "reconstruction": true,
        "sourceRows": [
          {
            "segmentId": "osm-29138266-1",
            "osmWayId": 29138266,
            "osmPartIndex": 1,
            "highway": "residential",
            "name": "Kutnjački put",
            "widthMeters": null,
            "modelledWidthM": 6,
            "lengthM": 106.79691338620792,
            "tags": {
              "lit": "yes",
              "name": "Kutnjački put",
              "highway": "residential",
              "surface": "asphalt",
              "surface:grade": "3"
            }
          },
          {
            "segmentId": "osm-42468959-1",
            "osmWayId": 42468959,
            "osmPartIndex": 1,
            "highway": "residential",
            "name": null,
            "widthMeters": null,
            "modelledWidthM": 8,
            "lengthM": 121.29060087865986,
            "tags": {
              "lit": "yes",
              "highway": "residential",
              "surface": "asphalt",
              "cycleway:left": "no",
              "sidewalk:left": "yes",
              "surface:grade": "3",
              "cycleway:right": "separate",
              "sidewalk:right": "separate"
            }
          },
          {
            "segmentId": "osm-42468961-1",
            "osmWayId": 42468961,
            "osmPartIndex": 1,
            "highway": "residential",
            "name": null,
            "widthMeters": null,
            "modelledWidthM": 6,
            "lengthM": 209.79899438546698,
            "tags": {
              "lit": "yes",
              "lanes": "2",
              "highway": "residential",
              "surface": "asphalt",
              "sidewalk:both": "separate",
              "surface:grade": "3"
            }
          },
          {
            "segmentId": "osm-43407075-1",
            "osmWayId": 43407075,
            "osmPartIndex": 1,
            "highway": "residential",
            "name": "Malogorička ulica",
            "widthMeters": null,
            "modelledWidthM": 6,
            "lengthM": 84.51967565721098,
            "tags": {
              "lit": "yes",
              "name": "Malogorička ulica",
              "highway": "residential",
              "surface": "asphalt",
              "old_name": "Titelska ulica",
              "surface:grade": "3"
            }
          },
          {
            "segmentId": "osm-131702618-1",
            "osmWayId": 131702618,
            "osmPartIndex": 1,
            "highway": "residential",
            "name": "Lopatinečka ulica",
            "widthMeters": null,
            "modelledWidthM": 10,
            "lengthM": 59.10303322073626,
            "tags": {
              "lit": "yes",
              "name": "Lopatinečka ulica",
              "highway": "residential",
              "surface": "asphalt",
              "sidewalk": "both",
              "surface:grade": "3"
            }
          },
          {
            "segmentId": "osm-131702619-1",
            "osmWayId": 131702619,
            "osmPartIndex": 1,
            "highway": "residential",
            "name": "Lopatinečka ulica",
            "widthMeters": null,
            "modelledWidthM": 7,
            "lengthM": 13.624867734891744,
            "tags": {
              "lit": "yes",
              "name": "Lopatinečka ulica",
              "oneway": "yes",
              "highway": "residential",
              "surface": "asphalt",
              "sidewalk": "both",
              "surface:grade": "3"
            }
          },
          {
            "segmentId": "osm-131702620-1",
            "osmWayId": 131702620,
            "osmPartIndex": 1,
            "highway": "residential",
            "name": "Lopatinečka ulica",
            "widthMeters": null,
            "modelledWidthM": 7,
            "lengthM": 8.166199796767263,
            "tags": {
              "lit": "yes",
              "name": "Lopatinečka ulica",
              "oneway": "yes",
              "highway": "residential",
              "surface": "asphalt",
              "sidewalk": "both",
              "surface:grade": "3"
            }
          },
          {
            "segmentId": "osm-131702766-1",
            "osmWayId": 131702766,
            "osmPartIndex": 1,
            "highway": "residential",
            "name": "Rudeška cesta",
            "widthMeters": null,
            "modelledWidthM": 3,
            "lengthM": 16.535686008873657,
            "tags": {
              "lit": "yes",
              "name": "Rudeška cesta",
              "oneway": "yes",
              "highway": "residential",
              "surface": "asphalt"
            }
          },
          {
            "segmentId": "osm-141058653-1",
            "osmWayId": 141058653,
            "osmPartIndex": 1,
            "highway": "residential",
            "name": "Kuzminečka ulica",
            "widthMeters": null,
            "modelledWidthM": 6,
            "lengthM": 232.79298057813764,
            "tags": {
              "lit": "yes",
              "name": "Kuzminečka ulica",
              "highway": "residential",
              "surface": "asphalt",
              "smoothness": "intermediate",
              "surface:grade": "3"
            }
          },
          {
            "segmentId": "osm-141149529-1",
            "osmWayId": 141149529,
            "osmPartIndex": 1,
            "highway": "residential",
            "name": "Kutnjački put",
            "widthMeters": null,
            "modelledWidthM": 6,
            "lengthM": 510.86035405029656,
            "tags": {
              "lit": "yes",
              "name": "Kutnjački put",
              "highway": "residential",
              "surface": "asphalt",
              "surface:grade": "3"
            }
          },
          {
            "segmentId": "osm-141149530-1",
            "osmWayId": 141149530,
            "osmPartIndex": 1,
            "highway": "residential",
            "name": "Kutnjački put",
            "widthMeters": null,
            "modelledWidthM": 6,
            "lengthM": 67.35094906439417,
            "tags": {
              "name": "Kutnjački put",
              "highway": "residential"
            }
          },
          {
            "segmentId": "osm-141149531-1",
            "osmWayId": 141149531,
            "osmPartIndex": 1,
            "highway": "residential",
            "name": "Kutnjački put",
            "widthMeters": null,
            "modelledWidthM": 3,
            "lengthM": 8.350474928991424,
            "tags": {
              "name": "Kutnjački put",
              "oneway": "yes",
              "highway": "residential"
            }
          },
          {
            "segmentId": "osm-141149532-1",
            "osmWayId": 141149532,
            "osmPartIndex": 1,
            "highway": "residential",
            "name": "Kutnjački put",
            "widthMeters": null,
            "modelledWidthM": 3,
            "lengthM": 6.9452730369432825,
            "tags": {
              "name": "Kutnjački put",
              "oneway": "yes",
              "highway": "residential"
            }
          },
          {
            "segmentId": "osm-141149533-1",
            "osmWayId": 141149533,
            "osmPartIndex": 1,
            "highway": "service",
            "name": null,
            "widthMeters": null,
            "modelledWidthM": 2.75,
            "lengthM": 10.4156569298586,
            "tags": {
              "highway": "service",
              "service": "parking_aisle"
            }
          },
          {
            "segmentId": "osm-141149534-1",
            "osmWayId": 141149534,
            "osmPartIndex": 1,
            "highway": "service",
            "name": null,
            "widthMeters": null,
            "modelledWidthM": 2.75,
            "lengthM": 9.79203259589791,
            "tags": {
              "highway": "service",
              "service": "parking_aisle"
            }
          },
          {
            "segmentId": "osm-141149535-1",
            "osmWayId": 141149535,
            "osmPartIndex": 1,
            "highway": "service",
            "name": null,
            "widthMeters": null,
            "modelledWidthM": 2.75,
            "lengthM": 10.420831851128078,
            "tags": {
              "highway": "service"
            }
          },
          {
            "segmentId": "osm-141151105-1",
            "osmWayId": 141151105,
            "osmPartIndex": 1,
            "highway": "residential",
            "name": "Kuzminečka ulica",
            "widthMeters": null,
            "modelledWidthM": 6,
            "lengthM": 126.17453514102618,
            "tags": {
              "lit": "yes",
              "name": "Kuzminečka ulica",
              "highway": "residential",
              "surface": "asphalt",
              "surface:grade": "3"
            }
          },
          {
            "segmentId": "osm-141151107-1",
            "osmWayId": 141151107,
            "osmPartIndex": 1,
            "highway": "residential",
            "name": "Malogorička ulica",
            "widthMeters": null,
            "modelledWidthM": 6,
            "lengthM": 92.0312736564751,
            "tags": {
              "lit": "yes",
              "name": "Malogorička ulica",
              "highway": "residential",
              "surface": "asphalt",
              "surface:grade": "3"
            }
          },
          {
            "segmentId": "osm-141151113-1",
            "osmWayId": 141151113,
            "osmPartIndex": 1,
            "highway": "residential",
            "name": "Palinovečka ulica",
            "widthMeters": null,
            "modelledWidthM": 6,
            "lengthM": 451.14073345694896,
            "tags": {
              "lit": "yes",
              "name": "Palinovečka ulica",
              "oneway": "no",
              "highway": "residential",
              "surface": "asphalt",
              "maxspeed": "40",
              "smoothness": "good",
              "maxspeed:type": "sign"
            }
          },
          {
            "segmentId": "osm-141151116-1",
            "osmWayId": 141151116,
            "osmPartIndex": 1,
            "highway": "residential",
            "name": "Rudeška cesta",
            "widthMeters": null,
            "modelledWidthM": 6,
            "lengthM": 218.08975738981692,
            "tags": {
              "lit": "yes",
              "name": "Rudeška cesta",
              "lanes": "2",
              "oneway": "no",
              "highway": "residential",
              "surface": "asphalt",
              "smoothness": "good",
              "maxspeed:type": "HR:urban",
              "surface:grade": "3"
            }
          },
          {
            "segmentId": "osm-234587466-1",
            "osmWayId": 234587466,
            "osmPartIndex": 1,
            "highway": "service",
            "name": null,
            "widthMeters": null,
            "modelledWidthM": 2.75,
            "lengthM": 10.707598590291504,
            "tags": {
              "highway": "service"
            }
          },
          {
            "segmentId": "osm-234587667-1",
            "osmWayId": 234587667,
            "osmPartIndex": 1,
            "highway": "service",
            "name": null,
            "widthMeters": null,
            "modelledWidthM": 2.75,
            "lengthM": 8.563874707701434,
            "tags": {
              "highway": "service"
            }
          },
          {
            "segmentId": "osm-246661519-1",
            "osmWayId": 246661519,
            "osmPartIndex": 1,
            "highway": "residential",
            "name": null,
            "widthMeters": null,
            "modelledWidthM": 6,
            "lengthM": 57.92509891679299,
            "tags": {
              "lit": "yes",
              "highway": "residential",
              "surface": "asphalt",
              "maxspeed": "30",
              "surface:grade": "3"
            }
          },
          {
            "segmentId": "osm-310505225-1",
            "osmWayId": 310505225,
            "osmPartIndex": 1,
            "highway": "residential",
            "name": "Rudeška cesta",
            "widthMeters": null,
            "modelledWidthM": 9,
            "lengthM": 132.60089979930106,
            "tags": {
              "lit": "yes",
              "name": "Rudeška cesta",
              "lanes": "3",
              "oneway": "no",
              "highway": "residential",
              "surface": "asphalt",
              "maxspeed": "40",
              "smoothness": "good",
              "lanes:forward": "1",
              "sidewalk:both": "separate",
              "surface:grade": "3",
              "lanes:backward": "2"
            }
          },
          {
            "segmentId": "osm-310505233-1",
            "osmWayId": 310505233,
            "osmPartIndex": 1,
            "highway": "service",
            "name": null,
            "widthMeters": null,
            "modelledWidthM": 2.75,
            "lengthM": 10.912905623146075,
            "tags": {
              "highway": "service",
              "service": "driveway"
            }
          },
          {
            "segmentId": "osm-434444686-1",
            "osmWayId": 434444686,
            "osmPartIndex": 1,
            "highway": "service",
            "name": null,
            "widthMeters": null,
            "modelledWidthM": 2.75,
            "lengthM": 65.58166552566172,
            "tags": {
              "lit": "yes",
              "highway": "service",
              "surface": "asphalt",
              "smoothness": "good"
            }
          },
          {
            "segmentId": "osm-434449564-1",
            "osmWayId": 434449564,
            "osmPartIndex": 1,
            "highway": "service",
            "name": null,
            "widthMeters": null,
            "modelledWidthM": 2.75,
            "lengthM": 10.345924937350707,
            "tags": {
              "highway": "service"
            }
          },
          {
            "segmentId": "osm-434557744-1",
            "osmWayId": 434557744,
            "osmPartIndex": 1,
            "highway": "service",
            "name": null,
            "widthMeters": null,
            "modelledWidthM": 2.75,
            "lengthM": 69.73073655442136,
            "tags": {
              "highway": "service"
            }
          },
          {
            "segmentId": "osm-434566929-1",
            "osmWayId": 434566929,
            "osmPartIndex": 1,
            "highway": "service",
            "name": null,
            "widthMeters": null,
            "modelledWidthM": 2.75,
            "lengthM": 61.495847115394085,
            "tags": {
              "highway": "service"
            }
          },
          {
            "segmentId": "osm-434568191-1",
            "osmWayId": 434568191,
            "osmPartIndex": 1,
            "highway": "residential",
            "name": "Palinovečka ulica",
            "widthMeters": null,
            "modelledWidthM": 6,
            "lengthM": 417.87199776406567,
            "tags": {
              "lit": "yes",
              "name": "Palinovečka ulica",
              "highway": "residential",
              "surface": "asphalt",
              "maxspeed": "40",
              "maxspeed:type": "sign",
              "surface:grade": "3"
            }
          },
          {
            "segmentId": "osm-489582917-1",
            "osmWayId": 489582917,
            "osmPartIndex": 1,
            "highway": "service",
            "name": null,
            "widthMeters": null,
            "modelledWidthM": 2.75,
            "lengthM": 11.687316176782604,
            "tags": {
              "highway": "service"
            }
          },
          {
            "segmentId": "osm-822646476-1",
            "osmWayId": 822646476,
            "osmPartIndex": 1,
            "highway": "residential",
            "name": "Rudeška cesta",
            "widthMeters": null,
            "modelledWidthM": 10,
            "lengthM": 17.915683190805957,
            "tags": {
              "lit": "yes",
              "name": "Rudeška cesta",
              "oneway": "no",
              "highway": "residential",
              "surface": "asphalt",
              "maxspeed": "40",
              "sidewalk": "both",
              "smoothness": "good",
              "cycleway:both": "no",
              "lanes:forward": "2",
              "turn:lanes:forward": "left|through;right"
            }
          },
          {
            "segmentId": "osm-913303679-1",
            "osmWayId": 913303679,
            "osmPartIndex": 1,
            "highway": "residential",
            "name": null,
            "widthMeters": null,
            "modelledWidthM": 6,
            "lengthM": 9.928338651513869,
            "tags": {
              "highway": "residential"
            }
          },
          {
            "segmentId": "osm-913303701-1",
            "osmWayId": 913303701,
            "osmPartIndex": 1,
            "highway": "service",
            "name": null,
            "widthMeters": null,
            "modelledWidthM": 2.75,
            "lengthM": 9.685396799417797,
            "tags": {
              "lit": "yes",
              "highway": "service",
              "surface": "asphalt",
              "smoothness": "good"
            }
          },
          {
            "segmentId": "osm-913303705-1",
            "osmWayId": 913303705,
            "osmPartIndex": 1,
            "highway": "service",
            "name": null,
            "widthMeters": null,
            "modelledWidthM": 2.75,
            "lengthM": 9.926702294716979,
            "tags": {
              "highway": "service"
            }
          },
          {
            "segmentId": "osm-913303710-1",
            "osmWayId": 913303710,
            "osmPartIndex": 1,
            "highway": "service",
            "name": null,
            "widthMeters": null,
            "modelledWidthM": 2.75,
            "lengthM": 45.477428470453134,
            "tags": {
              "highway": "service",
              "service": "emergency_access",
              "surface": "paving_stones"
            }
          },
          {
            "segmentId": "osm-913303714-1",
            "osmWayId": 913303714,
            "osmPartIndex": 1,
            "highway": "service",
            "name": null,
            "widthMeters": null,
            "modelledWidthM": 2.75,
            "lengthM": 9.668785848109042,
            "tags": {
              "lit": "yes",
              "highway": "service",
              "surface": "asphalt",
              "smoothness": "good"
            }
          },
          {
            "segmentId": "osm-1022399392-1",
            "osmWayId": 1022399392,
            "osmPartIndex": 1,
            "highway": "service",
            "name": null,
            "widthMeters": null,
            "modelledWidthM": 2.75,
            "lengthM": 13.90424356625706,
            "tags": {
              "highway": "service",
              "surface": "unpaved"
            }
          },
          {
            "segmentId": "osm-1022399393-1",
            "osmWayId": 1022399393,
            "osmPartIndex": 1,
            "highway": "service",
            "name": null,
            "widthMeters": null,
            "modelledWidthM": 2.75,
            "lengthM": 14.224338410518804,
            "tags": {
              "highway": "service",
              "surface": "paved"
            }
          },
          {
            "segmentId": "osm-1210006847-1",
            "osmWayId": 1210006847,
            "osmPartIndex": 1,
            "highway": "service",
            "name": null,
            "widthMeters": null,
            "modelledWidthM": 2.75,
            "lengthM": 10.020852050426985,
            "tags": {
              "highway": "service"
            }
          },
          {
            "segmentId": "osm-1362390410-1",
            "osmWayId": 1362390410,
            "osmPartIndex": 1,
            "highway": "residential",
            "name": null,
            "widthMeters": null,
            "modelledWidthM": 9.5,
            "lengthM": 46.520224609080365,
            "tags": {
              "lit": "yes",
              "highway": "residential",
              "surface": "asphalt",
              "sidewalk": "right",
              "cycleway:left": "no",
              "signalisation": "illegal",
              "surface:grade": "3",
              "cycleway:right": "track",
              "cycleway:right:segregated": "no"
            }
          }
        ]
      }
    }
  },
  "features": [
    {
      "type": "Feature",
      "properties": {
        "id": "plan-site:vrbani-iii",
        "name": "UPU Vrbani III",
        "source": "Grad Zagreb – planirana namjena površina",
        "areaM2": 290717.7758017461,
        "featureCount": 51,
        "consensus:role": "site"
      },
      "geometry": {
        "type": "Polygon",
        "coordinates": [
          [
            [
              15.910047323,
              45.788825134
            ],
            [
              15.909560364,
              45.788858611
            ],
            [
              15.909560509,
              45.788859289
            ],
            [
              15.909605239,
              45.789068006
            ],
            [
              15.909820757,
              45.790075418
            ],
            [
              15.909858819,
              45.790253278
            ],
            [
              15.910135247,
              45.791544944
            ],
            [
              15.910208587,
              45.791887329
            ],
            [
              15.910874405,
              45.791822018
            ],
            [
              15.911034269,
              45.791817403
            ],
            [
              15.911122288,
              45.791813811
            ],
            [
              15.911267808,
              45.791810597
            ],
            [
              15.912225955,
              45.791713747
            ],
            [
              15.912543614,
              45.791682443
            ],
            [
              15.912600881,
              45.791675773
            ],
            [
              15.912932983,
              45.791639777
            ],
            [
              15.913121818,
              45.791621615
            ],
            [
              15.913186508,
              45.791615643
            ],
            [
              15.913203646,
              45.791614052
            ],
            [
              15.913852762,
              45.791553806
            ],
            [
              15.913967422,
              45.791543164
            ],
            [
              15.914682927,
              45.791466921
            ],
            [
              15.914832029,
              45.791451032
            ],
            [
              15.914857315,
              45.791447619
            ],
            [
              15.914927075,
              45.791438204
            ],
            [
              15.915030698,
              45.791424218
            ],
            [
              15.915292947,
              45.791383189
            ],
            [
              15.915418222,
              45.791360886
            ],
            [
              15.915453914,
              45.791354531
            ],
            [
              15.915628146,
              45.791321426
            ],
            [
              15.915681662,
              45.791310925
            ],
            [
              15.915748105,
              45.791297886
            ],
            [
              15.915897276,
              45.791265902
            ],
            [
              15.916085443,
              45.791225395
            ],
            [
              15.916177538,
              45.791203933
            ],
            [
              15.916262131,
              45.79118102
            ],
            [
              15.916362113,
              45.79115394
            ],
            [
              15.916487113,
              45.791122276
            ],
            [
              15.916571303,
              45.791097105
            ],
            [
              15.916783368,
              45.791033704
            ],
            [
              15.916819523,
              45.791022817
            ],
            [
              15.9168289,
              45.791020091
            ],
            [
              15.916849391,
              45.791013965
            ],
            [
              15.916973965,
              45.790974214
            ],
            [
              15.916999701,
              45.790965771
            ],
            [
              15.917033316,
              45.790954419
            ],
            [
              15.917147863,
              45.790915736
            ],
            [
              15.917246706,
              45.79088092
            ],
            [
              15.917506736,
              45.790786629
            ],
            [
              15.917740581,
              45.790695862
            ],
            [
              15.917837175,
              45.790655695
            ],
            [
              15.917936058,
              45.790613839
            ],
            [
              15.91808032,
              45.790549063
            ],
            [
              15.918161034,
              45.790512821
            ],
            [
              15.91816443,
              45.790511228
            ],
            [
              15.918528855,
              45.790340225
            ],
            [
              15.919463528,
              45.789905482
            ],
            [
              15.919689322,
              45.78979866
            ],
            [
              15.919912366,
              45.789675273
            ],
            [
              15.920007215,
              45.789627146
            ],
            [
              15.920411708,
              45.789440557
            ],
            [
              15.920456617,
              45.789417692
            ],
            [
              15.920501526,
              45.789394826
            ],
            [
              15.920497114,
              45.789344753
            ],
            [
              15.920492567,
              45.789322796
            ],
            [
              15.920435091,
              45.789233677
            ],
            [
              15.920371383,
              45.789134894
            ],
            [
              15.920370427,
              45.789133413
            ],
            [
              15.92030255,
              45.789028165
            ],
            [
              15.920230062,
              45.788915766
            ],
            [
              15.920197881,
              45.788865866
            ],
            [
              15.92010117,
              45.78873364
            ],
            [
              15.920074802,
              45.788696379
            ],
            [
              15.919955916,
              45.788531513
            ],
            [
              15.919907681,
              45.788469092
            ],
            [
              15.919847674,
              45.788387049
            ],
            [
              15.919695948,
              45.788200551
            ],
            [
              15.919639315,
              45.788135521
            ],
            [
              15.919537053,
              45.788013831
            ],
            [
              15.919390546,
              45.787847674
            ],
            [
              15.919268775,
              45.787710037
            ],
            [
              15.919175839,
              45.78760332
            ],
            [
              15.918765358,
              45.787131127
            ],
            [
              15.918357053,
              45.786673235
            ],
            [
              15.918205212,
              45.786500004
            ],
            [
              15.916902232,
              45.787065007
            ],
            [
              15.916886043,
              45.787072084
            ],
            [
              15.916023557,
              45.78744606
            ],
            [
              15.915973721,
              45.787467594
            ],
            [
              15.91592557,
              45.7874884
            ],
            [
              15.915679967,
              45.787588677
            ],
            [
              15.915429604,
              45.787690897
            ],
            [
              15.915208952,
              45.787773493
            ],
            [
              15.914996328,
              45.787853085
            ],
            [
              15.914956132,
              45.787867325
            ],
            [
              15.914752951,
              45.787937303
            ],
            [
              15.9145328,
              45.788009905
            ],
            [
              15.91433044,
              45.788073762
            ],
            [
              15.914044881,
              45.788158808
            ],
            [
              15.913825606,
              45.788220079
            ],
            [
              15.913810906,
              45.788224187
            ],
            [
              15.913583132,
              45.788284722
            ],
            [
              15.913543709,
              45.788294856
            ],
            [
              15.913344123,
              45.78834448
            ],
            [
              15.913242145,
              45.788368132
            ],
            [
              15.912976787,
              45.788429189
            ],
            [
              15.912820952,
              45.788462761
            ],
            [
              15.912756922,
              45.788476038
            ],
            [
              15.912521505,
              45.788522675
            ],
            [
              15.912192164,
              45.788582959
            ],
            [
              15.911997097,
              45.788615521
            ],
            [
              15.911851816,
              45.788638346
            ],
            [
              15.91178247,
              45.788648815
            ],
            [
              15.911771578,
              45.788650422
            ],
            [
              15.911507865,
              45.788687231
            ],
            [
              15.911172059,
              45.788729236
            ],
            [
              15.910759465,
              45.788771396
            ],
            [
              15.910549906,
              45.788788622
            ],
            [
              15.910428523,
              45.7887986
            ],
            [
              15.910079052,
              45.788822956
            ],
            [
              15.910047323,
              45.788825134
            ]
          ]
        ]
      }
    },
    {
      "type": "Feature",
      "properties": {
        "consensus:index": 0,
        "consensus:segment-id": "osm-29138266-1",
        "consensus:role": "corridor-centerline"
      },
      "geometry": {
        "type": "LineString",
        "coordinates": [
          [
            15.9157173,
            45.790791
          ],
          [
            15.9156557,
            45.7907507
          ],
          [
            15.9154126,
            45.7905912
          ],
          [
            15.9148098,
            45.7901782
          ],
          [
            15.9147816,
            45.7901022
          ]
        ]
      }
    },
    {
      "type": "Feature",
      "properties": {
        "consensus:index": 1,
        "consensus:segment-id": "osm-42468959-1",
        "consensus:role": "corridor-centerline"
      },
      "geometry": {
        "type": "LineString",
        "coordinates": [
          [
            15.9174821,
            45.7895219
          ],
          [
            15.917575,
            45.7896211
          ],
          [
            15.9178827,
            45.7899624
          ],
          [
            15.9179321,
            45.7900242
          ],
          [
            15.9179786,
            45.7900964
          ],
          [
            15.9180746,
            45.7902345
          ],
          [
            15.918260232,
            45.790466274
          ]
        ]
      }
    },
    {
      "type": "Feature",
      "properties": {
        "consensus:index": 2,
        "consensus:segment-id": "osm-42468961-1",
        "consensus:role": "corridor-centerline"
      },
      "geometry": {
        "type": "LineString",
        "coordinates": [
          [
            15.9171822,
            45.7891597
          ],
          [
            15.9167607,
            45.7886979
          ],
          [
            15.9166838,
            45.7886136
          ],
          [
            15.9162972,
            45.7881902
          ],
          [
            15.916234,
            45.788121
          ],
          [
            15.915745034,
            45.787562111
          ]
        ]
      }
    },
    {
      "type": "Feature",
      "properties": {
        "consensus:index": 3,
        "consensus:segment-id": "osm-43407075-1",
        "consensus:role": "corridor-centerline"
      },
      "geometry": {
        "type": "LineString",
        "coordinates": [
          [
            15.911165,
            45.7908401
          ],
          [
            15.9110795,
            45.7909059
          ],
          [
            15.91106,
            45.7909204
          ],
          [
            15.9110335,
            45.7909399
          ],
          [
            15.9108995,
            45.7910514
          ],
          [
            15.91054,
            45.7912952
          ],
          [
            15.9104446,
            45.7913585
          ],
          [
            15.910407246,
            45.791384454
          ]
        ]
      }
    },
    {
      "type": "Feature",
      "properties": {
        "consensus:index": 4,
        "consensus:segment-id": "osm-131702618-1",
        "consensus:role": "corridor-centerline"
      },
      "geometry": {
        "type": "LineString",
        "coordinates": [
          [
            15.9104446,
            45.7913585
          ],
          [
            15.9109884,
            45.7917301
          ]
        ]
      }
    },
    {
      "type": "Feature",
      "properties": {
        "consensus:index": 5,
        "consensus:segment-id": "osm-131702619-1",
        "consensus:role": "corridor-centerline"
      },
      "geometry": {
        "type": "LineString",
        "coordinates": [
          [
            15.9109884,
            45.7917301
          ],
          [
            15.91111609,
            45.791814064
          ]
        ]
      }
    },
    {
      "type": "Feature",
      "properties": {
        "consensus:index": 6,
        "consensus:segment-id": "osm-131702620-1",
        "consensus:role": "corridor-centerline"
      },
      "geometry": {
        "type": "LineString",
        "coordinates": [
          [
            15.911009182,
            45.791800081
          ],
          [
            15.9110112,
            45.7917959
          ],
          [
            15.9110077,
            45.7917571
          ],
          [
            15.9109884,
            45.7917301
          ]
        ]
      }
    },
    {
      "type": "Feature",
      "properties": {
        "consensus:index": 7,
        "consensus:segment-id": "osm-131702766-1",
        "consensus:role": "corridor-centerline"
      },
      "geometry": {
        "type": "LineString",
        "coordinates": [
          [
            15.913365438,
            45.791599036
          ],
          [
            15.913378,
            45.7915812
          ],
          [
            15.9134054,
            45.7915169
          ],
          [
            15.9134293,
            45.7914574
          ]
        ]
      }
    },
    {
      "type": "Feature",
      "properties": {
        "consensus:index": 8,
        "consensus:segment-id": "osm-141058653-1",
        "consensus:role": "corridor-centerline"
      },
      "geometry": {
        "type": "LineString",
        "coordinates": [
          [
            15.910592379,
            45.788785131
          ],
          [
            15.9106934,
            45.7891646
          ],
          [
            15.910733,
            45.7893135
          ],
          [
            15.910756,
            45.7893877
          ],
          [
            15.9107731,
            45.7894571
          ],
          [
            15.9108993,
            45.7899289
          ],
          [
            15.9109332,
            45.7900558
          ],
          [
            15.9110348,
            45.7904389
          ],
          [
            15.9110755,
            45.7905926
          ],
          [
            15.9111062,
            45.7907082
          ],
          [
            15.9111178,
            45.7907384
          ],
          [
            15.911165,
            45.7908401
          ]
        ]
      }
    },
    {
      "type": "Feature",
      "properties": {
        "consensus:index": 9,
        "consensus:segment-id": "osm-141149529-1",
        "consensus:role": "corridor-centerline"
      },
      "geometry": {
        "type": "LineString",
        "coordinates": [
          [
            15.9174821,
            45.7895219
          ],
          [
            15.9174093,
            45.7895721
          ],
          [
            15.9171544,
            45.7897479
          ],
          [
            15.9168902,
            45.7899376
          ],
          [
            15.9167273,
            45.7900512
          ],
          [
            15.9164334,
            45.7902742
          ],
          [
            15.9160674,
            45.790544
          ],
          [
            15.915999,
            45.7905942
          ],
          [
            15.9157859,
            45.7907434
          ],
          [
            15.9157173,
            45.790791
          ],
          [
            15.9149818,
            45.7913221
          ],
          [
            15.9149501,
            45.7913338
          ],
          [
            15.9148684,
            45.7913342
          ],
          [
            15.9148498,
            45.7913243
          ],
          [
            15.914779,
            45.7912867
          ],
          [
            15.9139453,
            45.7907004
          ],
          [
            15.9135441,
            45.7904593
          ],
          [
            15.9134243,
            45.7903839
          ],
          [
            15.913325,
            45.7903144
          ],
          [
            15.9132484,
            45.7902501
          ],
          [
            15.9132019,
            45.7902018
          ],
          [
            15.9131606,
            45.790146
          ],
          [
            15.9131244,
            45.7900863
          ],
          [
            15.9130793,
            45.7900127
          ],
          [
            15.9130367,
            45.7898475
          ]
        ]
      }
    },
    {
      "type": "Feature",
      "properties": {
        "consensus:index": 10,
        "consensus:segment-id": "osm-141149530-1",
        "consensus:role": "corridor-centerline"
      },
      "geometry": {
        "type": "LineString",
        "coordinates": [
          [
            15.915999,
            45.7905942
          ],
          [
            15.9160448,
            45.7906237
          ],
          [
            15.9166197,
            45.7910169
          ]
        ]
      }
    },
    {
      "type": "Feature",
      "properties": {
        "consensus:index": 11,
        "consensus:segment-id": "osm-141149531-1",
        "consensus:role": "corridor-centerline"
      },
      "geometry": {
        "type": "LineString",
        "coordinates": [
          [
            15.9166197,
            45.7910169
          ],
          [
            15.916712316,
            45.791054947
          ]
        ]
      }
    },
    {
      "type": "Feature",
      "properties": {
        "consensus:index": 12,
        "consensus:segment-id": "osm-141149532-1",
        "consensus:role": "corridor-centerline"
      },
      "geometry": {
        "type": "LineString",
        "coordinates": [
          [
            15.916632817,
            45.791078714
          ],
          [
            15.9166197,
            45.7910169
          ]
        ]
      }
    },
    {
      "type": "Feature",
      "properties": {
        "consensus:index": 13,
        "consensus:segment-id": "osm-141149533-1",
        "consensus:role": "corridor-centerline"
      },
      "geometry": {
        "type": "LineString",
        "coordinates": [
          [
            15.9164334,
            45.7902742
          ],
          [
            15.9163558,
            45.7902224
          ],
          [
            15.916336475,
            45.790209506
          ]
        ]
      }
    },
    {
      "type": "Feature",
      "properties": {
        "consensus:index": 14,
        "consensus:segment-id": "osm-141149534-1",
        "consensus:role": "corridor-centerline"
      },
      "geometry": {
        "type": "LineString",
        "coordinates": [
          [
            15.9167273,
            45.7900512
          ],
          [
            15.9166555,
            45.7900002
          ],
          [
            15.916638911,
            45.789988437
          ]
        ]
      }
    },
    {
      "type": "Feature",
      "properties": {
        "consensus:index": 15,
        "consensus:segment-id": "osm-141149535-1",
        "consensus:role": "corridor-centerline"
      },
      "geometry": {
        "type": "LineString",
        "coordinates": [
          [
            15.9171544,
            45.7897479
          ],
          [
            15.9170785,
            45.7896959
          ],
          [
            15.917058637,
            45.789682299
          ]
        ]
      }
    },
    {
      "type": "Feature",
      "properties": {
        "consensus:index": 16,
        "consensus:segment-id": "osm-141151105-1",
        "consensus:role": "corridor-centerline"
      },
      "geometry": {
        "type": "LineString",
        "coordinates": [
          [
            15.911165,
            45.7908401
          ],
          [
            15.9112127,
            45.7909077
          ],
          [
            15.9112272,
            45.7909231
          ],
          [
            15.9112446,
            45.7909378
          ],
          [
            15.9117463,
            45.7912697
          ],
          [
            15.9117809,
            45.7912926
          ],
          [
            15.9118886,
            45.7913639
          ],
          [
            15.9123064,
            45.7916403
          ]
        ]
      }
    },
    {
      "type": "Feature",
      "properties": {
        "consensus:index": 17,
        "consensus:segment-id": "osm-141151107-1",
        "consensus:role": "corridor-centerline"
      },
      "geometry": {
        "type": "LineString",
        "coordinates": [
          [
            15.911165,
            45.7908401
          ],
          [
            15.9112165,
            45.7908002
          ],
          [
            15.9112592,
            45.7907719
          ],
          [
            15.9112943,
            45.790754
          ],
          [
            15.9113808,
            45.7907265
          ],
          [
            15.9115079,
            45.7906937
          ],
          [
            15.9116455,
            45.790672
          ],
          [
            15.9116771,
            45.7906677
          ],
          [
            15.9118143,
            45.7906495
          ],
          [
            15.9121251,
            45.7906076
          ],
          [
            15.9122672,
            45.7905885
          ]
        ]
      }
    },
    {
      "type": "Feature",
      "properties": {
        "consensus:index": 18,
        "consensus:segment-id": "osm-141151113-1",
        "consensus:role": "corridor-centerline"
      },
      "geometry": {
        "type": "LineString",
        "coordinates": [
          [
            15.916234,
            45.788121
          ],
          [
            15.9161182,
            45.7881592
          ],
          [
            15.9158952,
            45.7882326
          ],
          [
            15.9150811,
            45.7885008
          ],
          [
            15.914989,
            45.788531
          ],
          [
            15.9148566,
            45.7885732
          ],
          [
            15.9140418,
            45.7888331
          ],
          [
            15.9138316,
            45.7888945
          ],
          [
            15.9134939,
            45.7889638
          ],
          [
            15.9131934,
            45.7890226
          ],
          [
            15.9128801,
            45.7890679
          ],
          [
            15.9127747,
            45.789084
          ],
          [
            15.9126883,
            45.7890989
          ],
          [
            15.9118877,
            45.7892372
          ],
          [
            15.9117811,
            45.7892545
          ],
          [
            15.9116712,
            45.7892685
          ],
          [
            15.9108806,
            45.789369
          ],
          [
            15.910756,
            45.7893877
          ]
        ]
      }
    },
    {
      "type": "Feature",
      "properties": {
        "consensus:index": 19,
        "consensus:segment-id": "osm-141151116-1",
        "consensus:role": "corridor-centerline"
      },
      "geometry": {
        "type": "LineString",
        "coordinates": [
          [
            15.9122672,
            45.7905885
          ],
          [
            15.9122067,
            45.790543
          ],
          [
            15.912179,
            45.7905177
          ],
          [
            15.9121476,
            45.790489
          ],
          [
            15.9121035,
            45.7904163
          ],
          [
            15.9120648,
            45.7902971
          ],
          [
            15.9119608,
            45.7899201
          ],
          [
            15.9119408,
            45.7898461
          ],
          [
            15.9118002,
            45.7893252
          ],
          [
            15.9117811,
            45.7892545
          ],
          [
            15.9117613,
            45.7891761
          ],
          [
            15.9116391,
            45.7886936
          ]
        ]
      }
    },
    {
      "type": "Feature",
      "properties": {
        "consensus:index": 20,
        "consensus:segment-id": "osm-234587466-1",
        "consensus:role": "corridor-centerline"
      },
      "geometry": {
        "type": "LineString",
        "coordinates": [
          [
            15.9139453,
            45.7907004
          ],
          [
            15.9140354,
            45.7906784
          ],
          [
            15.914075833,
            45.790669731
          ]
        ]
      }
    },
    {
      "type": "Feature",
      "properties": {
        "consensus:index": 21,
        "consensus:segment-id": "osm-234587667-1",
        "consensus:role": "corridor-centerline"
      },
      "geometry": {
        "type": "LineString",
        "coordinates": [
          [
            15.9154126,
            45.7905912
          ],
          [
            15.915336347,
            45.790646805
          ]
        ]
      }
    },
    {
      "type": "Feature",
      "properties": {
        "consensus:index": 22,
        "consensus:segment-id": "osm-246661519-1",
        "consensus:role": "corridor-centerline"
      },
      "geometry": {
        "type": "LineString",
        "coordinates": [
          [
            15.9147816,
            45.7901022
          ],
          [
            15.9147451,
            45.7900229
          ],
          [
            15.9145471,
            45.7896075
          ]
        ]
      }
    },
    {
      "type": "Feature",
      "properties": {
        "consensus:index": 23,
        "consensus:segment-id": "osm-310505225-1",
        "consensus:role": "corridor-centerline"
      },
      "geometry": {
        "type": "LineString",
        "coordinates": [
          [
            15.9122672,
            45.7905885
          ],
          [
            15.912364,
            45.790657
          ],
          [
            15.912473,
            45.790736
          ],
          [
            15.9126672,
            45.7908684
          ],
          [
            15.9127613,
            45.7909293
          ],
          [
            15.912828,
            45.7909717
          ],
          [
            15.9129744,
            45.7910678
          ],
          [
            15.9131285,
            45.7911769
          ],
          [
            15.9132589,
            45.7913019
          ],
          [
            15.9133484,
            45.7913795
          ],
          [
            15.9134293,
            45.7914574
          ]
        ]
      }
    },
    {
      "type": "Feature",
      "properties": {
        "consensus:index": 24,
        "consensus:segment-id": "osm-310505233-1",
        "consensus:role": "corridor-centerline"
      },
      "geometry": {
        "type": "LineString",
        "coordinates": [
          [
            15.9127613,
            45.7909293
          ],
          [
            15.9128571,
            45.7908696
          ],
          [
            15.912866105,
            45.790863985
          ]
        ]
      }
    },
    {
      "type": "Feature",
      "properties": {
        "consensus:index": 25,
        "consensus:segment-id": "osm-434444686-1",
        "consensus:role": "corridor-centerline"
      },
      "geometry": {
        "type": "LineString",
        "coordinates": [
          [
            15.9127747,
            45.789084
          ],
          [
            15.9127549,
            45.7890153
          ],
          [
            15.912607796,
            45.788505581
          ]
        ]
      }
    },
    {
      "type": "Feature",
      "properties": {
        "consensus:index": 26,
        "consensus:segment-id": "osm-434449564-1",
        "consensus:role": "corridor-centerline"
      },
      "geometry": {
        "type": "LineString",
        "coordinates": [
          [
            15.910756,
            45.7893877
          ],
          [
            15.9106431,
            45.7894012
          ],
          [
            15.910624941,
            45.789403772
          ]
        ]
      }
    },
    {
      "type": "Feature",
      "properties": {
        "consensus:index": 27,
        "consensus:segment-id": "osm-434557744-1",
        "consensus:role": "corridor-centerline"
      },
      "geometry": {
        "type": "LineString",
        "coordinates": [
          [
            15.9140418,
            45.7888331
          ],
          [
            15.9139944,
            45.7887577
          ],
          [
            15.913680566,
            45.788258827
          ]
        ]
      }
    },
    {
      "type": "Feature",
      "properties": {
        "consensus:index": 28,
        "consensus:segment-id": "osm-434566929-1",
        "consensus:role": "corridor-centerline"
      },
      "geometry": {
        "type": "LineString",
        "coordinates": [
          [
            15.914989,
            45.788531
          ],
          [
            15.9149478,
            45.7884679
          ],
          [
            15.914661,
            45.7880275
          ]
        ]
      }
    },
    {
      "type": "Feature",
      "properties": {
        "consensus:index": 29,
        "consensus:segment-id": "osm-434568191-1",
        "consensus:role": "corridor-centerline"
      },
      "geometry": {
        "type": "LineString",
        "coordinates": [
          [
            15.9122672,
            45.7905885
          ],
          [
            15.912459,
            45.7905592
          ],
          [
            15.9127035,
            45.790525
          ],
          [
            15.9129426,
            45.7904837
          ],
          [
            15.9132018,
            45.790432
          ],
          [
            15.9133008,
            45.7904106
          ],
          [
            15.9134243,
            45.7903839
          ],
          [
            15.9135468,
            45.7903589
          ],
          [
            15.9146572,
            45.790128
          ],
          [
            15.9147816,
            45.7901022
          ],
          [
            15.9152882,
            45.7899652
          ],
          [
            15.9157277,
            45.7898162
          ],
          [
            15.9161971,
            45.7896283
          ],
          [
            15.9166825,
            45.7894049
          ],
          [
            15.9170807,
            45.7892199
          ],
          [
            15.9171822,
            45.7891597
          ]
        ]
      }
    },
    {
      "type": "Feature",
      "properties": {
        "consensus:index": 30,
        "consensus:segment-id": "osm-489582917-1",
        "consensus:role": "corridor-centerline"
      },
      "geometry": {
        "type": "LineString",
        "coordinates": [
          [
            15.9168902,
            45.7899376
          ],
          [
            15.916999864,
            45.790009523
          ]
        ]
      }
    },
    {
      "type": "Feature",
      "properties": {
        "consensus:index": 31,
        "consensus:segment-id": "osm-822646476-1",
        "consensus:role": "corridor-centerline"
      },
      "geometry": {
        "type": "LineString",
        "coordinates": [
          [
            15.9134293,
            45.7914574
          ],
          [
            15.9135866,
            45.7915752
          ]
        ]
      }
    },
    {
      "type": "Feature",
      "properties": {
        "consensus:index": 32,
        "consensus:segment-id": "osm-913303679-1",
        "consensus:role": "corridor-centerline"
      },
      "geometry": {
        "type": "LineString",
        "coordinates": [
          [
            15.915811082,
            45.790851631
          ],
          [
            15.9157614,
            45.7908195
          ],
          [
            15.9157173,
            45.790791
          ]
        ]
      }
    },
    {
      "type": "Feature",
      "properties": {
        "consensus:index": 33,
        "consensus:segment-id": "osm-913303701-1",
        "consensus:role": "corridor-centerline"
      },
      "geometry": {
        "type": "LineString",
        "coordinates": [
          [
            15.9108993,
            45.7899289
          ],
          [
            15.9110171,
            45.7899163
          ],
          [
            15.911022482,
            45.789915978
          ]
        ]
      }
    },
    {
      "type": "Feature",
      "properties": {
        "consensus:index": 34,
        "consensus:segment-id": "osm-913303705-1",
        "consensus:role": "corridor-centerline"
      },
      "geometry": {
        "type": "LineString",
        "coordinates": [
          [
            15.910818566,
            45.789147243
          ],
          [
            15.910784,
            45.7891534
          ],
          [
            15.9106934,
            45.7891646
          ]
        ]
      }
    },
    {
      "type": "Feature",
      "properties": {
        "consensus:index": 35,
        "consensus:segment-id": "osm-913303710-1",
        "consensus:role": "corridor-centerline"
      },
      "geometry": {
        "type": "LineString",
        "coordinates": [
          [
            15.9113625,
            45.7915783
          ],
          [
            15.9117065,
            45.79135
          ],
          [
            15.9117502,
            45.7913163
          ],
          [
            15.9117809,
            45.7912926
          ]
        ]
      }
    },
    {
      "type": "Feature",
      "properties": {
        "consensus:index": 36,
        "consensus:segment-id": "osm-913303714-1",
        "consensus:role": "corridor-centerline"
      },
      "geometry": {
        "type": "LineString",
        "coordinates": [
          [
            15.9110348,
            45.7904389
          ],
          [
            15.911118,
            45.7904248
          ],
          [
            15.911156034,
            45.790419607
          ]
        ]
      }
    },
    {
      "type": "Feature",
      "properties": {
        "consensus:index": 37,
        "consensus:segment-id": "osm-1022399392-1",
        "consensus:role": "corridor-centerline"
      },
      "geometry": {
        "type": "LineString",
        "coordinates": [
          [
            15.9166838,
            45.7886136
          ],
          [
            15.9168006,
            45.7885498
          ],
          [
            15.9168225,
            45.7885371
          ],
          [
            15.916824281,
            45.7885362
          ]
        ]
      }
    },
    {
      "type": "Feature",
      "properties": {
        "consensus:index": 38,
        "consensus:segment-id": "osm-1022399393-1",
        "consensus:role": "corridor-centerline"
      },
      "geometry": {
        "type": "LineString",
        "coordinates": [
          [
            15.916234,
            45.788121
          ],
          [
            15.9163612,
            45.788072
          ],
          [
            15.916394333,
            45.788059365
          ]
        ]
      }
    },
    {
      "type": "Feature",
      "properties": {
        "consensus:index": 39,
        "consensus:segment-id": "osm-1210006847-1",
        "consensus:role": "corridor-centerline"
      },
      "geometry": {
        "type": "LineString",
        "coordinates": [
          [
            15.911799485,
            45.791429035
          ],
          [
            15.9118155,
            45.7914178
          ],
          [
            15.9118886,
            45.7913639
          ]
        ]
      }
    },
    {
      "type": "Feature",
      "properties": {
        "consensus:index": 40,
        "consensus:segment-id": "osm-1362390410-1",
        "consensus:role": "corridor-centerline"
      },
      "geometry": {
        "type": "LineString",
        "coordinates": [
          [
            15.9171822,
            45.7891597
          ],
          [
            15.9172498,
            45.7892413
          ],
          [
            15.9174821,
            45.7895219
          ]
        ]
      }
    },
    {
      "type": "Feature",
      "properties": {
        "consensus:role": "corridor-footprint"
      },
      "geometry": {
        "type": "Polygon",
        "coordinates": [
          [
            [
              15.911122288,
              45.791813811
            ],
            [
              15.91172502,
              45.791379322
            ],
            [
              15.912225955,
              45.791713747
            ],
            [
              15.912543614,
              45.791682443
            ],
            [
              15.912395049,
              45.791578656
            ],
            [
              15.911902934,
              45.791252667
            ],
            [
              15.912068159,
              45.791132551
            ],
            [
              15.912370268,
              45.791335166
            ],
            [
              15.912769791,
              45.791043144
            ],
            [
              15.912871281,
              45.791114639
            ],
            [
              15.913170296,
              45.79134634
            ],
            [
              15.913242645,
              45.791404602
            ],
            [
              15.913284069,
              45.791438803
            ],
            [
              15.913292178,
              45.79144611
            ],
            [
              15.913299363,
              45.791453876
            ],
            [
              15.91330557,
              45.791462044
            ],
            [
              15.913310755,
              45.791470553
            ],
            [
              15.913314881,
              45.791479342
            ],
            [
              15.913317915,
              45.791488345
            ],
            [
              15.913319838,
              45.791497497
            ],
            [
              15.913320633,
              45.791506731
            ],
            [
              15.913320296,
              45.791515978
            ],
            [
              15.913318828,
              45.791525171
            ],
            [
              15.913316242,
              45.791534242
            ],
            [
              15.913312553,
              45.791543126
            ],
            [
              15.913307792,
              45.791551756
            ],
            [
              15.913301993,
              45.791560069
            ],
            [
              15.913295197,
              45.791568004
            ],
            [
              15.913287456,
              45.791575503
            ],
            [
              15.913278825,
              45.791582511
            ],
            [
              15.913269369,
              45.791588977
            ],
            [
              15.913259156,
              45.791594853
            ],
            [
              15.913248262,
              45.791600096
            ],
            [
              15.913236766,
              45.791604667
            ],
            [
              15.913224752,
              45.791608533
            ],
            [
              15.913212311,
              45.791611665
            ],
            [
              15.913199532,
              45.791614041
            ],
            [
              15.913186508,
              45.791615643
            ],
            [
              15.913203646,
              45.791614052
            ],
            [
              15.913852762,
              45.791553806
            ],
            [
              15.913967422,
              45.791543164
            ],
            [
              15.914682927,
              45.791466921
            ],
            [
              15.914832029,
              45.791451032
            ],
            [
              15.914857315,
              45.791447619
            ],
            [
              15.914927075,
              45.791438204
            ],
            [
              15.915030698,
              45.791424218
            ],
            [
              15.915034734,
              45.791421256
            ],
            [
              15.915793811,
              45.790864303
            ],
            [
              15.915875913,
              45.790804062
            ],
            [
              15.915898804,
              45.790734707
            ],
            [
              15.915965129,
              45.790686518
            ],
            [
              15.915968379,
              45.790684355
            ],
            [
              15.915971886,
              45.790682397
            ],
            [
              15.915975625,
              45.79068066
            ],
            [
              15.915979565,
              45.790679158
            ],
            [
              15.915983677,
              45.790677901
            ],
            [
              15.91598793,
              45.790676901
            ],
            [
              15.915992291,
              45.790676163
            ],
            [
              15.915996729,
              45.790675694
            ],
            [
              15.916001208,
              45.790675498
            ],
            [
              15.916005694,
              45.790675574
            ],
            [
              15.916010153,
              45.790675925
            ],
            [
              15.916014552,
              45.790676546
            ],
            [
              15.916018855,
              45.790677432
            ],
            [
              15.916023034,
              45.790678578
            ],
            [
              15.916027053,
              45.790679974
            ],
            [
              15.916030883,
              45.790681609
            ],
            [
              15.916034495,
              45.790683473
            ],
            [
              15.916037861,
              45.790685548
            ],
            [
              15.916064131,
              45.790703233
            ],
            [
              15.91658291,
              45.791052845
            ],
            [
              15.91658519,
              45.791054519
            ],
            [
              15.916587257,
              45.791056324
            ],
            [
              15.916589096,
              45.791058246
            ],
            [
              15.916590693,
              45.79106027
            ],
            [
              15.916592036,
              45.791062384
            ],
            [
              15.916593115,
              45.791064568
            ],
            [
              15.916593924,
              45.791066811
            ],
            [
              15.916594454,
              45.791069093
            ],
            [
              15.916594704,
              45.791071399
            ],
            [
              15.916594671,
              45.791073711
            ],
            [
              15.916594355,
              45.791076013
            ],
            [
              15.916593759,
              45.791078287
            ],
            [
              15.916592887,
              45.791080518
            ],
            [
              15.916592396,
              45.791081449
            ],
            [
              15.916591744,
              45.791082688
            ],
            [
              15.916590341,
              45.791084782
            ],
            [
              15.916588686,
              45.791086783
            ],
            [
              15.916586792,
              45.791088679
            ],
            [
              15.916584675,
              45.791090455
            ],
            [
              15.916582346,
              45.791092096
            ],
            [
              15.916579826,
              45.791093593
            ],
            [
              15.916577133,
              45.791094932
            ],
            [
              15.916574285,
              45.791096106
            ],
            [
              15.916571303,
              45.791097105
            ],
            [
              15.916783368,
              45.791033704
            ],
            [
              15.916819523,
              45.791022817
            ],
            [
              15.916816255,
              45.791023648
            ],
            [
              15.916812893,
              45.79102427
            ],
            [
              15.916809465,
              45.791024678
            ],
            [
              15.916805999,
              45.791024868
            ],
            [
              15.916802522,
              45.79102484
            ],
            [
              15.916799062,
              45.791024592
            ],
            [
              15.916795649,
              45.791024127
            ],
            [
              15.916792309,
              45.79102345
            ],
            [
              15.916789069,
              45.791022565
            ],
            [
              15.916788145,
              45.791022242
            ],
            [
              15.916785958,
              45.791021479
            ],
            [
              15.916782999,
              45.791020201
            ],
            [
              15.916780215,
              45.791018743
            ],
            [
              15.916777631,
              45.791017116
            ],
            [
              15.916184309,
              45.790608013
            ],
            [
              15.916311815,
              45.790514456
            ],
            [
              15.916923783,
              45.790915832
            ],
            [
              15.916986117,
              45.790956836
            ],
            [
              15.916999701,
              45.790965771
            ],
            [
              15.917033316,
              45.790954419
            ],
            [
              15.917020041,
              45.790945628
            ],
            [
              15.916338783,
              45.790494525
            ],
            [
              15.917129745,
              45.789914234
            ],
            [
              15.918068786,
              45.790541361
            ],
            [
              15.91808032,
              45.790549063
            ],
            [
              15.918161034,
              45.790512821
            ],
            [
              15.918148414,
              45.790504465
            ],
            [
              15.917190138,
              45.789869979
            ],
            [
              15.917442188,
              45.789685029
            ],
            [
              15.917443791,
              45.789683949
            ],
            [
              15.917445523,
              45.789682971
            ],
            [
              15.917447368,
              45.789682101
            ],
            [
              15.917449315,
              45.789681346
            ],
            [
              15.917451347,
              45.789680712
            ],
            [
              15.917453449,
              45.789680202
            ],
            [
              15.917455607,
              45.789679822
            ],
            [
              15.917457804,
              45.789679574
            ],
            [
              15.917460022,
              45.789679459
            ],
            [
              15.917462247,
              45.78967948
            ],
            [
              15.917464462,
              45.789679634
            ],
            [
              15.917466649,
              45.789679921
            ],
            [
              15.917468793,
              45.78968034
            ],
            [
              15.917470876,
              45.789680888
            ],
            [
              15.917472883,
              45.789681558
            ],
            [
              15.917474802,
              45.789682348
            ],
            [
              15.917476615,
              45.789683251
            ],
            [
              15.917478309,
              45.789684259
            ],
            [
              15.917479873,
              45.789685367
            ],
            [
              15.917481293,
              45.789686565
            ],
            [
              15.917482561,
              45.789687845
            ],
            [
              15.918180325,
              45.790461649
            ],
            [
              15.91818258,
              45.790464432
            ],
            [
              15.918184474,
              45.790467343
            ],
            [
              15.918185991,
              45.790470362
            ],
            [
              15.91818712,
              45.790473462
            ],
            [
              15.918187853,
              45.79047662
            ],
            [
              15.918188182,
              45.790479811
            ],
            [
              15.918188105,
              45.79048301
            ],
            [
              15.918187667,
              45.790485902
            ],
            [
              15.918187623,
              45.790486191
            ],
            [
              15.91818674,
              45.790489331
            ],
            [
              15.918185463,
              45.790492403
            ],
            [
              15.918183803,
              45.790495384
            ],
            [
              15.918181769,
              45.790498249
            ],
            [
              15.918179382,
              45.790500978
            ],
            [
              15.918176658,
              45.790503548
            ],
            [
              15.918173619,
              45.790505939
            ],
            [
              15.918170288,
              45.790508132
            ],
            [
              15.918166695,
              45.79051011
            ],
            [
              15.91816443,
              45.790511228
            ],
            [
              15.918528855,
              45.790340225
            ],
            [
              15.918523977,
              45.790342281
            ],
            [
              15.918518857,
              45.790344028
            ],
            [
              15.918513538,
              45.790345452
            ],
            [
              15.918508059,
              45.79034654
            ],
            [
              15.918502464,
              45.790347285
            ],
            [
              15.918496797,
              45.790347681
            ],
            [
              15.918491101,
              45.790347724
            ],
            [
              15.918485423,
              45.790347414
            ],
            [
              15.918481471,
              45.790346951
            ],
            [
              15.918479805,
              45.790346755
            ],
            [
              15.918474294,
              45.79034575
            ],
            [
              15.918468931,
              45.790344408
            ],
            [
              15.918463759,
              45.790342739
            ],
            [
              15.918458819,
              45.790340757
            ],
            [
              15.918454148,
              45.790338477
            ],
            [
              15.918449784,
              45.790335916
            ],
            [
              15.918445761,
              45.790333095
            ],
            [
              15.91844211,
              45.790330036
            ],
            [
              15.918438862,
              45.790326764
            ],
            [
              15.918329106,
              45.790205051
            ],
            [
              15.918328469,
              45.790204345
            ],
            [
              15.917694144,
              45.789500893
            ],
            [
              15.917372481,
              45.789144168
            ],
            [
              15.916977707,
              45.788706355
            ],
            [
              15.916838805,
              45.788552307
            ],
            [
              15.915913212,
              45.787525767
            ],
            [
              15.915911534,
              45.787523709
            ],
            [
              15.915910118,
              45.787521557
            ],
            [
              15.915908979,
              45.787519327
            ],
            [
              15.915908123,
              45.787517034
            ],
            [
              15.915907558,
              45.787514698
            ],
            [
              15.915907288,
              45.787512337
            ],
            [
              15.915907314,
              45.787509968
            ],
            [
              15.915907637,
              45.78750761
            ],
            [
              15.915908256,
              45.787505281
            ],
            [
              15.915909163,
              45.787502998
            ],
            [
              15.915910353,
              45.787500781
            ],
            [
              15.915911816,
              45.787498644
            ],
            [
              15.915913541,
              45.787496606
            ],
            [
              15.915915516,
              45.787494681
            ],
            [
              15.915917724,
              45.787492885
            ],
            [
              15.915920148,
              45.787491231
            ],
            [
              15.915922771,
              45.787489733
            ],
            [
              15.91592557,
              45.7874884
            ],
            [
              15.915679967,
              45.787588677
            ],
            [
              15.915429604,
              45.787690897
            ],
            [
              15.915433582,
              45.787689558
            ],
            [
              15.915437709,
              45.787688463
            ],
            [
              15.915441955,
              45.787687619
            ],
            [
              15.915446289,
              45.787687033
            ],
            [
              15.915450679,
              45.787686709
            ],
            [
              15.915455092,
              45.78768665
            ],
            [
              15.915459497,
              45.787686856
            ],
            [
              15.91546386,
              45.787687325
            ],
            [
              15.915468149,
              45.787688054
            ],
            [
              15.915472334,
              45.787689037
            ],
            [
              15.915476382,
              45.787690268
            ],
            [
              15.915480265,
              45.787691737
            ],
            [
              15.915483954,
              45.787693434
            ],
            [
              15.91548742,
              45.787695345
            ],
            [
              15.915490641,
              45.787697458
            ],
            [
              15.915493589,
              45.787699755
            ],
            [
              15.915496246,
              45.787702222
            ],
            [
              15.91549859,
              45.787704838
            ],
            [
              15.915500607,
              45.787707585
            ],
            [
              15.915793358,
              45.788152676
            ],
            [
              15.915794208,
              45.78815413
            ],
            [
              15.915794871,
              45.78815563
            ],
            [
              15.915795346,
              45.788157164
            ],
            [
              15.915795627,
              45.788158721
            ],
            [
              15.915795714,
              45.78816029
            ],
            [
              15.915795605,
              45.788161859
            ],
            [
              15.9157953,
              45.788163414
            ],
            [
              15.915794803,
              45.788164945
            ],
            [
              15.915794118,
              45.788166439
            ],
            [
              15.915793248,
              45.788167887
            ],
            [
              15.915792202,
              45.788169275
            ],
            [
              15.915790987,
              45.788170596
            ],
            [
              15.915789612,
              45.788171836
            ],
            [
              15.915788088,
              45.788172988
            ],
            [
              15.915786427,
              45.788174043
            ],
            [
              15.915784639,
              45.788174992
            ],
            [
              15.91578274,
              45.788175829
            ],
            [
              15.915780745,
              45.788176547
            ],
            [
              15.915061351,
              45.788408133
            ],
            [
              15.915059269,
              45.788408728
            ],
            [
              15.915057123,
              45.788409193
            ],
            [
              15.915054925,
              45.788409524
            ],
            [
              15.915052695,
              45.788409721
            ],
            [
              15.915050449,
              45.78840978
            ],
            [
              15.915048204,
              45.788409702
            ],
            [
              15.915045977,
              45.788409487
            ],
            [
              15.915043786,
              45.788409138
            ],
            [
              15.915041647,
              45.788408655
            ],
            [
              15.915039576,
              45.788408045
            ],
            [
              15.915037589,
              45.788407309
            ],
            [
              15.9150357,
              45.788406456
            ],
            [
              15.915033927,
              45.788405489
            ],
            [
              15.915032281,
              45.788404419
            ],
            [
              15.915030774,
              45.788403251
            ],
            [
              15.915029419,
              45.788401997
            ],
            [
              15.915028225,
              45.788400665
            ],
            [
              15.915027203,
              45.788399264
            ],
            [
              15.914740916,
              45.787960926
            ],
            [
              15.914740087,
              45.787959498
            ],
            [
              15.914739436,
              45.787958026
            ],
            [
              15.914738967,
              45.78795652
            ],
            [
              15.914738685,
              45.787954992
            ],
            [
              15.91473859,
              45.787953453
            ],
            [
              15.914738683,
              45.787951913
            ],
            [
              15.914738964,
              45.787950385
            ],
            [
              15.914739433,
              45.787948879
            ],
            [
              15.914740082,
              45.787947407
            ],
            [
              15.91474091,
              45.787945978
            ],
            [
              15.91474191,
              45.787944605
            ],
            [
              15.914742946,
              45.78794344
            ],
            [
              15.914743073,
              45.787943296
            ],
            [
              15.914744393,
              45.787942062
            ],
            [
              15.914745858,
              45.787940912
            ],
            [
              15.914747459,
              45.787939853
            ],
            [
              15.914749182,
              45.787938894
            ],
            [
              15.914751017,
              45.787938042
            ],
            [
              15.914752951,
              45.787937303
            ],
            [
              15.9145328,
              45.788009905
            ],
            [
              15.914534878,
              45.788009324
            ],
            [
              15.914537019,
              45.788008872
            ],
            [
              15.914539209,
              45.788008551
            ],
            [
              15.914541431,
              45.788008365
            ],
            [
              15.914543667,
              45.788008315
            ],
            [
              15.914545901,
              45.788008401
            ],
            [
              15.914548116,
              45.788008622
            ],
            [
              15.914550295,
              45.788008977
            ],
            [
              15.914552276,
              45.788009429
            ],
            [
              15.914552421,
              45.788009463
            ],
            [
              15.914554479,
              45.788010076
            ],
            [
              15.914556453,
              45.788010813
            ],
            [
              15.914558328,
              45.788011667
            ],
            [
              15.914560091,
              45.78801263
            ],
            [
              15.914561727,
              45.788013699
            ],
            [
              15.914563224,
              45.788014862
            ],
            [
              15.91456457,
              45.788016111
            ],
            [
              15.914565756,
              45.788017438
            ],
            [
              15.914566773,
              45.788018833
            ],
            [
              15.914852013,
              45.78845577
            ],
            [
              15.914852854,
              45.788457222
            ],
            [
              15.914853511,
              45.788458721
            ],
            [
              15.914853979,
              45.788460253
            ],
            [
              15.914854256,
              45.788461808
            ],
            [
              15.914854337,
              45.788463374
            ],
            [
              15.914854223,
              45.788464939
            ],
            [
              15.914853916,
              45.788466492
            ],
            [
              15.914853417,
              45.78846802
            ],
            [
              15.914852728,
              45.788469511
            ],
            [
              15.914851858,
              45.788470955
            ],
            [
              15.914850811,
              45.78847234
            ],
            [
              15.914849596,
              45.788473656
            ],
            [
              15.914848221,
              45.788474894
            ],
            [
              15.914846699,
              45.788476043
            ],
            [
              15.914845038,
              45.788477095
            ],
            [
              15.914843253,
              45.788478043
            ],
            [
              15.914841357,
              45.788478878
            ],
            [
              15.914839365,
              45.788479594
            ],
            [
              15.914126617,
              45.788708962
            ],
            [
              15.914124537,
              45.788709555
            ],
            [
              15.914122389,
              45.78871002
            ],
            [
              15.914120194,
              45.788710352
            ],
            [
              15.914117965,
              45.788710548
            ],
            [
              15.91411572,
              45.788710608
            ],
            [
              15.914113475,
              45.788710531
            ],
            [
              15.914111249,
              45.788710316
            ],
            [
              15.914109059,
              45.788709966
            ],
            [
              15.91410692,
              45.788709485
            ],
            [
              15.91410485,
              45.788708874
            ],
            [
              15.914102863,
              45.788708139
            ],
            [
              15.914100976,
              45.788707286
            ],
            [
              15.914099202,
              45.788706321
            ],
            [
              15.914097557,
              45.788705251
            ],
            [
              15.91409605,
              45.788704085
            ],
            [
              15.914094695,
              45.788702831
            ],
            [
              15.914093501,
              45.788701499
            ],
            [
              15.914092478,
              45.7887001
            ],
            [
              15.913797058,
              45.788248385
            ],
            [
              15.913796231,
              45.788246965
            ],
            [
              15.913795581,
              45.7882455
            ],
            [
              15.913795111,
              45.788244002
            ],
            [
              15.913794825,
              45.788242481
            ],
            [
              15.913794725,
              45.788240949
            ],
            [
              15.913794812,
              45.788239416
            ],
            [
              15.913795087,
              45.788237894
            ],
            [
              15.913795544,
              45.788236395
            ],
            [
              15.913796183,
              45.788234928
            ],
            [
              15.913796998,
              45.788233504
            ],
            [
              15.913797983,
              45.788232133
            ],
            [
              15.913799131,
              45.788230827
            ],
            [
              15.913800434,
              45.788229594
            ],
            [
              15.913801883,
              45.788228442
            ],
            [
              15.913803467,
              45.788227382
            ],
            [
              15.913805173,
              45.788226419
            ],
            [
              15.913806992,
              45.788225562
            ],
            [
              15.913808907,
              45.788224816
            ],
            [
              15.913810906,
              45.788224187
            ],
            [
              15.913583132,
              45.788284722
            ],
            [
              15.913585286,
              45.788284241
            ],
            [
              15.913587492,
              45.788283896
            ],
            [
              15.913589733,
              45.788283687
            ],
            [
              15.913591991,
              45.788283617
            ],
            [
              15.91359425,
              45.788283685
            ],
            [
              15.913596491,
              45.788283893
            ],
            [
              15.913598697,
              45.788284237
            ],
            [
              15.913600853,
              45.788284715
            ],
            [
              15.913602939,
              45.788285324
            ],
            [
              15.91360494,
              45.788286058
            ],
            [
              15.913606842,
              45.788286913
            ],
            [
              15.91360863,
              45.788287881
            ],
            [
              15.913610289,
              45.788288956
            ],
            [
              15.913611807,
              45.788290128
            ],
            [
              15.913613171,
              45.788291389
            ],
            [
              15.913614372,
              45.788292728
            ],
            [
              15.913615402,
              45.788294136
            ],
            [
              15.913904425,
              45.78873688
            ],
            [
              15.913905266,
              45.788738334
            ],
            [
              15.913905923,
              45.788739833
            ],
            [
              15.913906392,
              45.788741368
            ],
            [
              15.913906668,
              45.788742924
            ],
            [
              15.913906748,
              45.788744492
            ],
            [
              15.913906633,
              45.788746059
            ],
            [
              15.913906324,
              45.788747613
            ],
            [
              15.913905822,
              45.788749142
            ],
            [
              15.913905132,
              45.788750635
            ],
            [
              15.913904259,
              45.78875208
            ],
            [
              15.913903209,
              45.788753466
            ],
            [
              15.91390199,
              45.788754783
            ],
            [
              15.913900613,
              45.788756021
            ],
            [
              15.913899085,
              45.78875717
            ],
            [
              15.913897422,
              45.788758221
            ],
            [
              15.913895633,
              45.788759168
            ],
            [
              15.913893734,
              45.788760001
            ],
            [
              15.913891738,
              45.788760716
            ],
            [
              15.913790398,
              45.788793186
            ],
            [
              15.913664201,
              45.788831147
            ],
            [
              15.913520613,
              45.788865226
            ],
            [
              15.913242145,
              45.788368132
            ],
            [
              15.912976787,
              45.788429189
            ],
            [
              15.913380094,
              45.788896881
            ],
            [
              15.913206923,
              45.788935891
            ],
            [
              15.91310075,
              45.788956803
            ],
            [
              15.912894639,
              45.788984438
            ],
            [
              15.91289241,
              45.788984666
            ],
            [
              15.912890162,
              45.788984758
            ],
            [
              15.91288791,
              45.788984711
            ],
            [
              15.912885673,
              45.788984526
            ],
            [
              15.912883468,
              45.788984206
            ],
            [
              15.912881311,
              45.788983752
            ],
            [
              15.912879219,
              45.788983168
            ],
            [
              15.912877208,
              45.788982457
            ],
            [
              15.912875294,
              45.788981627
            ],
            [
              15.912873492,
              45.788980682
            ],
            [
              15.912871814,
              45.78897963
            ],
            [
              15.912870274,
              45.788978481
            ],
            [
              15.912868884,
              45.788977241
            ],
            [
              15.912867654,
              45.788975921
            ],
            [
              15.912866593,
              45.78897453
            ],
            [
              15.912865712,
              45.788973081
            ],
            [
              15.912865014,
              45.788971583
            ],
            [
              15.912864506,
              45.788970047
            ],
            [
              15.91273894,
              45.788496573
            ],
            [
              15.912738631,
              45.788495038
            ],
            [
              15.912738511,
              45.788493488
            ],
            [
              15.912738582,
              45.788491937
            ],
            [
              15.912738844,
              45.788490397
            ],
            [
              15.912739295,
              45.788488878
            ],
            [
              15.91273993,
              45.788487391
            ],
            [
              15.912740747,
              45.78848595
            ],
            [
              15.912741738,
              45.788484562
            ],
            [
              15.912742896,
              45.788483239
            ],
            [
              15.912744214,
              45.78848199
            ],
            [
              15.912745679,
              45.788480826
            ],
            [
              15.912747283,
              45.788479755
            ],
            [
              15.912749012,
              45.788478784
            ],
            [
              15.912750856,
              45.78847792
            ],
            [
              15.912752798,
              45.788477171
            ],
            [
              15.912754825,
              45.788476543
            ],
            [
              15.912756922,
              45.788476038
            ],
            [
              15.912521505,
              45.788522675
            ],
            [
              15.912523679,
              45.788522346
            ],
            [
              15.912525884,
              45.788522151
            ],
            [
              15.912528106,
              45.788522089
            ],
            [
              15.912530328,
              45.788522162
            ],
            [
              15.912532532,
              45.788522368
            ],
            [
              15.912534703,
              45.788522708
            ],
            [
              15.912536823,
              45.788523177
            ],
            [
              15.912538877,
              45.788523772
            ],
            [
              15.91254085,
              45.78852449
            ],
            [
              15.912542728,
              45.788525323
            ],
            [
              15.912544496,
              45.788526268
            ],
            [
              15.91254614,
              45.788527314
            ],
            [
              15.912547648,
              45.788528458
            ],
            [
              15.91254901,
              45.788529688
            ],
            [
              15.912550216,
              45.788530995
            ],
            [
              15.912551255,
              45.788532371
            ],
            [
              15.912552121,
              45.788533803
            ],
            [
              15.912552806,
              45.788535283
            ],
            [
              15.912553306,
              45.788536799
            ],
            [
              15.912678495,
              45.789008518
            ],
            [
              15.912678964,
              45.789010846
            ],
            [
              15.912679141,
              45.789013193
            ],
            [
              15.912679027,
              45.789015542
            ],
            [
              15.91267862,
              45.789017876
            ],
            [
              15.912677924,
              45.789020175
            ],
            [
              15.912676947,
              45.789022424
            ],
            [
              15.912675691,
              45.789024605
            ],
            [
              15.912674171,
              45.789026701
            ],
            [
              15.912672396,
              45.789028695
            ],
            [
              15.912670379,
              45.789030576
            ],
            [
              15.912668135,
              45.789032325
            ],
            [
              15.912665683,
              45.789033932
            ],
            [
              15.912663041,
              45.789035383
            ],
            [
              15.912660227,
              45.789036668
            ],
            [
              15.912657265,
              45.789037778
            ],
            [
              15.912654175,
              45.789038702
            ],
            [
              15.912650982,
              45.789039435
            ],
            [
              15.912647711,
              45.789039971
            ],
            [
              15.911889378,
              45.789140044
            ],
            [
              15.911887152,
              45.789140267
            ],
            [
              15.911884908,
              45.789140353
            ],
            [
              15.91188266,
              45.789140303
            ],
            [
              15.911880428,
              45.789140115
            ],
            [
              15.911878228,
              45.789139793
            ],
            [
              15.911876076,
              45.789139336
            ],
            [
              15.911873991,
              45.78913875
            ],
            [
              15.911871986,
              45.789138038
            ],
            [
              15.911870077,
              45.789137207
            ],
            [
              15.911868278,
              45.789136263
            ],
            [
              15.911866606,
              45.789135212
            ],
            [
              15.911865071,
              45.789134063
            ],
            [
              15.911863684,
              45.789132824
            ],
            [
              15.911862458,
              45.789131506
            ],
            [
              15.911861401,
              45.789130118
            ],
            [
              15.911860521,
              45.789128671
            ],
            [
              15.911859826,
              45.789127175
            ],
            [
              15.91185932,
              45.789125642
            ],
            [
              15.911741609,
              45.788681757
            ],
            [
              15.911741144,
              45.788679462
            ],
            [
              15.911740964,
              45.788677147
            ],
            [
              15.911741068,
              45.788674831
            ],
            [
              15.911741455,
              45.788672528
            ],
            [
              15.911742123,
              45.788670258
            ],
            [
              15.911743067,
              45.788668036
            ],
            [
              15.911744281,
              45.788665879
            ],
            [
              15.911745755,
              45.788663803
            ],
            [
              15.911747478,
              45.788661823
            ],
            [
              15.911749437,
              45.788659953
            ],
            [
              15.911751618,
              45.788658208
            ],
            [
              15.911754006,
              45.788656601
            ],
            [
              15.911756581,
              45.788655143
            ],
            [
              15.911759326,
              45.788653844
            ],
            [
              15.911762219,
              45.788652716
            ],
            [
              15.911765241,
              45.788651765
            ],
            [
              15.911768368,
              45.788650998
            ],
            [
              15.911771578,
              45.788650422
            ],
            [
              15.911507865,
              45.788687231
            ],
            [
              15.911511188,
              45.788686919
            ],
            [
              15.911514536,
              45.78868681
            ],
            [
              15.911517886,
              45.788686905
            ],
            [
              15.911521211,
              45.788687202
            ],
            [
              15.911524487,
              45.788687701
            ],
            [
              15.911527687,
              45.788688396
            ],
            [
              15.911530791,
              45.788689283
            ],
            [
              15.911533772,
              45.788690356
            ],
            [
              15.911536608,
              45.788691605
            ],
            [
              15.91153928,
              45.788693021
            ],
            [
              15.911541765,
              45.788694594
            ],
            [
              15.911544045,
              45.788696313
            ],
            [
              15.911546104,
              45.788698164
            ],
            [
              15.911547927,
              45.788700133
            ],
            [
              15.911549497,
              45.788702204
            ],
            [
              15.911550804,
              45.788704363
            ],
            [
              15.911551839,
              45.788706594
            ],
            [
              15.911552593,
              45.788708879
            ],
            [
              15.911669772,
              45.789150765
            ],
            [
              15.911670084,
              45.789152316
            ],
            [
              15.911670203,
              45.789153882
            ],
            [
              15.911670126,
              45.789155447
            ],
            [
              15.911669855,
              45.789157002
            ],
            [
              15.911669391,
              45.789158536
            ],
            [
              15.911668739,
              45.789160034
            ],
            [
              15.911667901,
              45.789161487
            ],
            [
              15.911666889,
              45.789162885
            ],
            [
              15.911665704,
              45.789164215
            ],
            [
              15.91166436,
              45.789165468
            ],
            [
              15.911662865,
              45.789166634
            ],
            [
              15.911661229,
              45.789167706
            ],
            [
              15.911659467,
              45.789168673
            ],
            [
              15.911657592,
              45.789169529
            ],
            [
              15.911655617,
              45.789170268
            ],
            [
              15.911653558,
              45.789170885
            ],
            [
              15.911651429,
              45.789171373
            ],
            [
              15.911649249,
              45.78917173
            ],
            [
              15.910878335,
              45.789273456
            ],
            [
              15.91087611,
              45.78927368
            ],
            [
              15.910873866,
              45.789273767
            ],
            [
              15.910871619,
              45.789273716
            ],
            [
              15.910869387,
              45.789273529
            ],
            [
              15.910867187,
              45.789273205
            ],
            [
              15.910865036,
              45.78927275
            ],
            [
              15.91086295,
              45.789272163
            ],
            [
              15.910860946,
              45.789271453
            ],
            [
              15.910859037,
              45.789270621
            ],
            [
              15.91085724,
              45.789269678
            ],
            [
              15.910855567,
              45.789268627
            ],
            [
              15.910854031,
              45.789267479
            ],
            [
              15.910852644,
              45.789266241
            ],
            [
              15.910851418,
              45.789264923
            ],
            [
              15.910850362,
              45.789263536
            ],
            [
              15.910849482,
              45.789262089
            ],
            [
              15.910848785,
              45.789260593
            ],
            [
              15.910848278,
              45.789259062
            ],
            [
              15.910727108,
              45.788803038
            ],
            [
              15.910726631,
              45.788800649
            ],
            [
              15.910726459,
              45.788798239
            ],
            [
              15.910726597,
              45.788795828
            ],
            [
              15.910727041,
              45.788793435
            ],
            [
              15.910727789,
              45.788791079
            ],
            [
              15.910728834,
              45.78878878
            ],
            [
              15.91073017,
              45.788786556
            ],
            [
              15.910731783,
              45.788784424
            ],
            [
              15.910733662,
              45.7887824
            ],
            [
              15.910735792,
              45.788780502
            ],
            [
              15.910738155,
              45.788778745
            ],
            [
              15.910740734,
              45.788777143
            ],
            [
              15.910743507,
              45.788775708
            ],
            [
              15.910746453,
              45.788774452
            ],
            [
              15.910749546,
              45.788773386
            ],
            [
              15.910752763,
              45.788772516
            ],
            [
              15.910756079,
              45.788771851
            ],
            [
              15.910759465,
              45.788771396
            ],
            [
              15.910549906,
              45.788788622
            ],
            [
              15.910428523,
              45.7887986
            ],
            [
              15.910431891,
              45.788798469
            ],
            [
              15.910435262,
              45.788798545
            ],
            [
              15.910438611,
              45.788798826
            ],
            [
              15.910441913,
              45.78879931
            ],
            [
              15.910445021,
              45.788799968
            ],
            [
              15.910445142,
              45.788799994
            ],
            [
              15.910448272,
              45.788800873
            ],
            [
              15.910451281,
              45.788801941
            ],
            [
              15.910454143,
              45.788803187
            ],
            [
              15.910456841,
              45.788804604
            ],
            [
              15.910459352,
              45.78880618
            ],
            [
              15.910461655,
              45.788807904
            ],
            [
              15.910463735,
              45.788809762
            ],
            [
              15.910465575,
              45.78881174
            ],
            [
              15.910467161,
              45.788813823
            ],
            [
              15.910468481,
              45.788815993
            ],
            [
              15.910469524,
              45.788818238
            ],
            [
              15.910470285,
              45.788820537
            ],
            [
              15.91064675,
              45.789486017
            ],
            [
              15.910776763,
              45.789975922
            ],
            [
              15.909820757,
              45.790075418
            ],
            [
              15.909858819,
              45.790253278
            ],
            [
              15.910823679,
              45.790152854
            ],
            [
              15.911022268,
              45.790901747
            ],
            [
              15.910381266,
              45.791366515
            ],
            [
              15.910942461,
              45.791754011
            ],
            [
              15.911034269,
              45.791817403
            ],
            [
              15.911122288,
              45.791813811
            ]
          ],
          [
            [
              15.911585439,
              45.791286137
            ],
            [
              15.91106992,
              45.791654387
            ],
            [
              15.910642571,
              45.791361651
            ],
            [
              15.911151731,
              45.790998361
            ],
            [
              15.911585439,
              45.791286137
            ]
          ],
          [
            [
              15.911761055,
              45.791158684
            ],
            [
              15.911385692,
              45.790903775
            ],
            [
              15.911384152,
              45.790902633
            ],
            [
              15.91138276,
              45.790901401
            ],
            [
              15.911381527,
              45.79090009
            ],
            [
              15.911380461,
              45.790898709
            ],
            [
              15.911379572,
              45.790897267
            ],
            [
              15.911378864,
              45.790895777
            ],
            [
              15.911378347,
              45.79089425
            ],
            [
              15.911378021,
              45.790892697
            ],
            [
              15.911377889,
              45.790891129
            ],
            [
              15.911377954,
              45.79088956
            ],
            [
              15.911378214,
              45.790888001
            ],
            [
              15.911378667,
              45.790886463
            ],
            [
              15.91137931,
              45.790884959
            ],
            [
              15.911380138,
              45.790883501
            ],
            [
              15.911381145,
              45.790882098
            ],
            [
              15.911382322,
              45.790880761
            ],
            [
              15.911383661,
              45.790879501
            ],
            [
              15.911385153,
              45.790878328
            ],
            [
              15.91152849,
              45.790775035
            ],
            [
              15.912213458,
              45.790680443
            ],
            [
              15.912215673,
              45.790680207
            ],
            [
              15.912217909,
              45.790680106
            ],
            [
              15.912220149,
              45.790680142
            ],
            [
              15.912222377,
              45.790680314
            ],
            [
              15.912224574,
              45.790680622
            ],
            [
              15.912226725,
              45.790681061
            ],
            [
              15.912228813,
              45.79068163
            ],
            [
              15.912230823,
              45.790682325
            ],
            [
              15.912232738,
              45.790683138
            ],
            [
              15.912234545,
              45.790684065
            ],
            [
              15.912236229,
              45.790685099
            ],
            [
              15.912632889,
              45.790950785
            ],
            [
              15.912446231,
              45.791087218
            ],
            [
              15.912145324,
              45.790885747
            ],
            [
              15.911761055,
              45.791158684
            ]
          ],
          [
            [
              15.913877199,
              45.791535479
            ],
            [
              15.913697537,
              45.791416163
            ],
            [
              15.913649537,
              45.791384286
            ],
            [
              15.913544563,
              45.791314569
            ],
            [
              15.913503453,
              45.791287267
            ],
            [
              15.912946028,
              45.790917065
            ],
            [
              15.913445862,
              45.790551913
            ],
            [
              15.914526438,
              45.791272815
            ],
            [
              15.914266066,
              45.791464081
            ],
            [
              15.914114847,
              45.791362445
            ],
            [
              15.913877199,
              45.791535479
            ]
          ],
          [
            [
              15.914460301,
              45.790924944
            ],
            [
              15.913722977,
              45.7904355
            ],
            [
              15.913721442,
              45.790434391
            ],
            [
              15.91372005,
              45.790433193
            ],
            [
              15.91371881,
              45.790431917
            ],
            [
              15.913717731,
              45.790430571
            ],
            [
              15.913716819,
              45.790429165
            ],
            [
              15.913716085,
              45.79042771
            ],
            [
              15.91371553,
              45.790426216
            ],
            [
              15.913715161,
              45.790424695
            ],
            [
              15.91371498,
              45.790423157
            ],
            [
              15.913714987,
              45.790421613
            ],
            [
              15.913715183,
              45.790420076
            ],
            [
              15.913715567,
              45.790418556
            ],
            [
              15.913716136,
              45.790417065
            ],
            [
              15.913716885,
              45.790415614
            ],
            [
              15.913717811,
              45.790414212
            ],
            [
              15.913718903,
              45.790412872
            ],
            [
              15.913720156,
              45.790411601
            ],
            [
              15.91372156,
              45.790410411
            ],
            [
              15.913723105,
              45.790409308
            ],
            [
              15.913724778,
              45.790408303
            ],
            [
              15.913726569,
              45.790407401
            ],
            [
              15.913728463,
              45.790406611
            ],
            [
              15.913730448,
              45.790405937
            ],
            [
              15.913732508,
              45.790405384
            ],
            [
              15.913734627,
              45.790404957
            ],
            [
              15.913962555,
              45.790366342
            ],
            [
              15.914239964,
              45.790314215
            ],
            [
              15.914555378,
              45.790247703
            ],
            [
              15.914686914,
              45.79021716
            ],
            [
              15.9146891,
              45.790216726
            ],
            [
              15.914691331,
              45.790216429
            ],
            [
              15.914693591,
              45.790216272
            ],
            [
              15.914695863,
              45.790216254
            ],
            [
              15.914698127,
              45.790216376
            ],
            [
              15.914700367,
              45.790216637
            ],
            [
              15.914702566,
              45.790217036
            ],
            [
              15.914704706,
              45.790217568
            ],
            [
              15.91470677,
              45.790218231
            ],
            [
              15.914708743,
              45.79021902
            ],
            [
              15.914710608,
              45.790219926
            ],
            [
              15.914712353,
              45.790220944
            ],
            [
              15.914724311,
              45.790228574
            ],
            [
              15.915077414,
              45.790469097
            ],
            [
              15.915545168,
              45.790790121
            ],
            [
              15.91493315,
              45.791238818
            ],
            [
              15.914460301,
              45.790924944
            ]
          ],
          [
            [
              15.916849186,
              45.789440212
            ],
            [
              15.917115049,
              45.78931501
            ],
            [
              15.917117001,
              45.789314177
            ],
            [
              15.917119051,
              45.789313468
            ],
            [
              15.917121182,
              45.789312889
            ],
            [
              15.917123378,
              45.789312446
            ],
            [
              15.917125623,
              45.789312139
            ],
            [
              15.917127896,
              45.789311975
            ],
            [
              15.917130183,
              45.789311951
            ],
            [
              15.917132462,
              45.78931207
            ],
            [
              15.917134718,
              45.78931233
            ],
            [
              15.917136933,
              45.789312729
            ],
            [
              15.917139088,
              45.789313265
            ],
            [
              15.917141166,
              45.789313931
            ],
            [
              15.917143151,
              45.789314724
            ],
            [
              15.917145027,
              45.789315638
            ],
            [
              15.917146781,
              45.789316665
            ],
            [
              15.917148398,
              45.789317796
            ],
            [
              15.917149864,
              45.789319023
            ],
            [
              15.917151169,
              45.789320336
            ],
            [
              15.917312418,
              45.789499156
            ],
            [
              15.917130575,
              45.789629828
            ],
            [
              15.916446209,
              45.790128988
            ],
            [
              15.91626871,
              45.790259229
            ],
            [
              15.915725457,
              45.790657646
            ],
            [
              15.915437393,
              45.790463138
            ],
            [
              15.915231152,
              45.790322662
            ],
            [
              15.915034636,
              45.790187076
            ],
            [
              15.915001679,
              45.790163209
            ],
            [
              15.915000165,
              45.79016201
            ],
            [
              15.91499881,
              45.790160723
            ],
            [
              15.914997623,
              45.790159355
            ],
            [
              15.914996614,
              45.79015792
            ],
            [
              15.914995791,
              45.790156428
            ],
            [
              15.914995161,
              45.79015489
            ],
            [
              15.914994729,
              45.79015332
            ],
            [
              15.914994497,
              45.790151728
            ],
            [
              15.914994469,
              45.790150129
            ],
            [
              15.914994644,
              45.790148534
            ],
            [
              15.91499502,
              45.790146956
            ],
            [
              15.914995596,
              45.790145409
            ],
            [
              15.914996365,
              45.790143902
            ],
            [
              15.914997323,
              45.79014245
            ],
            [
              15.914998461,
              45.790141063
            ],
            [
              15.914999771,
              45.790139751
            ],
            [
              15.915001242,
              45.790138527
            ],
            [
              15.915002863,
              45.790137399
            ],
            [
              15.915004621,
              45.790136376
            ],
            [
              15.9150065,
              45.790135466
            ],
            [
              15.915008489,
              45.790134676
            ],
            [
              15.91501057,
              45.790134014
            ],
            [
              15.915113569,
              45.790104997
            ],
            [
              15.915277695,
              45.790057
            ],
            [
              15.91539861,
              45.790019807
            ],
            [
              15.915523917,
              45.789979584
            ],
            [
              15.915680886,
              45.789926729
            ],
            [
              15.915836392,
              45.789871581
            ],
            [
              15.915995854,
              45.789812061
            ],
            [
              15.916170342,
              45.789743361
            ],
            [
              15.916348558,
              45.78966919
            ],
            [
              15.916494779,
              45.789605186
            ],
            [
              15.916691411,
              45.789514513
            ],
            [
              15.916849186,
              45.789440212
            ]
          ],
          [
            [
              15.915669097,
              45.789707355
            ],
            [
              15.915669939,
              45.789708808
            ],
            [
              15.915670596,
              45.789710306
            ],
            [
              15.915671065,
              45.789711838
            ],
            [
              15.91567134,
              45.789713394
            ],
            [
              15.915671422,
              45.78971496
            ],
            [
              15.915671309,
              45.789716525
            ],
            [
              15.915671001,
              45.789718076
            ],
            [
              15.915670501,
              45.789719604
            ],
            [
              15.915669814,
              45.789721095
            ],
            [
              15.915668944,
              45.78972254
            ],
            [
              15.915667896,
              45.789723925
            ],
            [
              15.915666681,
              45.789725242
            ],
            [
              15.915665308,
              45.789726479
            ],
            [
              15.915663784,
              45.789727629
            ],
            [
              15.915662124,
              45.78972868
            ],
            [
              15.915660339,
              45.789729627
            ],
            [
              15.915658444,
              45.789730463
            ],
            [
              15.915656452,
              45.789731179
            ],
            [
              15.914878307,
              45.78998167
            ],
            [
              15.914876186,
              45.789982275
            ],
            [
              15.914873998,
              45.789982744
            ],
            [
              15.914871758,
              45.789983076
            ],
            [
              15.914869486,
              45.789983267
            ],
            [
              15.914867197,
              45.789983317
            ],
            [
              15.914864912,
              45.789983223
            ],
            [
              15.914862647,
              45.789982987
            ],
            [
              15.914860422,
              45.789982612
            ],
            [
              15.914858253,
              45.7899821
            ],
            [
              15.914856158,
              45.789981456
            ],
            [
              15.914854153,
              45.789980683
            ],
            [
              15.914852254,
              45.789979788
            ],
            [
              15.914850476,
              45.78997878
            ],
            [
              15.914848833,
              45.789977664
            ],
            [
              15.914847339,
              45.789976451
            ],
            [
              15.914846005,
              45.789975149
            ],
            [
              15.914844841,
              45.78997377
            ],
            [
              15.914843858,
              45.789972324
            ],
            [
              15.914843062,
              45.789970823
            ],
            [
              15.914626979,
              45.789499833
            ],
            [
              15.915375599,
              45.789257792
            ],
            [
              15.915669097,
              45.789707355
            ]
          ],
          [
            [
              15.916569334,
              45.789332405
            ],
            [
              15.916570165,
              45.789333824
            ],
            [
              15.916570818,
              45.789335286
            ],
            [
              15.916571293,
              45.789336783
            ],
            [
              15.916571584,
              45.789338301
            ],
            [
              15.916571689,
              45.789339833
            ],
            [
              15.916571607,
              45.789341364
            ],
            [
              15.916571339,
              45.789342886
            ],
            [
              15.916570888,
              45.789344385
            ],
            [
              15.916570255,
              45.789345853
            ],
            [
              15.916569445,
              45.789347277
            ],
            [
              15.916568466,
              45.789348649
            ],
            [
              15.916567325,
              45.789349956
            ],
            [
              15.916566027,
              45.789351191
            ],
            [
              15.916564585,
              45.789352345
            ],
            [
              15.916563006,
              45.789353408
            ],
            [
              15.916561304,
              45.789354373
            ],
            [
              15.916520854,
              45.789375394
            ],
            [
              15.916423951,
              45.789422886
            ],
            [
              15.916344217,
              45.789461423
            ],
            [
              15.916255568,
              45.789502071
            ],
            [
              15.916110964,
              45.789559178
            ],
            [
              15.915984164,
              45.789609252
            ],
            [
              15.915875776,
              45.789652056
            ],
            [
              15.915873777,
              45.789652766
            ],
            [
              15.915871699,
              45.789653353
            ],
            [
              15.915869554,
              45.78965381
            ],
            [
              15.915867361,
              45.789654136
            ],
            [
              15.915865137,
              45.789654326
            ],
            [
              15.915862896,
              45.78965438
            ],
            [
              15.915860657,
              45.789654297
            ],
            [
              15.915858438,
              45.789654078
            ],
            [
              15.915856254,
              45.789653725
            ],
            [
              15.915854122,
              45.789653241
            ],
            [
              15.915852059,
              45.789652628
            ],
            [
              15.915850079,
              45.789651892
            ],
            [
              15.915848199,
              45.789651039
            ],
            [
              15.915846432,
              45.789650073
            ],
            [
              15.915844792,
              45.789649004
            ],
            [
              15.915843292,
              45.789647839
            ],
            [
              15.915841941,
              45.789646588
            ],
            [
              15.915840753,
              45.789645258
            ],
            [
              15.915839733,
              45.789643862
            ],
            [
              15.915550855,
              45.789201375
            ],
            [
              15.916320231,
              45.788953697
            ],
            [
              15.916569334,
              45.789332405
            ]
          ],
          [
            [
              15.916983508,
              45.78913439
            ],
            [
              15.916984608,
              45.789135735
            ],
            [
              15.916985538,
              45.789137142
            ],
            [
              15.916986292,
              45.789138599
            ],
            [
              15.916986864,
              45.789140096
            ],
            [
              15.916987251,
              45.789141623
            ],
            [
              15.916987447,
              45.789143167
            ],
            [
              15.916987453,
              45.789144717
            ],
            [
              15.916987268,
              45.789146262
            ],
            [
              15.916986895,
              45.78914779
            ],
            [
              15.916986334,
              45.78914929
            ],
            [
              15.916985591,
              45.78915075
            ],
            [
              15.91698467,
              45.78915216
            ],
            [
              15.916983581,
              45.789153509
            ],
            [
              15.916982328,
              45.789154788
            ],
            [
              15.916980924,
              45.789155987
            ],
            [
              15.916979376,
              45.789157097
            ],
            [
              15.916977699,
              45.789158109
            ],
            [
              15.916975903,
              45.789159017
            ],
            [
              15.916666587,
              45.789301583
            ],
            [
              15.916664688,
              45.789302378
            ],
            [
              15.916662697,
              45.789303056
            ],
            [
              15.91666063,
              45.789303613
            ],
            [
              15.916658504,
              45.789304043
            ],
            [
              15.916656332,
              45.789304343
            ],
            [
              15.916654131,
              45.789304512
            ],
            [
              15.916651917,
              45.789304547
            ],
            [
              15.916649707,
              45.78930445
            ],
            [
              15.916647518,
              45.789304219
            ],
            [
              15.916645364,
              45.789303858
            ],
            [
              15.916643264,
              45.789303367
            ],
            [
              15.916641232,
              45.789302754
            ],
            [
              15.916639282,
              45.78930202
            ],
            [
              15.91663743,
              45.789301171
            ],
            [
              15.916635689,
              45.789300214
            ],
            [
              15.916634072,
              45.789299156
            ],
            [
              15.916632591,
              45.789298004
            ],
            [
              15.916631257,
              45.789296768
            ],
            [
              15.91663008,
              45.789295456
            ],
            [
              15.916629069,
              45.789294078
            ],
            [
              15.916390344,
              45.788931147
            ],
            [
              15.916708029,
              45.788828876
            ],
            [
              15.916983508,
              45.78913439
            ]
          ],
          [
            [
              15.916642555,
              45.788815288
            ],
            [
              15.916371527,
              45.788902539
            ],
            [
              15.916301624,
              45.788796266
            ],
            [
              15.916552563,
              45.788715482
            ],
            [
              15.916642555,
              45.788815288
            ]
          ],
          [
            [
              15.916175041,
              45.788250516
            ],
            [
              15.916177327,
              45.788250764
            ],
            [
              15.916179572,
              45.788251153
            ],
            [
              15.916181758,
              45.788251683
            ],
            [
              15.916183866,
              45.788252348
            ],
            [
              15.916185881,
              45.788253142
            ],
            [
              15.916187787,
              45.78825406
            ],
            [
              15.916189565,
              45.788255094
            ],
            [
              15.916191205,
              45.788256236
            ],
            [
              15.916192691,
              45.788257476
            ],
            [
              15.916194011,
              45.788258804
            ],
            [
              15.916569585,
              45.788675336
            ],
            [
              15.916282807,
              45.788767659
            ],
            [
              15.915992487,
              45.788326278
            ],
            [
              15.915991639,
              45.788324824
            ],
            [
              15.915990976,
              45.788323325
            ],
            [
              15.9159905,
              45.78832179
            ],
            [
              15.915990219,
              45.788320233
            ],
            [
              15.915990133,
              45.788318664
            ],
            [
              15.915990242,
              45.788317096
            ],
            [
              15.915990546,
              45.78831554
            ],
            [
              15.915991043,
              45.78831401
            ],
            [
              15.915991728,
              45.788312515
            ],
            [
              15.915992598,
              45.788311068
            ],
            [
              15.915993644,
              45.788309679
            ],
            [
              15.915994859,
              45.78830836
            ],
            [
              15.915996234,
              45.788307119
            ],
            [
              15.915997759,
              45.788305967
            ],
            [
              15.91599942,
              45.788304911
            ],
            [
              15.916001207,
              45.788303962
            ],
            [
              15.916003107,
              45.788303125
            ],
            [
              15.916005101,
              45.788302408
            ],
            [
              15.916161504,
              45.788252058
            ],
            [
              15.916163647,
              45.788251448
            ],
            [
              15.916165859,
              45.788250976
            ],
            [
              15.916168124,
              45.788250644
            ],
            [
              15.91617042,
              45.788250456
            ],
            [
              15.916172733,
              45.788250414
            ],
            [
              15.916175041,
              45.788250516
            ]
          ],
          [
            [
              15.915901392,
              45.788338449
            ],
            [
              15.915903616,
              45.788338661
            ],
            [
              15.915905804,
              45.788339009
            ],
            [
              15.91590794,
              45.788339488
            ],
            [
              15.915910008,
              45.788340096
            ],
            [
              15.915911994,
              45.788340828
            ],
            [
              15.91591388,
              45.788341679
            ],
            [
              15.915915654,
              45.788342641
            ],
            [
              15.915917301,
              45.788343707
            ],
            [
              15.915918807,
              45.78834487
            ],
            [
              15.915920165,
              45.78834612
            ],
            [
              15.915921361,
              45.788347448
            ],
            [
              15.915922388,
              45.788348844
            ],
            [
              15.916212705,
              45.788790224
            ],
            [
              15.915698633,
              45.788955715
            ],
            [
              15.91550502,
              45.788661482
            ],
            [
              15.915680339,
              45.788605044
            ],
            [
              15.915572817,
              45.78844157
            ],
            [
              15.915888268,
              45.788340019
            ],
            [
              15.915890346,
              45.788339426
            ],
            [
              15.915892489,
              45.788338962
            ],
            [
              15.915894682,
              45.78833863
            ],
            [
              15.915896908,
              45.788338432
            ],
            [
              15.915899151,
              45.788338372
            ],
            [
              15.915901392,
              45.788338449
            ]
          ],
          [
            [
              15.915663582,
              45.788966999
            ],
            [
              15.914514203,
              45.789336996
            ],
            [
              15.914135581,
              45.789439102
            ],
            [
              15.914103168,
              45.789447287
            ],
            [
              15.914066838,
              45.789456464
            ],
            [
              15.913779332,
              45.788993381
            ],
            [
              15.913832822,
              45.788979873
            ],
            [
              15.913883753,
              45.788967011
            ],
            [
              15.914233864,
              45.788872594
            ],
            [
              15.915362514,
              45.78850927
            ],
            [
              15.915663582,
              45.788966999
            ]
          ],
          [
            [
              15.913571951,
              45.789572047
            ],
            [
              15.913490171,
              45.789590469
            ],
            [
              15.913261481,
              45.789635495
            ],
            [
              15.912866638,
              45.789706962
            ],
            [
              15.912073865,
              45.789811351
            ],
            [
              15.911949285,
              45.789341583
            ],
            [
              15.911948822,
              45.789339287
            ],
            [
              15.911948641,
              45.789336971
            ],
            [
              15.911948745,
              45.789334653
            ],
            [
              15.911949133,
              45.78933235
            ],
            [
              15.911949802,
              45.789330079
            ],
            [
              15.911950748,
              45.789327857
            ],
            [
              15.911951963,
              45.789325699
            ],
            [
              15.911953437,
              45.789323622
            ],
            [
              15.911955162,
              45.789321641
            ],
            [
              15.911957123,
              45.789319772
            ],
            [
              15.911959306,
              45.789318026
            ],
            [
              15.911961694,
              45.789316419
            ],
            [
              15.911964272,
              45.789314961
            ],
            [
              15.911967018,
              45.789313663
            ],
            [
              15.911969914,
              45.789312535
            ],
            [
              15.911972938,
              45.789311585
            ],
            [
              15.911976067,
              45.789310819
            ],
            [
              15.911979278,
              45.789310245
            ],
            [
              15.912020894,
              45.789304119
            ],
            [
              15.912073887,
              45.78929632
            ],
            [
              15.912160243,
              45.789283729
            ],
            [
              15.912238927,
              45.789269854
            ],
            [
              15.912321562,
              45.789252512
            ],
            [
              15.912375163,
              45.789240964
            ],
            [
              15.912401733,
              45.789235239
            ],
            [
              15.912409673,
              45.789233529
            ],
            [
              15.912424599,
              45.789230313
            ],
            [
              15.912446992,
              45.789178417
            ],
            [
              15.912461673,
              45.789175775
            ],
            [
              15.912524975,
              45.789164382
            ],
            [
              15.912595449,
              45.789152695
            ],
            [
              15.912619912,
              45.789148953
            ],
            [
              15.912705859,
              45.789137801
            ],
            [
              15.9128138,
              45.789123794
            ],
            [
              15.913078317,
              45.78908947
            ],
            [
              15.913214731,
              45.789069559
            ],
            [
              15.913314169,
              45.789049715
            ],
            [
              15.913503067,
              45.789007687
            ],
            [
              15.913503451,
              45.789010379
            ],
            [
              15.913583209,
              45.789569509
            ],
            [
              15.913571951,
              45.789572047
            ]
          ],
          [
            [
              15.914030474,
              45.789465646
            ],
            [
              15.913916437,
              45.789494444
            ],
            [
              15.913645823,
              45.789555406
            ],
            [
              15.91359853,
              45.789223871
            ],
            [
              15.913851399,
              45.789177216
            ],
            [
              15.914030474,
              45.789465646
            ]
          ],
          [
            [
              15.914394822,
              45.789528318
            ],
            [
              15.914143882,
              45.789594896
            ],
            [
              15.914138899,
              45.789596119
            ],
            [
              15.914081583,
              45.78948504
            ],
            [
              15.914082812,
              45.789484721
            ],
            [
              15.914336777,
              45.789418595
            ],
            [
              15.914394822,
              45.789528318
            ]
          ],
          [
            [
              15.915356796,
              45.789229201
            ],
            [
              15.914607602,
              45.789470373
            ],
            [
              15.914537702,
              45.789364098
            ],
            [
              15.915286894,
              45.789122927
            ],
            [
              15.915356796,
              45.789229201
            ]
          ],
          [
            [
              15.916301426,
              45.788925107
            ],
            [
              15.915532049,
              45.789172785
            ],
            [
              15.915462148,
              45.789066511
            ],
            [
              15.916231523,
              45.788818834
            ],
            [
              15.916301426,
              45.788925107
            ]
          ],
          [
            [
              15.914533021,
              45.789882108
            ],
            [
              15.914557264,
              45.789934832
            ],
            [
              15.914596483,
              45.790023073
            ],
            [
              15.914597053,
              45.790024583
            ],
            [
              15.914597433,
              45.790026123
            ],
            [
              15.914597621,
              45.79002768
            ],
            [
              15.914597616,
              45.790029242
            ],
            [
              15.914597417,
              45.790030797
            ],
            [
              15.914597025,
              45.790032335
            ],
            [
              15.914596445,
              45.790033844
            ],
            [
              15.91459568,
              45.790035311
            ],
            [
              15.914594736,
              45.790036726
            ],
            [
              15.91459362,
              45.790038079
            ],
            [
              15.91459234,
              45.790039359
            ],
            [
              15.914590907,
              45.790040556
            ],
            [
              15.91458933,
              45.790041663
            ],
            [
              15.914587622,
              45.790042669
            ],
            [
              15.914585796,
              45.790043568
            ],
            [
              15.914583865,
              45.790044353
            ],
            [
              15.914581845,
              45.790045018
            ],
            [
              15.91457975,
              45.790045557
            ],
            [
              15.914180651,
              45.790134774
            ],
            [
              15.91390622,
              45.790186277
            ],
            [
              15.913700495,
              45.789732231
            ],
            [
              15.913999552,
              45.789664769
            ],
            [
              15.914225519,
              45.789607704
            ],
            [
              15.914386441,
              45.789564328
            ],
            [
              15.914533021,
              45.789882108
            ]
          ],
          [
            [
              15.91359405,
              45.789723053
            ],
            [
              15.913550571,
              45.789732848
            ],
            [
              15.913319444,
              45.789778371
            ],
            [
              15.913103705,
              45.78981742
            ],
            [
              15.91306182,
              45.789704164
            ],
            [
              15.913275838,
              45.789665427
            ],
            [
              15.913502267,
              45.789620828
            ],
            [
              15.913585371,
              45.789602107
            ],
            [
              15.91359405,
              45.789723053
            ]
          ],
          [
            [
              15.9129196,
              45.789850743
            ],
            [
              15.912912899,
              45.789851955
            ],
            [
              15.912135179,
              45.789953881
            ],
            [
              15.912113844,
              45.789837761
            ],
            [
              15.912877738,
              45.789737546
            ],
            [
              15.9129196,
              45.789850743
            ]
          ],
          [
            [
              15.911702669,
              45.789348143
            ],
            [
              15.9117049,
              45.789348331
            ],
            [
              15.911707099,
              45.789348655
            ],
            [
              15.91170925,
              45.789349111
            ],
            [
              15.911711337,
              45.789349698
            ],
            [
              15.911713341,
              45.789350409
            ],
            [
              15.911715249,
              45.789351241
            ],
            [
              15.911717046,
              45.789352186
            ],
            [
              15.911718718,
              45.789353236
            ],
            [
              15.911720252,
              45.789354385
            ],
            [
              15.911721639,
              45.789355623
            ],
            [
              15.911722863,
              45.789356941
            ],
            [
              15.91172392,
              45.789358329
            ],
            [
              15.9117248,
              45.789359777
            ],
            [
              15.911725496,
              45.789361271
            ],
            [
              15.911726002,
              45.789362803
            ],
            [
              15.911852673,
              45.789840476
            ],
            [
              15.911031144,
              45.789948644
            ],
            [
              15.910904455,
              45.789470879
            ],
            [
              15.910904143,
              45.789469327
            ],
            [
              15.910904024,
              45.789467762
            ],
            [
              15.910904101,
              45.789466195
            ],
            [
              15.910904372,
              45.789464639
            ],
            [
              15.910904837,
              45.789463106
            ],
            [
              15.91090549,
              45.789461607
            ],
            [
              15.910906327,
              45.789460153
            ],
            [
              15.910907341,
              45.789458756
            ],
            [
              15.910908526,
              45.789457425
            ],
            [
              15.910909871,
              45.789456173
            ],
            [
              15.910911368,
              45.789455006
            ],
            [
              15.910913004,
              45.789453935
            ],
            [
              15.910914766,
              45.789452968
            ],
            [
              15.910916642,
              45.789452112
            ],
            [
              15.910918618,
              45.789451372
            ],
            [
              15.910920678,
              45.789450757
            ],
            [
              15.910922807,
              45.789450268
            ],
            [
              15.910924988,
              45.789449912
            ],
            [
              15.911695953,
              45.789348401
            ],
            [
              15.911698178,
              45.789348179
            ],
            [
              15.911700422,
              45.789348092
            ],
            [
              15.911702669,
              45.789348143
            ]
          ],
          [
            [
              15.911858029,
              45.789990993
            ],
            [
              15.911099968,
              45.790090448
            ],
            [
              15.911072374,
              45.789975262
            ],
            [
              15.911828956,
              45.78987584
            ],
            [
              15.911858029,
              45.789990993
            ]
          ],
          [
            [
              15.912028461,
              45.790503345
            ],
            [
              15.912028774,
              45.790504897
            ],
            [
              15.912028892,
              45.790506461
            ],
            [
              15.912028815,
              45.790508027
            ],
            [
              15.912028544,
              45.790509583
            ],
            [
              15.91202808,
              45.790511117
            ],
            [
              15.912027426,
              45.790512616
            ],
            [
              15.912026589,
              45.79051407
            ],
            [
              15.912025575,
              45.790515467
            ],
            [
              15.912024391,
              45.790516797
            ],
            [
              15.912023045,
              45.79051805
            ],
            [
              15.912021548,
              45.790519217
            ],
            [
              15.912019914,
              45.790520288
            ],
            [
              15.912018151,
              45.790521255
            ],
            [
              15.912016274,
              45.790522111
            ],
            [
              15.912014298,
              45.79052285
            ],
            [
              15.912012239,
              45.790523466
            ],
            [
              15.912010109,
              45.790523955
            ],
            [
              15.912007928,
              45.790524311
            ],
            [
              15.911236948,
              45.790625824
            ],
            [
              15.911234723,
              45.790626047
            ],
            [
              15.911232479,
              45.790626133
            ],
            [
              15.911230233,
              45.790626082
            ],
            [
              15.911228001,
              45.790625894
            ],
            [
              15.911225801,
              45.79062557
            ],
            [
              15.91122365,
              45.790625113
            ],
            [
              15.911221565,
              45.790624527
            ],
            [
              15.91121956,
              45.790623816
            ],
            [
              15.911217651,
              45.790622984
            ],
            [
              15.911215854,
              45.79062204
            ],
            [
              15.911214183,
              45.790620989
            ],
            [
              15.911212648,
              45.79061984
            ],
            [
              15.911211263,
              45.790618602
            ],
            [
              15.911210037,
              45.790617283
            ],
            [
              15.91120898,
              45.790615896
            ],
            [
              15.911208101,
              45.790614449
            ],
            [
              15.911207406,
              45.790612954
            ],
            [
              15.911206899,
              45.790611421
            ],
            [
              15.911094808,
              45.79018872
            ],
            [
              15.911078063,
              45.790125576
            ],
            [
              15.91114637,
              45.790116588
            ],
            [
              15.911899594,
              45.790017407
            ],
            [
              15.912028461,
              45.790503345
            ]
          ],
          [
            [
              15.912977747,
              45.79005796
            ],
            [
              15.913006412,
              45.790120256
            ],
            [
              15.913042027,
              45.790177096
            ],
            [
              15.913064696,
              45.790206861
            ],
            [
              15.913116951,
              45.790263842
            ],
            [
              15.913170076,
              45.7903087
            ],
            [
              15.913171446,
              45.790309966
            ],
            [
              15.91317265,
              45.790311312
            ],
            [
              15.913173681,
              45.790312726
            ],
            [
              15.913174528,
              45.790314199
            ],
            [
              15.913175187,
              45.790315718
            ],
            [
              15.913175653,
              45.790317271
            ],
            [
              15.913175921,
              45.790318848
            ],
            [
              15.913175988,
              45.790320435
            ],
            [
              15.913175857,
              45.79032202
            ],
            [
              15.913175525,
              45.79032359
            ],
            [
              15.913174997,
              45.790325134
            ],
            [
              15.913174277,
              45.79032664
            ],
            [
              15.91317337,
              45.790328095
            ],
            [
              15.913172283,
              45.790329488
            ],
            [
              15.913171025,
              45.790330809
            ],
            [
              15.913169605,
              45.790332048
            ],
            [
              15.913168034,
              45.790333194
            ],
            [
              15.913166325,
              45.790334238
            ],
            [
              15.913164492,
              45.790335174
            ],
            [
              15.913162549,
              45.790335993
            ],
            [
              15.913160508,
              45.790336688
            ],
            [
              15.913158389,
              45.790337255
            ],
            [
              15.912999984,
              45.790374122
            ],
            [
              15.912859111,
              45.790402642
            ],
            [
              15.912716971,
              45.790427899
            ],
            [
              15.912573718,
              45.790449865
            ],
            [
              15.912290655,
              45.790487138
            ],
            [
              15.912288435,
              45.79048736
            ],
            [
              15.912286198,
              45.790487447
            ],
            [
              15.912283956,
              45.790487396
            ],
            [
              15.912281731,
              45.79048721
            ],
            [
              15.912279537,
              45.79048689
            ],
            [
              15.912277391,
              45.790486436
            ],
            [
              15.91227531,
              45.790485853
            ],
            [
              15.912273308,
              45.790485146
            ],
            [
              15.912271403,
              45.790484319
            ],
            [
              15.912269608,
              45.790483381
            ],
            [
              15.912267937,
              45.790482335
            ],
            [
              15.912266402,
              45.790481193
            ],
            [
              15.912265014,
              45.79047996
            ],
            [
              15.912233863,
              45.790449662
            ],
            [
              15.912232622,
              45.790448337
            ],
            [
              15.912231554,
              45.790446941
            ],
            [
              15.912230665,
              45.790445485
            ],
            [
              15.912229963,
              45.79044398
            ],
            [
              15.912229452,
              45.790442437
            ],
            [
              15.912109423,
              45.789989832
            ],
            [
              15.912930988,
              45.789881652
            ],
            [
              15.912977747,
              45.79005796
            ]
          ],
          [
            [
              15.9133421,
              45.790488692
            ],
            [
              15.913344319,
              45.790488975
            ],
            [
              15.913346495,
              45.790489393
            ],
            [
              15.913348609,
              45.790489943
            ],
            [
              15.913350647,
              45.790490621
            ],
            [
              15.913352592,
              45.79049142
            ],
            [
              15.91335443,
              45.790492336
            ],
            [
              15.913356145,
              45.790493361
            ],
            [
              15.913387092,
              45.790513559
            ],
            [
              15.912887743,
              45.790878355
            ],
            [
              15.912541,
              45.790648069
            ],
            [
              15.912547178,
              45.79063618
            ],
            [
              15.912713661,
              45.790613223
            ],
            [
              15.912878578,
              45.790585282
            ],
            [
              15.913041627,
              45.790552409
            ],
            [
              15.913330944,
              45.790489339
            ],
            [
              15.913333126,
              45.790488935
            ],
            [
              15.913335349,
              45.790488668
            ],
            [
              15.913337597,
              45.790488537
            ],
            [
              15.913339853,
              45.790488545
            ],
            [
              15.9133421,
              45.790488692
            ]
          ],
          [
            [
              15.913565407,
              45.790250807
            ],
            [
              15.913418744,
              45.790281746
            ],
            [
              15.913416542,
              45.790282137
            ],
            [
              15.913414298,
              45.790282391
            ],
            [
              15.913412032,
              45.790282505
            ],
            [
              15.91340976,
              45.790282479
            ],
            [
              15.9134075,
              45.790282313
            ],
            [
              15.913405269,
              45.790282007
            ],
            [
              15.913403087,
              45.790281566
            ],
            [
              15.913400969,
              45.790280991
            ],
            [
              15.913398931,
              45.790280288
            ],
            [
              15.91339699,
              45.790279462
            ],
            [
              15.91339516,
              45.790278519
            ],
            [
              15.913393457,
              45.790277467
            ],
            [
              15.91335529,
              45.790251704
            ],
            [
              15.913312396,
              45.790220068
            ],
            [
              15.913273669,
              45.790185903
            ],
            [
              15.913239412,
              45.790149475
            ],
            [
              15.913209894,
              45.790111071
            ],
            [
              15.913185347,
              45.790070992
            ],
            [
              15.913165961,
              45.790029551
            ],
            [
              15.91315189,
              45.789987073
            ],
            [
              15.913114981,
              45.789847907
            ],
            [
              15.913331184,
              45.789808775
            ],
            [
              15.913563574,
              45.789763002
            ],
            [
              15.913596384,
              45.789755611
            ],
            [
              15.913565407,
              45.790250807
            ]
          ],
          [
            [
              15.915607614,
              45.78762555
            ],
            [
              15.915610326,
              45.787625771
            ],
            [
              15.915613002,
              45.787626153
            ],
            [
              15.915615621,
              45.787626692
            ],
            [
              15.915618167,
              45.787627384
            ],
            [
              15.915620619,
              45.787628225
            ],
            [
              15.91562296,
              45.787629208
            ],
            [
              15.915625173,
              45.787630327
            ],
            [
              15.915627242,
              45.787631574
            ],
            [
              15.915629153,
              45.787632938
            ],
            [
              15.915630892,
              45.787634412
            ],
            [
              15.915632445,
              45.787635983
            ],
            [
              15.915729757,
              45.78774391
            ],
            [
              15.916028996,
              45.78807579
            ],
            [
              15.916030089,
              45.788077126
            ],
            [
              15.916031015,
              45.788078522
            ],
            [
              15.916031766,
              45.788079969
            ],
            [
              15.91603234,
              45.788081454
            ],
            [
              15.916032728,
              45.788082969
            ],
            [
              15.916032931,
              45.788084501
            ],
            [
              15.916032945,
              45.78808604
            ],
            [
              15.916032772,
              45.788087574
            ],
            [
              15.916032413,
              45.788089093
            ],
            [
              15.916031869,
              45.788090584
            ],
            [
              15.916031144,
              45.788092037
            ],
            [
              15.916030246,
              45.788093442
            ],
            [
              15.916029178,
              45.788094788
            ],
            [
              15.916027949,
              45.788096065
            ],
            [
              15.916026571,
              45.788097263
            ],
            [
              15.916025049,
              45.788098375
            ],
            [
              15.916023399,
              45.788099392
            ],
            [
              15.91602163,
              45.788100307
            ],
            [
              15.916019755,
              45.788101113
            ],
            [
              15.916017789,
              45.788101803
            ],
            [
              15.915897748,
              45.788139567
            ],
            [
              15.915895675,
              45.788140145
            ],
            [
              15.915893538,
              45.788140595
            ],
            [
              15.915891353,
              45.788140914
            ],
            [
              15.915889138,
              45.788141099
            ],
            [
              15.915886907,
              45.788141149
            ],
            [
              15.915884679,
              45.788141064
            ],
            [
              15.915882471,
              45.788140844
            ],
            [
              15.915880297,
              45.78814049
            ],
            [
              15.915878174,
              45.788140006
            ],
            [
              15.91587612,
              45.788139396
            ],
            [
              15.91587415,
              45.788138663
            ],
            [
              15.915872278,
              45.788137813
            ],
            [
              15.915870519,
              45.788136853
            ],
            [
              15.915868884,
              45.78813579
            ],
            [
              15.915867388,
              45.788134632
            ],
            [
              15.91586604,
              45.788133387
            ],
            [
              15.915864852,
              45.788132066
            ],
            [
              15.915863832,
              45.788130678
            ],
            [
              15.915557445,
              45.787664856
            ],
            [
              15.915556386,
              45.787663042
            ],
            [
              15.915555557,
              45.787661171
            ],
            [
              15.915554963,
              45.787659256
            ],
            [
              15.91555461,
              45.787657314
            ],
            [
              15.915554501,
              45.787655356
            ],
            [
              15.915554635,
              45.7876534
            ],
            [
              15.915555011,
              45.787651458
            ],
            [
              15.915555628,
              45.787649547
            ],
            [
              15.91555648,
              45.787647682
            ],
            [
              15.915557561,
              45.787645874
            ],
            [
              15.915558863,
              45.78764414
            ],
            [
              15.915560374,
              45.787642492
            ],
            [
              15.915562087,
              45.787640941
            ],
            [
              15.915563984,
              45.787639501
            ],
            [
              15.915566054,
              45.787638181
            ],
            [
              15.91556828,
              45.787636993
            ],
            [
              15.915570646,
              45.787635945
            ],
            [
              15.915589244,
              45.787628475
            ],
            [
              15.915591668,
              45.787627596
            ],
            [
              15.91559419,
              45.787626863
            ],
            [
              15.915596791,
              45.787626282
            ],
            [
              15.915599454,
              45.787625858
            ],
            [
              15.915602158,
              45.787625593
            ],
            [
              15.915604884,
              45.787625491
            ],
            [
              15.915607614,
              45.78762555
            ]
          ]
        ]
      }
    }
  ]
}
