{
  "type": "FeatureCollection",
  "name": "Savica F1–F3 – rekonstrukcija izvedenog stanja",
  "bbox": [
    15.997258548,
    45.794171158,
    15.998938363,
    45.795020318
  ],
  "reconstruction": {
    "schema": "consensus-builder.reconstruction.v1",
    "proposal": {
      "proposalId": "paron-savica-f1-f3-observed",
      "city": "zagreb",
      "name": "Savica F1–F3 – rekonstrukcija izvedenog stanja",
      "title": "Savica F1–F3 – rekonstrukcija izvedenog stanja",
      "description": "Rekonstrukcija izvedenog kompleksa na k.č. 2716/8, k.o. Trnje: stambeni volumeni F1 i F2 sa po 70 stanova te poslovni volumen F3 s osam uredskih prostora. Tlocrti su aktualne DGU geometrije; oznake su sigurno pridružene prema označenoj lokacijskoj izmjeni. Svih osam nadzemnih etaža prikazano je s procijenjenih 24 m jer izmjerena visina nije dostupna. Zajedničke podzemne garaže i trafostanica ostaju kontekst, ne nadzemni volumeni prijedloga.",
      "author": "zagreb.lol – lokalna analiza",
      "type": "building",
      "goal": "single",
      "primaryType": "Urban Rule",
      "typologyType": "single",
      "lifecycleStatus": "Active",
      "createdAt": "2026-08-13T00:00:00.000Z",
      "updatedAt": "2026-08-13T00:00:00.000Z",
      "tags": [
        "buildings",
        "research",
        "reconstruction",
        "observed-built-state",
        "permit-cross-check"
      ],
      "parentParcelIds": [
        "HR-335649-2716/8"
      ],
      "cadastreParcelIds": [
        "HR-335649-2716/8"
      ],
      "parcelIds": [
        "HR-335649-2716/8"
      ],
      "acceptedParcelIds": [],
      "bounds": [
        15.997258548,
        45.794171158,
        15.998938363,
        45.795020318
      ],
      "source": {
        "projectPage": "https://pionir.hr/prodaja-nekretnina/savica/objekt-f3/",
        "f1UsePermit": "https://pionir.hr/wp-content/dokumentacija_dozvole/savica/Uporabna_dozvola_F1.pdf",
        "f2UsePermit": "https://pionir.hr/wp-content/dokumentacija_dozvole/savica/uporabna_dozvola_f2.pdf",
        "locationPermitLabelCaseId": "A20211027-2824386-V020101",
        "latestLocationPermitCaseId": "P20230927-1364307-Z06",
        "f1f2BuildingPermitCaseId": "A20220330-2833642-V010101",
        "f3BuildingPermitCaseId": "P20240131-1445130-Z01",
        "publicWfs": "https://oss.uredjenazemlja.hr/OssWebServices/external/eDozvole",
        "parcel": "k.č. 2716/8, MB 335649, k.o. Trnje; DGU parcel id 21309385",
        "investorRoles": {
          "originalDesignAndEnergyDocuments": "PARON d.o.o.",
          "laterPermitsAndUsePermits": "TEHNIKAGRADNJA d.o.o.",
          "marketingAndPublishedDocuments": "GIP PIONIR d.o.o."
        },
        "sourceStatistics": {
          "observedBuiltState": {
            "parcelAreaM2": 6666.479037361671,
            "aboveGroundFootprintAreaM2": 2704.1064196485895,
            "siteCoveragePercent": 40.56273790847722,
            "aboveGroundVolumes": 3,
            "apartments": 140,
            "offices": 8
          },
          "displayOnlyHeightEstimate": {
            "heightEquivalentAboveGroundGbpM2": 21632.85135692005,
            "heightEquivalentKin": 3.2450190326378765,
            "method": "current DGU footprint × eight display levels; not permit GBP"
          },
          "caveat": "Current built footprints are DGU geometry. Permit footprints remain archived as evidence and are not silently substituted for as-built geometry."
        }
      }
    },
    "buildingProposal": {
      "parentParcelIds": [
        "HR-335649-2716/8"
      ],
      "parentParcelNumbers": [
        {
          "id": "HR-335649-2716/8",
          "number": "2716/8",
          "cadastre": "Trnje"
        }
      ],
      "createdFrom": "single-building",
      "typologyType": "single",
      "blockName": "Savica F1–F3 – izvedeno stanje",
      "parameters": {
        "typology": "single",
        "floorHeightM": 3,
        "geometryBasis": "observed-built-state",
        "sourceStatistics": {
          "observedBuiltState": {
            "parcelAreaM2": 6666.479037361671,
            "aboveGroundFootprintAreaM2": 2704.1064196485895,
            "siteCoveragePercent": 40.56273790847722,
            "aboveGroundVolumes": 3,
            "apartments": 140,
            "offices": 8
          },
          "displayOnlyHeightEstimate": {
            "heightEquivalentAboveGroundGbpM2": 21632.85135692005,
            "heightEquivalentKin": 3.2450190326378765,
            "method": "current DGU footprint × eight display levels; not permit GBP"
          },
          "caveat": "Current built footprints are DGU geometry. Permit footprints remain archived as evidence and are not silently substituted for as-built geometry."
        }
      },
      "ancestorKey": "HR-335649-2716/8",
      "takeWholeParcels": true,
      "metadata": {
        "sourceStatistics": {
          "observedBuiltState": {
            "parcelAreaM2": 6666.479037361671,
            "aboveGroundFootprintAreaM2": 2704.1064196485895,
            "siteCoveragePercent": 40.56273790847722,
            "aboveGroundVolumes": 3,
            "apartments": 140,
            "offices": 8
          },
          "displayOnlyHeightEstimate": {
            "heightEquivalentAboveGroundGbpM2": 21632.85135692005,
            "heightEquivalentKin": 3.2450190326378765,
            "method": "current DGU footprint × eight display levels; not permit GBP"
          },
          "caveat": "Current built footprints are DGU geometry. Permit footprints remain archived as evidence and are not silently substituted for as-built geometry."
        }
      }
    }
  },
  "features": [
    {
      "type": "Feature",
      "properties": {
        "id": "HR-335649-2716/8",
        "cestica_id": 21309385,
        "maticni_broj_ko": 335649,
        "broj_cestice": "2716/8",
        "areaM2": 6666.564950017974,
        "source": "DGU katastar, aktualna čestica",
        "consensus:role": "site"
      },
      "geometry": {
        "type": "MultiPolygon",
        "coordinates": [
          [
            [
              [15.997258548, 45.794871274],
              [15.99728041, 45.794643002],
              [15.997294834, 45.794498018],
              [15.997297633, 45.794487143],
              [15.997303388, 45.79447655],
              [15.997314036, 45.79446535],
              [15.997327224, 45.794457849],
              [15.997344767, 45.794452438],
              [15.997363838, 45.794448652],
              [15.997388698, 45.794444803],
              [15.997429131, 45.794440032],
              [15.997599511, 45.794417656],
              [15.997743383, 45.794396424],
              [15.997971287, 45.794356664],
              [15.998085333, 45.794333591],
              [15.998240513, 45.79429918],
              [15.9983118, 45.794282037],
              [15.998409664, 45.794256013],
              [15.998480334, 45.794235808],
              [15.998550362, 45.7942156],
              [15.998550116, 45.794214339],
              [15.998695727, 45.794171158],
              [15.998723657, 45.794212311],
              [15.998737352, 45.794234236],
              [15.998739633, 45.794238115],
              [15.9989158, 45.794531412],
              [15.998918463, 45.794535743],
              [15.998938363, 45.794568673],
              [15.998928689, 45.7945716],
              [15.998772245, 45.794617883],
              [15.998551703, 45.79468278],
              [15.998299697, 45.794756357],
              [15.998067419, 45.794824532],
              [15.997877443, 45.794880384],
              [15.997572039, 45.794969831],
              [15.997405924, 45.79501832],
              [15.997389827, 45.795020318],
              [15.997377354, 45.795019904],
              [15.997366692, 45.795018237],
              [15.99735617, 45.795015401],
              [15.997345538, 45.795010496],
              [15.997338506, 45.795005696],
              [15.997331109, 45.794998645],
              [15.997325011, 45.79499016],
              [15.997320584, 45.794981772],
              [15.997288078, 45.794920353],
              [15.997277579, 45.794900601],
              [15.997271789, 45.794900756],
              [15.997262836, 45.794895048],
              [15.997259074, 45.794884234],
              [15.997258548, 45.794871274]
            ]
          ]
        ]
      }
    },
    {
      "type": "Feature",
      "properties": {
        "name": "F1",
        "block": "Savica F1–F3 – izvedeno stanje",
        "type": "proposedBuildingSingle",
        "footprintMode": "polygon",
        "height": 24,
        "heightM": 24,
        "floors": 8,
        "storeys": 8,
        "floorCountBasis": "OSM/Overture building:levels=8; visina 24 m samo je prikazna procjena 8 × 3 m",
        "heightBasis": "24 m display proxy; nije izmjerena visina",
        "color": "#2f6fed",
        "source": "aktualni DGU tlocrt, oznaka iz eDozvola lokacijske izmjene 2021.",
        "programme": "residential",
        "apartmentCount": 70,
        "officeUnitCount": 0,
        "dguBuildingId": 13086210,
        "dguBuildingNumber": "19039",
        "dguBuildingType": "STAMBENA ZGRADA",
        "dguFootprintAreaM2": 692.6580499966302,
        "osmId": "w1323869702",
        "osmFloors": 8,
        "osmDguOverlapRatio": 0.9989108021849988,
        "labelSourceCaseId": "A20211027-2824386-V020101",
        "labelSourceFeatureId": "eDozvola_building_polygon.5189",
        "permitToDguOverlapRatio": 0.9998606112629382,
        "geometryBasis": "observed-built-footprint",
        "consensus:role": "building",
        "consensus:index": 0
      },
      "geometry": {
        "type": "MultiPolygon",
        "coordinates": [
          [
            [
              [15.998711626, 45.794535465],
              [15.998760036, 45.79461657],
              [15.99854943, 45.794678092],
              [15.998526745, 45.79464011],
              [15.998356047, 45.794353855],
              [15.998566652, 45.794292424],
              [15.998711626, 45.794535465]
            ]
          ]
        ]
      }
    },
    {
      "type": "Feature",
      "properties": {
        "name": "F2",
        "block": "Savica F1–F3 – izvedeno stanje",
        "type": "proposedBuildingSingle",
        "footprintMode": "polygon",
        "height": 24,
        "heightM": 24,
        "floors": 8,
        "storeys": 8,
        "floorCountBasis": "OSM/Overture building:levels=8; visina 24 m samo je prikazna procjena 8 × 3 m",
        "heightBasis": "24 m display proxy; nije izmjerena visina",
        "color": "#d63384",
        "source": "aktualni DGU tlocrt, oznaka iz eDozvola lokacijske izmjene 2021.",
        "programme": "residential",
        "apartmentCount": 70,
        "officeUnitCount": 0,
        "dguBuildingId": 13086209,
        "dguBuildingNumber": "19038",
        "dguBuildingType": "STAMBENA ZGRADA",
        "dguFootprintAreaM2": 692.5541000103724,
        "osmId": "w1323869703",
        "osmFloors": 8,
        "osmDguOverlapRatio": 0.9756030260388819,
        "labelSourceCaseId": "A20211027-2824386-V020101",
        "labelSourceFeatureId": "eDozvola_building_polygon.5188",
        "permitToDguOverlapRatio": 0.999794870942048,
        "geometryBasis": "observed-built-footprint",
        "consensus:role": "building",
        "consensus:index": 1
      },
      "geometry": {
        "type": "MultiPolygon",
        "coordinates": [
          [
            [
              [15.998316124, 45.794746172],
              [15.998105517, 45.794807693],
              [15.998082833, 45.794769712],
              [15.997912007, 45.794483545],
              [15.997913554, 45.794483102],
              [15.998122613, 45.794422115],
              [15.99829344, 45.794708191],
              [15.998316124, 45.794746172]
            ]
          ]
        ]
      }
    },
    {
      "type": "Feature",
      "properties": {
        "name": "F3",
        "block": "Savica F1–F3 – izvedeno stanje",
        "type": "proposedBuildingSingle",
        "footprintMode": "polygon",
        "height": 24,
        "heightM": 24,
        "floors": 8,
        "storeys": 8,
        "floorCountBasis": "Pionirov objavljeni opis navodi P+7; OSM/Overture također navodi 8 etaža",
        "heightBasis": "24 m display proxy; nije izmjerena visina",
        "color": "#198754",
        "source": "aktualni DGU tlocrt, oznaka iz eDozvola lokacijske izmjene 2021.",
        "programme": "office",
        "apartmentCount": 0,
        "officeUnitCount": 8,
        "dguBuildingId": 13350652,
        "dguBuildingNumber": "19105",
        "dguBuildingType": "POSLOVNA ZGRADA",
        "dguFootprintAreaM2": 1318.9301999945465,
        "osmId": "w1323869704",
        "osmFloors": 8,
        "osmDguOverlapRatio": 0.8823419520301728,
        "labelSourceCaseId": "A20211027-2824386-V020101",
        "labelSourceFeatureId": "eDozvola_building_polygon.5187",
        "permitToDguOverlapRatio": 0.99837831576831,
        "geometryBasis": "observed-built-footprint",
        "consensus:role": "building",
        "consensus:index": 2,
        "floorPlans": {
          "schema": "consensus-builder.building-floor-plans.v2",
          "registration": {
            "corners": [
              [15.997392707, 45.795015772],
              [15.998920935337097, 45.79456984956039],
              [15.998683633184193, 45.794174498560366],
              [15.997155408, 45.794620421]
            ],
            "basis": "F3 catalogue outline fitted to its oriented DGU footprint; the connected F1/F2/F3 basement is registered by that same F3 outline and drawn once under F3.",
            "accuracy": "approximate",
            "northInDrawing": "up",
            "sourceBuildingId": "13350652",
            "metresPerPdfPoint": 0.07068,
            "maxEdgeResidualM": 0.009,
            "note": "This residual measures outline fit, not surveyed positional accuracy. Balconies and later design changes can differ from the permit footprint.",
            "sharedBasementBuildingIds": [
              "dgu-building:13350652",
              "dgu-building:13086209",
              "dgu-building:13086210"
            ]
          },
          "layouts": [
            {
              "id": "F3-shared-basement",
              "source": {
                "url": "https://pionir.hr/wp-content/katalozi/savica/objekt_f3/prizemlje-min.pdf",
                "sha256": "277a33122cc50cb676e2a0e3a372cadb0d7b71cde0c5f3dd6a8077ee97ec0e94",
                "page": 2,
                "crop": [
                  60.0,
                  262.0,
                  967.25,
                  599.5
                ],
                "method": "reviewed raster mask and traced service cores"
              },
              "architecture": {
                "schema": "consensus-builder.floor-architecture.v1",
                "dimensionsM": [128.5832576889661, 47.709],
                "wallHeightM": 2.8,
                "slabThicknessM": 0.2,
                "walls": [
                  [
                    [
                      [0.1719482, 0.0437037],
                      [0.1686415, 0.0437037],
                      [0.1680904, 0.0451852],
                      [0.1680904, 0.1007407],
                      [0.1683659, 0.1022222],
                      [0.1719482, 0.102963],
                      [0.1724993, 0.0985185],
                      [0.1724993, 0.0451852]
                    ]
                  ],
                  [
                    [
                      [0.190135, 0.0977778],
                      [0.190135, 0.0903704],
                      [0.1877241, 0.0896503],
                      [0.1873794, 0.0896503],
                      [0.1873794, 0.0888889],
                      [0.1871039, 0.0881481],
                      [0.1871039, 0.0548148],
                      [0.1879306, 0.0525926],
                      [0.1986773, 0.0525926],
                      [0.1992284, 0.0540741],
                      [0.199504, 0.0866667],
                      [0.1984018, 0.0903704],
                      [0.1984018, 0.0992593],
                      [0.1989529, 0.1014815],
                      [0.2036374, 0.1007407],
                      [0.2036374, 0.0903704],
                      [0.2034766, 0.0896503],
                      [0.2017085, 0.0896503],
                      [0.2017085, 0.0822016],
                      [0.2028107, 0.0822016],
                      [0.2028107, 0.0555556],
                      [0.2039129, 0.0525926],
                      [0.2143841, 0.0525926],
                      [0.2152108, 0.0548148],
                      [0.2152108, 0.0881481],
                      [0.2146597, 0.0896296],
                      [0.2121797, 0.0903704],
                      [0.2124552, 0.1007407],
                      [0.2193442, 0.102963],
                      [0.2193442, 0.0422222],
                      [0.1829705, 0.0422222],
                      [0.1829705, 0.0985185],
                      [0.1840727, 0.1],
                      [0.1840727, 0.1022222],
                      [0.1829705, 0.1037037],
                      [0.1829705, 0.1140741],
                      [0.1837972, 0.1148148],
                      [0.1829705, 0.1162963],
                      [0.1829705, 0.1281481],
                      [0.1860017, 0.1281481],
                      [0.1860017, 0.1237037],
                      [0.1854505, 0.1222222],
                      [0.1854505, 0.102963],
                      [0.1860017, 0.1014815],
                      [0.1895839, 0.1014815]
                    ]
                  ],
                  [
                    [
                      [0.2703224, 0.0881481],
                      [0.2708735, 0.0866667],
                      [0.2708735, 0.0822222],
                      [0.2664646, 0.0807407],
                      [0.266189, 0.1155556],
                      [0.2683935, 0.1155556],
                      [0.2697713, 0.1140741],
                      [0.2703224, 0.1103704]
                    ]
                  ],
                  [
                    [
                      [0.0584183, 0.0822222],
                      [0.0534583, 0.0822222],
                      [0.0534583, 0.1177778],
                      [0.0584183, 0.1177778]
                    ]
                  ],
                  [
                    [
                      [0.1027831, 0.0822222],
                      [0.0980986, 0.0822222],
                      [0.0980986, 0.1177778],
                      [0.1027831, 0.1177778]
                    ]
                  ],
                  [
                    [
                      [0.1421879, 0.1177778],
                      [0.147148, 0.1177778],
                      [0.147148, 0.0822222],
                      [0.1421879, 0.0822222]
                    ]
                  ],
                  [
                    [
                      [0.2667401, 0.1703704],
                      [0.2672913, 0.1725926],
                      [0.266189, 0.1740741],
                      [0.266189, 0.1992593],
                      [0.2700468, 0.1992593],
                      [0.2703224, 0.1674074],
                      [0.2667401, 0.1659259]
                    ]
                  ],
                  [
                    [
                      [0.2204464, 0.2311111],
                      [0.2069441, 0.2311111],
                      [0.2063929, 0.2437037],
                      [0.220722, 0.2437037]
                    ]
                  ],
                  [
                    [
                      [0.0540094, 0.2407407],
                      [0.0534583, 0.2414815],
                      [0.0534583, 0.2777778],
                      [0.0584183, 0.2777778],
                      [0.0584183, 0.2414815]
                    ]
                  ],
                  [
                    [
                      [0.1027831, 0.2407407],
                      [0.0980986, 0.2407407],
                      [0.0980986, 0.2777778],
                      [0.1027831, 0.2777778]
                    ]
                  ],
                  [
                    [
                      [0.1747038, 0.3014815],
                      [0.1747038, 0.282963],
                      [0.1700193, 0.2822222],
                      [0.1700193, 0.2859259],
                      [0.1694682, 0.2874074],
                      [0.1468724, 0.2874074],
                      [0.1460457, 0.2837037],
                      [0.1460457, 0.242963],
                      [0.147148, 0.24],
                      [0.1689094, 0.24],
                      [0.1689094, 0.2385185],
                      [0.1716803, 0.2385185],
                      [0.1716803, 0.2515892],
                      [0.1747038, 0.2511111],
                      [0.1747038, 0.2274074],
                      [0.1416368, 0.2274074],
                      [0.1416368, 0.357037],
                      [0.1697437, 0.357037],
                      [0.1702948, 0.3533333],
                      [0.173326, 0.3533333],
                      [0.173326, 0.3437037],
                      [0.1705704, 0.342963],
                      [0.1702948, 0.3466667],
                      [0.1697437, 0.3444444],
                      [0.1468724, 0.3444444],
                      [0.1463213, 0.342963],
                      [0.1460457, 0.2985185],
                      [0.1465969, 0.297037],
                      [0.1694682, 0.297037],
                      [0.1697437, 0.2977778],
                      [0.1716803, 0.2977778],
                      [0.1716803, 0.3014815]
                    ]
                  ],
                  [
                    [
                      [0.2190686, 0.3251852],
                      [0.2185175, 0.3222222],
                      [0.2152108, 0.3222222],
                      [0.2149352, 0.3244444],
                      [0.2143841, 0.3222222],
                      [0.2094241, 0.3222222],
                      [0.208873, 0.3251852],
                      [0.2069441, 0.3244444],
                      [0.2069441, 0.3333333],
                      [0.2204464, 0.3333333],
                      [0.2204464, 0.3251852]
                    ]
                  ],
                  [
                    [
                      [0.2080463, 0.4459259],
                      [0.2204464, 0.4459259],
                      [0.2204464, 0.4392593],
                      [0.2132819, 0.44],
                      [0.2085974, 0.4385185],
                      [0.2077707, 0.4407407]
                    ]
                  ],
                  [
                    [
                      [0.2196197, 0.5637037],
                      [0.2196197, 0.5562963],
                      [0.2091485, 0.5562963],
                      [0.2080463, 0.5577778],
                      [0.2080463, 0.5637037],
                      [0.2085974, 0.5644444]
                    ]
                  ],
                  [
                    [
                      [0.2204464, 0.6740741],
                      [0.2198953, 0.6733333],
                      [0.2083219, 0.6733333],
                      [0.2077707, 0.6762963],
                      [0.2080463, 0.6814815],
                      [0.2204464, 0.6814815]
                    ]
                  ],
                  [
                    [
                      [0.2198953, 0.7911111],
                      [0.2083219, 0.7911111],
                      [0.2077707, 0.7940741],
                      [0.2080463, 0.7992593],
                      [0.2196197, 0.8],
                      [0.2196197, 0.7977778],
                      [0.2204464, 0.7962963],
                      [0.2204464, 0.7918519]
                    ]
                  ],
                  [
                    [
                      [0.2204464, 0.9140741],
                      [0.2204464, 0.9074074],
                      [0.2094241, 0.9074074],
                      [0.2083219, 0.9088889],
                      [0.2083219, 0.9140741],
                      [0.2091485, 0.9148148]
                    ]
                  ],
                  [
                    [
                      [0.5042711, 0.0851852],
                      [0.5048223, 0.0866667],
                      [0.5172224, 0.0866667],
                      [0.5172224, 0.0725926],
                      [0.5056489, 0.0725926],
                      [0.5045467, 0.0733333],
                      [0.5039956, 0.077037]
                    ]
                  ],
                  [
                    [
                      [0.5717829, 0.0725926],
                      [0.5591072, 0.0725926],
                      [0.5593828, 0.0866667],
                      [0.5720584, 0.0859259],
                      [0.572334, 0.077037]
                    ]
                  ],
                  [
                    [
                      [0.5172224, 0.2111111],
                      [0.5172224, 0.1977778],
                      [0.50372, 0.1985185],
                      [0.50372, 0.2111111]
                    ]
                  ],
                  [
                    [
                      [0.2664646, 0.3296296],
                      [0.2672913, 0.3311111],
                      [0.2672913, 0.3333333],
                      [0.2774869, 0.3333333],
                      [0.2785891, 0.3318519],
                      [0.2785891, 0.3259259],
                      [0.2772114, 0.3251852],
                      [0.2766602, 0.3222222],
                      [0.2725269, 0.3222222],
                      [0.2719758, 0.3251852],
                      [0.2714246, 0.3222222],
                      [0.2678424, 0.3222222],
                      [0.2672913, 0.3251852],
                      [0.2664646, 0.3251852]
                    ]
                  ],
                  [
                    [
                      [0.5172224, 0.3340741],
                      [0.5111601, 0.3340741],
                      [0.5108845, 0.3681481],
                      [0.5174979, 0.3681481]
                    ]
                  ],
                  [
                    [
                      [0.5657206, 0.3340741],
                      [0.5591072, 0.3340741],
                      [0.5591072, 0.3681481],
                      [0.5657206, 0.3681481]
                    ]
                  ],
                  [
                    [
                      [0.2785891, 0.4407407],
                      [0.2761091, 0.4385185],
                      [0.266189, 0.44],
                      [0.266189, 0.4459259],
                      [0.2785891, 0.4459259]
                    ]
                  ],
                  [
                    [
                      [0.9935244, 0.3705556],
                      [0.9936928, 0.3689712],
                      [0.9939377, 0.3666667],
                      [0.9958273, 0.364381],
                      [0.9963871, 0.3637037],
                      [0.9974509, 0.3624169],
                      [0.9977168, 0.3620952],
                      [0.9988365, 0.3607407],
                      [0.9994489, 0.36],
                      [0.9994489, 0.3548148],
                      [0.9988019, 0.3514654],
                      [0.9975232, 0.3448453],
                      [0.9962141, 0.3380676],
                      [0.9944888, 0.3291358],
                      [0.9920088, 0.3162963],
                      [0.9870488, 0.3222222],
                      [0.9864058, 0.3222222],
                      [0.9847787, 0.3222222],
                      [0.9845688, 0.3222222],
                      [0.9768531, 0.2925926],
                      [0.9665656, 0.2649383],
                      [0.9650041, 0.2607407],
                      [0.9643538, 0.2596077],
                      [0.950124, 0.2348148],
                      [0.9385506, 0.22],
                      [0.9350936, 0.2171717],
                      [0.9345548, 0.2167309],
                      [0.9331181, 0.2155556],
                      [0.9314522, 0.2141926],
                      [0.930266, 0.2132221],
                      [0.9294965, 0.2125926],
                      [0.9276233, 0.21106],
                      [0.9258749, 0.2096296],
                      [0.9251171, 0.2092593],
                      [0.920823, 0.2071605],
                      [0.9198126, 0.2066667],
                      [0.9175393, 0.2055556],
                      [0.9167815, 0.2051852],
                      [0.9130146, 0.2043941],
                      [0.9086419, 0.2034758],
                      [0.8995559, 0.2015676],
                      [0.8991458, 0.2014815],
                      [0.8988702, 0.0007407],
                      [0.7616423, 0.0007407],
                      [0.7613668, 0.0318519],
                      [0.7608276, 0.0927214],
                      [0.7608157, 0.0940741],
                      [0.759989, 0.0940741],
                      [0.6467346, 0.0940741],
                      [0.6464591, 0.0940741],
                      [0.6464231, 0.0932367],
                      [0.6460637, 0.0848631],
                      [0.6456324, 0.0748148],
                      [0.6161477, 0.0748148],
                      [0.6158721, 0.0844444],
                      [0.6156195, 0.0932716],
                      [0.6155966, 0.0940741],
                      [0.615321, 0.0940741],
                      [0.6087076, 0.0940741],
                      [0.6081565, 0.0940741],
                      [0.6070543, 0.0925926],
                      [0.6070543, 0.0918519],
                      [0.6070543, 0.0022222],
                      [0.6065032, 0.0007407],
                      [0.6062276, 0.0],
                      [0.4695508, 0.0007407],
                      [0.4695508, 0.0785185],
                      [0.4695508, 0.0911111],
                      [0.4687242, 0.0940741],
                      [0.4684658, 0.0940278],
                      [0.4608607, 0.0926649],
                      [0.4604574, 0.0925926],
                      [0.4604574, 0.0918519],
                      [0.4604574, 0.0651852],
                      [0.4604574, 0.062963],
                      [0.4601748, 0.0629566],
                      [0.4273905, 0.0622222],
                      [0.4262882, 0.0651852],
                      [0.4265638, 0.0903704],
                      [0.4262882, 0.0916049],
                      [0.4261505, 0.0922222],
                      [0.4257371, 0.0940741],
                      [0.4254616, 0.0940741],
                      [0.3571232, 0.0940741],
                      [0.3568476, 0.0940741],
                      [0.3568247, 0.0932716],
                      [0.3565721, 0.0844444],
                      [0.3562965, 0.0748148],
                      [0.3383852, 0.0748148],
                      [0.3381097, 0.0812346],
                      [0.3375945, 0.0932367],
                      [0.3375586, 0.0940741],
                      [0.337283, 0.0940741],
                      [0.3182695, 0.0940741],
                      [0.3179939, 0.0940741],
                      [0.3179895, 0.0933214],
                      [0.3177184, 0.0474074],
                      [0.3174428, 0.0007407],
                      [0.0002756, 0.0007407],
                      [0.0, 0.002963],
                      [0.0002756, 0.3933333],
                      [0.168641, 0.3940729],
                      [0.1689171, 0.3940741],
                      [0.1689167, 0.3948139],
                      [0.1686415, 0.997037],
                      [0.1697437, 0.9992593],
                      [0.3171673, 0.9985185],
                      [0.3174428, 0.9631481],
                      [0.3182636, 0.8577936],
                      [0.3182695, 0.857037],
                      [0.3185451, 0.857037],
                      [0.4290438, 0.857037],
                      [0.4293194, 0.857037],
                      [0.4293695, 0.8579125],
                      [0.4300375, 0.8695847],
                      [0.4304216, 0.8762963],
                      [0.4477818, 0.8762963],
                      [0.4480573, 0.8698765],
                      [0.4485562, 0.8582534],
                      [0.4486084, 0.857037],
                      [0.4491595, 0.857037],
                      [0.615321, 0.857037],
                      [0.6155966, 0.857037],
                      [0.6156195, 0.8578395],
                      [0.6158721, 0.8666667],
                      [0.6161477, 0.8762963],
                      [0.6475613, 0.8762963],
                      [0.6478369, 0.8585185],
                      [0.6489391, 0.857037],
                      [0.721962, 0.857037],
                      [0.7222375, 0.857037],
                      [0.7222495, 0.85781],
                      [0.7225131, 0.8748148],
                      [0.7227729, 0.8752804],
                      [0.7233398, 0.8762963],
                      [0.7492422, 0.8762963],
                      [0.7495178, 0.8585185],
                      [0.75062, 0.857037],
                      [0.7511687, 0.8570338],
                      [0.9997244, 0.8555556],
                      [0.9997244, 0.4577778],
                      [0.9977955, 0.4081481],
                      [0.9976795, 0.4069396],
                      [0.9964929, 0.3945791],
                      [0.9961226, 0.3907217],
                      [0.9959745, 0.3891787],
                      [0.9955911, 0.3851852],
                      [0.9933866, 0.3718519]
                    ],
                    [
                      [0.1713971, 0.5296296],
                      [0.1713971, 0.4111111],
                      [0.1711215, 0.4037037],
                      [0.1711171, 0.4037037],
                      [0.1711185, 0.4007407],
                      [0.1711215, 0.4007407],
                      [0.1711215, 0.3962963],
                      [0.1722238, 0.3918519],
                      [0.1755304, 0.3903704],
                      [0.1755304, 0.3814815],
                      [0.1736015, 0.3785185],
                      [0.1691926, 0.3785185],
                      [0.1683659, 0.382963],
                      [0.1493524, 0.382963],
                      [0.1488013, 0.3814815],
                      [0.1488013, 0.3785185],
                      [0.1408101, 0.3785185],
                      [0.1399835, 0.382963],
                      [0.0931386, 0.382963],
                      [0.0925875, 0.3814815],
                      [0.0925875, 0.3785185],
                      [0.0848719, 0.3785185],
                      [0.0840452, 0.382963],
                      [0.0369248, 0.382963],
                      [0.0360981, 0.3785185],
                      [0.0283825, 0.3785185],
                      [0.0283825, 0.3814815],
                      [0.0278314, 0.382963],
                      [0.0088179, 0.382963],
                      [0.0079912, 0.3785185],
                      [0.0046845, 0.3785185],
                      [0.0038578, 0.3748148],
                      [0.0038578, 0.2585185],
                      [0.0041334, 0.2466667],
                      [0.0060623, 0.2444444],
                      [0.0057867, 0.2244444],
                      [0.0046845, 0.2237037],
                      [0.0038578, 0.22],
                      [0.0038578, 0.1281481],
                      [0.0044089, 0.0977778],
                      [0.0038578, 0.0940741],
                      [0.0038578, 0.0607407],
                      [0.0027556, 0.0607407],
                      [0.0027556, 0.0103704],
                      [0.0046845, 0.0103704],
                      [0.0294847, 0.0103704],
                      [0.0303114, 0.0103704],
                      [0.0303114, 0.0607407],
                      [0.0300358, 0.0607407],
                      [0.0300358, 0.1177778],
                      [0.0344448, 0.1177778],
                      [0.0344448, 0.0125926],
                      [0.0352714, 0.0103704],
                      [0.0793607, 0.0111111],
                      [0.0832185, 0.0096296],
                      [0.0845963, 0.0125926],
                      [0.0845963, 0.0155556],
                      [0.0925875, 0.0155556],
                      [0.0925875, 0.0125926],
                      [0.0945164, 0.0096296],
                      [0.0994764, 0.0111111],
                      [0.1397079, 0.0103704],
                      [0.1408101, 0.0155556],
                      [0.1488013, 0.0155556],
                      [0.1488013, 0.0118519],
                      [0.1493524, 0.0103704],
                      [0.1675393, 0.0103704],
                      [0.1680904, 0.0118519],
                      [0.1680904, 0.0244444],
                      [0.1686415, 0.0259259],
                      [0.1719482, 0.0259259],
                      [0.1724993, 0.0244444],
                      [0.1724993, 0.0118519],
                      [0.1730504, 0.0103704],
                      [0.1997796, 0.0103704],
                      [0.2003307, 0.0118519],
                      [0.201984, 0.0118519],
                      [0.2025351, 0.0103704],
                      [0.2287131, 0.0103704],
                      [0.2295398, 0.0125926],
                      [0.2295398, 0.1014815],
                      [0.2300909, 0.1037037],
                      [0.2333976, 0.102963],
                      [0.2336732, 0.1014815],
                      [0.2336732, 0.0125926],
                      [0.2344999, 0.0103704],
                      [0.2526867, 0.0103704],
                      [0.2535134, 0.0155556],
                      [0.2562689, 0.0155556],
                      [0.2568201, 0.0185185],
                      [0.258749, 0.0185185],
                      [0.2593001, 0.0155556],
                      [0.2615045, 0.0155556],
                      [0.2615045, 0.0125926],
                      [0.2623312, 0.0103704],
                      [0.308625, 0.0096296],
                      [0.3094516, 0.0118519],
                      [0.3094516, 0.0155556],
                      [0.3133095, 0.0155556],
                      [0.3138606, 0.017037],
                      [0.3138606, 0.082963],
                      [0.3155139, 0.0903704],
                      [0.3146872, 0.0985185],
                      [0.3146872, 0.197037],
                      [0.3138606, 0.1985185],
                      [0.3138606, 0.2111111],
                      [0.3196473, 0.2111111],
                      [0.3196473, 0.1037037],
                      [0.320474, 0.1014815],
                      [0.3414164, 0.1014815],
                      [0.3414164, 0.0962963],
                      [0.3408653, 0.0933333],
                      [0.3411408, 0.0844444],
                      [0.342243, 0.0822222],
                      [0.3527142, 0.082963],
                      [0.3535409, 0.0851852],
                      [0.3532654, 0.1014815],
                      [0.3664921, 0.1014815],
                      [0.3670433, 0.102963],
                      [0.3670433, 0.2111111],
                      [0.3700744, 0.2111111],
                      [0.3700744, 0.102963],
                      [0.3706255, 0.1014815],
                      [0.4166437, 0.1014815],
                      [0.4171948, 0.102963],
                      [0.4171948, 0.2111111],
                      [0.4199504, 0.2111111],
                      [0.420226, 0.102963],
                      [0.4207771, 0.1014815],
                      [0.4295949, 0.1014815],
                      [0.4293194, 0.0718519],
                      [0.4298705, 0.0703704],
                      [0.4414439, 0.0703704],
                      [0.441995, 0.0718519],
                      [0.441995, 0.1014815],
                      [0.4441995, 0.1014815],
                      [0.4441995, 0.0718519],
                      [0.4447506, 0.0703704],
                      [0.4568752, 0.0703704],
                      [0.4574263, 0.0718519],
                      [0.4571507, 0.1014815],
                      [0.4665197, 0.1014815],
                      [0.4673464, 0.1037037],
                      [0.4673464, 0.2111111],
                      [0.4816754, 0.2111111],
                      [0.4816754, 0.1977778],
                      [0.4747864, 0.1977778],
                      [0.4742353, 0.1962963],
                      [0.4742353, 0.177037],
                      [0.4728575, 0.177037],
                      [0.4720309, 0.1748148],
                      [0.4720309, 0.1088889],
                      [0.4742353, 0.1066667],
                      [0.4742353, 0.0881481],
                      [0.4747864, 0.0866667],
                      [0.4816754, 0.0866667],
                      [0.481951, 0.0822222],
                      [0.4816754, 0.0725926],
                      [0.4728575, 0.0725926],
                      [0.4723064, 0.0711111],
                      [0.4723064, 0.037037],
                      [0.4742353, 0.0340741],
                      [0.4742353, 0.0155556],
                      [0.4747864, 0.0140741],
                      [0.4813998, 0.0140741],
                      [0.4822265, 0.0081481],
                      [0.50372, 0.0081481],
                      [0.5042711, 0.0096296],
                      [0.5042711, 0.0133333],
                      [0.5048223, 0.0140741],
                      [0.5172224, 0.0140741],
                      [0.5172224, 0.0103704],
                      [0.518049, 0.0081481],
                      [0.5585561, 0.0081481],
                      [0.5591072, 0.0096296],
                      [0.5591072, 0.0133333],
                      [0.5607605, 0.0140741],
                      [0.5717829, 0.0140741],
                      [0.5726095, 0.0081481],
                      [0.5935519, 0.0081481],
                      [0.5943786, 0.0140741],
                      [0.6015431, 0.0140741],
                      [0.6020942, 0.0155556],
                      [0.6020942, 0.0348148],
                      [0.6031965, 0.0348148],
                      [0.6037476, 0.0362963],
                      [0.6037476, 0.0711111],
                      [0.6031965, 0.0725926],
                      [0.5943786, 0.0733333],
                      [0.5938275, 0.0814815],
                      [0.5943786, 0.0859259],
                      [0.6015431, 0.0866667],
                      [0.6020942, 0.0881481],
                      [0.6020942, 0.1066667],
                      [0.6042987, 0.1088889],
                      [0.6042987, 0.1748148],
                      [0.603472, 0.177037],
                      [0.6020942, 0.177037],
                      [0.6020942, 0.1962963],
                      [0.6015431, 0.1977778],
                      [0.5943786, 0.1977778],
                      [0.5941031, 0.2111111],
                      [0.6092587, 0.2111111],
                      [0.6092587, 0.102963],
                      [0.6098099, 0.1014815],
                      [0.6191788, 0.1014815],
                      [0.6189033, 0.0844444],
                      [0.6200055, 0.0822222],
                      [0.6302012, 0.082963],
                      [0.6307523, 0.0844444],
                      [0.6307523, 0.1014815],
                      [0.6332323, 0.1014815],
                      [0.6329567, 0.0851852],
                      [0.6337834, 0.082963],
                      [0.6423257, 0.082963],
                      [0.6428768, 0.0844444],
                      [0.6426013, 0.1014815],
                      [0.6494902, 0.1014815],
                      [0.6503169, 0.1037037],
                      [0.6500413, 0.2111111],
                      [0.6541747, 0.2111111],
                      [0.6541747, 0.2066667],
                      [0.6527969, 0.2037037],
                      [0.6527969, 0.102963],
                      [0.653348, 0.1014815],
                      [0.6723615, 0.1014815],
                      [0.6731882, 0.1044444],
                      [0.6748416, 0.1044444],
                      [0.6753927, 0.1014815],
                      [0.6935795, 0.1014815],
                      [0.6944062, 0.1037037],
                      [0.6941306, 0.2111111],
                      [0.6971618, 0.2111111],
                      [0.6971618, 0.1037037],
                      [0.6979884, 0.1014815],
                      [0.7357399, 0.1014815],
                      [0.736291, 0.102963],
                      [0.736291, 0.1281481],
                      [0.7368421, 0.1296296],
                      [0.7390466, 0.1296296],
                      [0.7390466, 0.102963],
                      [0.7395977, 0.1014815],
                      [0.7588867, 0.1014815],
                      [0.7594379, 0.102963],
                      [0.7594379, 0.2111111],
                      [0.774318, 0.2111111],
                      [0.7740424, 0.1977778],
                      [0.7668779, 0.1977778],
                      [0.7663268, 0.1962963],
                      [0.7663268, 0.177037],
                      [0.764949, 0.177037],
                      [0.7641223, 0.1748148],
                      [0.7641223, 0.1088889],
                      [0.7663268, 0.1066667],
                      [0.7663268, 0.0881481],
                      [0.7668779, 0.0866667],
                      [0.7740424, 0.0859259],
                      [0.7745936, 0.0814815],
                      [0.774318, 0.0733333],
                      [0.7652246, 0.0725926],
                      [0.7643979, 0.0703704],
                      [0.7643979, 0.037037],
                      [0.7663268, 0.0340741],
                      [0.7663268, 0.0162963],
                      [0.7671535, 0.0140741],
                      [0.7737669, 0.0140741],
                      [0.7748691, 0.0081481],
                      [0.7958115, 0.0081481],
                      [0.7963626, 0.0096296],
                      [0.7963626, 0.0133333],
                      [0.7969138, 0.0140741],
                      [0.8090383, 0.0140741],
                      [0.8090383, 0.0096296],
                      [0.8095894, 0.0081481],
                      [0.850372, 0.0081481],
                      [0.8511987, 0.0140741],
                      [0.8638743, 0.0140741],
                      [0.8638743, 0.0096296],
                      [0.8644255, 0.0081481],
                      [0.8856434, 0.0081481],
                      [0.8867457, 0.0140741],
                      [0.8936346, 0.0140741],
                      [0.8941857, 0.0155556],
                      [0.8941857, 0.0348148],
                      [0.895288, 0.0348148],
                      [0.8961146, 0.0377778],
                      [0.8961146, 0.0703704],
                      [0.8947368, 0.0733333],
                      [0.8861945, 0.0733333],
                      [0.885919, 0.0814815],
                      [0.8864701, 0.0859259],
                      [0.8936346, 0.0866667],
                      [0.8941857, 0.0881481],
                      [0.8941857, 0.1066667],
                      [0.8955635, 0.1074074],
                      [0.8963902, 0.1103704],
                      [0.8961146, 0.1740741],
                      [0.895288, 0.177037],
                      [0.8941857, 0.177037],
                      [0.8941857, 0.1962963],
                      [0.8936346, 0.1977778],
                      [0.8864701, 0.1977778],
                      [0.885919, 0.2111111],
                      [0.9104436, 0.2111111],
                      [0.912097, 0.2133333],
                      [0.9112703, 0.2140741],
                      [0.9107192, 0.2333333],
                      [0.9129237, 0.2333333],
                      [0.9131992, 0.2140741],
                      [0.9140259, 0.2125926],
                      [0.9228438, 0.2155556],
                      [0.9233949, 0.217037],
                      [0.9272527, 0.2185185],
                      [0.9297327, 0.2214815],
                      [0.9313861, 0.2214815],
                      [0.9330394, 0.2244444],
                      [0.9355194, 0.2259259],
                      [0.9388261, 0.2303704],
                      [0.9399284, 0.2303704],
                      [0.9542574, 0.2511111],
                      [0.9614219, 0.2644444],
                      [0.9658308, 0.2748148],
                      [0.9768531, 0.3059259],
                      [0.9818132, 0.3251852],
                      [0.9820887, 0.3296296],
                      [0.9837421, 0.3340741],
                      [0.9853954, 0.3340741],
                      [0.9900799, 0.3266667],
                      [0.9911821, 0.3296296],
                      [0.9922844, 0.3377778],
                      [0.9955911, 0.3533333],
                      [0.9953155, 0.3562963],
                      [0.9911821, 0.3622222],
                      [0.9898044, 0.3622222],
                      [0.9898044, 0.3681481],
                      [0.9933866, 0.3918519],
                      [0.9939377, 0.402963],
                      [0.99504, 0.4103704],
                      [0.99504, 0.4162963],
                      [0.9961422, 0.4274074],
                      [0.9961422, 0.4385185],
                      [0.9966933, 0.4407407],
                      [0.9966933, 0.8481481],
                      [0.9961422, 0.8496296],
                      [0.9515018, 0.8496296],
                      [0.9509507, 0.8481481],
                      [0.9509507, 0.7355556],
                      [0.9481951, 0.7355556],
                      [0.9481951, 0.8481481],
                      [0.947644, 0.8496296],
                      [0.9019014, 0.8496296],
                      [0.9013502, 0.8481481],
                      [0.9013502, 0.7355556],
                      [0.8941857, 0.7355556],
                      [0.8941857, 0.7607407],
                      [0.8955635, 0.7607407],
                      [0.8963902, 0.762963],
                      [0.8963902, 0.7896296],
                      [0.8955635, 0.7918519],
                      [0.8941857, 0.7925926],
                      [0.8941857, 0.817037],
                      [0.8963902, 0.82],
                      [0.8963902, 0.8481481],
                      [0.8958391, 0.8496296],
                      [0.8567098, 0.8496296],
                      [0.8561587, 0.8481481],
                      [0.8561587, 0.7355556],
                      [0.8509231, 0.7355556],
                      [0.8509231, 0.8481481],
                      [0.850372, 0.8496296],
                      [0.8095894, 0.8496296],
                      [0.8090383, 0.8481481],
                      [0.8093139, 0.7355556],
                      [0.8040783, 0.7355556],
                      [0.8040783, 0.8481481],
                      [0.8035271, 0.8496296],
                      [0.7646735, 0.8496296],
                      [0.7641223, 0.8481481],
                      [0.7641223, 0.82],
                      [0.7652246, 0.8177778],
                      [0.7663268, 0.8177778],
                      [0.7666024, 0.7977778],
                      [0.7663268, 0.7918519],
                      [0.7646735, 0.7918519],
                      [0.7641223, 0.7903704],
                      [0.7641223, 0.762963],
                      [0.764949, 0.7607407],
                      [0.7663268, 0.7607407],
                      [0.7663268, 0.7355556],
                      [0.7594379, 0.7355556],
                      [0.7594379, 0.8481481],
                      [0.7588867, 0.8496296],
                      [0.7464866, 0.8496296],
                      [0.7462111, 0.8548148],
                      [0.7467622, 0.8562963],
                      [0.7467622, 0.8659259],
                      [0.7459355, 0.8681481],
                      [0.7354643, 0.8688889],
                      [0.7343621, 0.8644444],
                      [0.7343621, 0.8577778],
                      [0.7349132, 0.8548148],
                      [0.7346376, 0.8496296],
                      [0.7321576, 0.8496296],
                      [0.7321576, 0.8659259],
                      [0.7316065, 0.8681481],
                      [0.7263709, 0.8681481],
                      [0.7255442, 0.8644444],
                      [0.7258198, 0.8496296],
                      [0.7200331, 0.8496296],
                      [0.7192064, 0.8466667],
                      [0.7192064, 0.82],
                      [0.7164508, 0.82],
                      [0.7164508, 0.8481481],
                      [0.7158997, 0.8496296],
                      [0.6977129, 0.8496296],
                      [0.6971618, 0.8481481],
                      [0.6971618, 0.7355556],
                      [0.6944062, 0.7355556],
                      [0.6944062, 0.8481481],
                      [0.6938551, 0.8496296],
                      [0.653348, 0.8496296],
                      [0.6527969, 0.8481481],
                      [0.6527969, 0.7355556],
                      [0.6503169, 0.7355556],
                      [0.6503169, 0.8481481],
                      [0.6497658, 0.8496296],
                      [0.6445302, 0.8503704],
                      [0.6445302, 0.8548148],
                      [0.6450813, 0.8562963],
                      [0.6450813, 0.8659259],
                      [0.6442546, 0.8681481],
                      [0.639019, 0.8681481],
                      [0.6381923, 0.8659259],
                      [0.6381923, 0.8496296],
                      [0.6357123, 0.8503704],
                      [0.6359879, 0.8659259],
                      [0.6351612, 0.8681481],
                      [0.61973, 0.8681481],
                      [0.6189033, 0.8659259],
                      [0.6189033, 0.8496296],
                      [0.6098099, 0.8496296],
                      [0.6092587, 0.8481481],
                      [0.6092587, 0.7355556],
                      [0.6020942, 0.7355556],
                      [0.6020942, 0.7607407],
                      [0.6031965, 0.7607407],
                      [0.6042987, 0.762963],
                      [0.6042987, 0.7903704],
                      [0.6020942, 0.7925926],
                      [0.6020942, 0.8177778],
                      [0.6031965, 0.8177778],
                      [0.6042987, 0.82],
                      [0.6042987, 0.8481481],
                      [0.6037476, 0.8496296],
                      [0.5646184, 0.8496296],
                      [0.5640672, 0.8481481],
                      [0.5640672, 0.7355556],
                      [0.5591072, 0.7355556],
                      [0.5591072, 0.8481481],
                      [0.5585561, 0.8496296],
                      [0.5177735, 0.8496296],
                      [0.5172224, 0.8481481],
                      [0.5172224, 0.7355556],
                      [0.5122623, 0.7355556],
                      [0.5122623, 0.8481481],
                      [0.5117112, 0.8496296],
                      [0.472582, 0.8496296],
                      [0.4720309, 0.8481481],
                      [0.4720309, 0.82],
                      [0.4731331, 0.8177778],
                      [0.4742353, 0.8177778],
                      [0.4742353, 0.7918519],
                      [0.472582, 0.7918519],
                      [0.4720309, 0.7903704],
                      [0.4720309, 0.762963],
                      [0.4731331, 0.7607407],
                      [0.4742353, 0.7607407],
                      [0.4742353, 0.7355556],
                      [0.4709286, 0.7355556],
                      [0.4698264, 0.7325926],
                      [0.4698264, 0.7296296],
                      [0.4530174, 0.7296296],
                      [0.4530174, 0.7362963],
                      [0.4665197, 0.737037],
                      [0.4673464, 0.74],
                      [0.4673464, 0.8481481],
                      [0.4667953, 0.8496296],
                      [0.4453017, 0.8496296],
                      [0.4453017, 0.8659259],
                      [0.4444751, 0.8681481],
                      [0.4337283, 0.8681481],
                      [0.4331772, 0.8666667],
                      [0.4331772, 0.8496296],
                      [0.3201984, 0.8496296],
                      [0.3196473, 0.8481481],
                      [0.3196473, 0.7385185],
                      [0.3201984, 0.737037],
                      [0.3337007, 0.7362963],
                      [0.3337007, 0.7296296],
                      [0.3201984, 0.7288889],
                      [0.3196473, 0.7274074],
                      [0.3196473, 0.7111111],
                      [0.320474, 0.7088889],
                      [0.3714522, 0.7096296],
                      [0.3714522, 0.7014815],
                      [0.320474, 0.7014815],
                      [0.3196473, 0.6992593],
                      [0.3196473, 0.5881481],
                      [0.320474, 0.5859259],
                      [0.3714522, 0.5859259],
                      [0.3714522, 0.5785185],
                      [0.3201984, 0.5785185],
                      [0.3196473, 0.577037],
                      [0.3196473, 0.4659259],
                      [0.320474, 0.4637037],
                      [0.3714522, 0.4637037],
                      [0.3714522, 0.457037],
                      [0.3207495, 0.457037],
                      [0.3196473, 0.4540741],
                      [0.3196473, 0.402963],
                      [0.3201984, 0.4014815],
                      [0.3201984, 0.397037],
                      [0.3196473, 0.3955556],
                      [0.3196473, 0.3437037],
                      [0.320474, 0.3414815],
                      [0.3714522, 0.3414815],
                      [0.3714522, 0.3340741],
                      [0.3185451, 0.3340741],
                      [0.3177184, 0.3318519],
                      [0.3174428, 0.322963],
                      [0.3157895, 0.322963],
                      [0.3152384, 0.3251852],
                      [0.3146872, 0.3362963],
                      [0.3146872, 0.3637037],
                      [0.3152384, 0.3651852],
                      [0.3146872, 0.3777778],
                      [0.3138606, 0.3807407],
                      [0.3127583, 0.3822222],
                      [0.3108294, 0.3822222],
                      [0.3105539, 0.3903704],
                      [0.3144117, 0.3918519],
                      [0.3149628, 0.4088889],
                      [0.3146872, 0.5281481],
                      [0.3138606, 0.5303704],
                      [0.3127583, 0.5303704],
                      [0.311105, 0.5333333],
                      [0.3108294, 0.5414815],
                      [0.3141361, 0.542963],
                      [0.3149628, 0.5474074],
                      [0.3146872, 0.6718519],
                      [0.3155139, 0.6733333],
                      [0.3146872, 0.6807407],
                      [0.3138606, 0.682963],
                      [0.3116561, 0.6844444],
                      [0.3108294, 0.6874074],
                      [0.3108294, 0.6940741],
                      [0.3130339, 0.6940741],
                      [0.3146872, 0.697037],
                      [0.3149628, 0.8296296],
                      [0.3138606, 0.8340741],
                      [0.3105539, 0.8355556],
                      [0.3105539, 0.842963],
                      [0.3113805, 0.8444444],
                      [0.3141361, 0.8451852],
                      [0.3149628, 0.8496296],
                      [0.3146872, 0.9088889],
                      [0.3155139, 0.9103704],
                      [0.3144117, 0.9125926],
                      [0.2670157, 0.9133333],
                      [0.2672913, 0.9207407],
                      [0.2758336, 0.9207407],
                      [0.2766602, 0.9222222],
                      [0.2785891, 0.9222222],
                      [0.2791403, 0.9207407],
                      [0.3133095, 0.9207407],
                      [0.3138606, 0.9222222],
                      [0.3138606, 0.9859259],
                      [0.3127583, 0.9888889],
                      [0.3064205, 0.9888889],
                      [0.3058694, 0.9874074],
                      [0.3028382, 0.9888889],
                      [0.2920915, 0.9888889],
                      [0.289887, 0.9874074],
                      [0.2865803, 0.9888889],
                      [0.2689446, 0.9888889],
                      [0.2681179, 0.9866667],
                      [0.2664646, 0.9866667],
                      [0.2656379, 0.9888889],
                      [0.2584734, 0.9888889],
                      [0.2579223, 0.9874074],
                      [0.2559934, 0.9874074],
                      [0.2554423, 0.9888889],
                      [0.2342243, 0.9888889],
                      [0.2331221, 0.9859259],
                      [0.2328465, 0.982963],
                      [0.2254064, 0.982963],
                      [0.2243042, 0.9888889],
                      [0.2209975, 0.9888889],
                      [0.2204464, 0.9911111],
                      [0.2190686, 0.9918519],
                      [0.1791127, 0.9918519],
                      [0.1763571, 0.9903704],
                      [0.1752549, 0.9874074],
                      [0.1724993, 0.9851852],
                      [0.1716726, 0.982963],
                      [0.1711215, 0.8525926],
                      [0.1716726, 0.8466667],
                      [0.1724993, 0.8444444],
                      [0.1747038, 0.8444444],
                      [0.1755304, 0.842963],
                      [0.1755304, 0.8355556],
                      [0.1727749, 0.8348148],
                      [0.1711215, 0.8303704],
                      [0.1713971, 0.697037],
                      [0.1727749, 0.6940741],
                      [0.1755304, 0.6933333],
                      [0.1752549, 0.6844444],
                      [0.1722238, 0.6837037],
                      [0.1716726, 0.6822222],
                      [0.1709932, 0.6749163],
                      [0.1709941, 0.6729352],
                      [0.1713971, 0.6718519],
                      [0.1711215, 0.5503704],
                      [0.1722238, 0.542963],
                      [0.1755304, 0.5414815],
                      [0.1755304, 0.5318519],
                      [0.1722238, 0.5318519]
                    ]
                  ],
                  [
                    [
                      [0.4971066, 0.4822222],
                      [0.4976578, 0.4837037],
                      [0.4976578, 0.497037],
                      [0.4971066, 0.4985185],
                      [0.4971066, 0.502963],
                      [0.5100579, 0.502963],
                      [0.5108845, 0.5066667],
                      [0.5108845, 0.517037],
                      [0.5139157, 0.5177778],
                      [0.5144668, 0.5192593],
                      [0.5144668, 0.5837037],
                      [0.5139157, 0.5851852],
                      [0.5108845, 0.5859259],
                      [0.5108845, 0.62],
                      [0.5268669, 0.62],
                      [0.5276936, 0.6177778],
                      [0.5276936, 0.6163169],
                      [0.5246624, 0.6163169],
                      [0.5246624, 0.6088682],
                      [0.5276936, 0.6088682],
                      [0.5276936, 0.6081481],
                      [0.5268669, 0.6066667],
                      [0.5183246, 0.6066667],
                      [0.5172224, 0.6037037],
                      [0.5172224, 0.5051852],
                      [0.518049, 0.502963],
                      [0.522458, 0.502963],
                      [0.522458, 0.4851852],
                      [0.519978, 0.4851852],
                      [0.519978, 0.4911111],
                      [0.5194268, 0.4925926],
                      [0.5023422, 0.4925926],
                      [0.5017911, 0.4911111],
                      [0.5017911, 0.462963],
                      [0.5023422, 0.4614815],
                      [0.5194268, 0.4614815],
                      [0.519978, 0.462963],
                      [0.522458, 0.462963],
                      [0.5221824, 0.4511111],
                      [0.5177735, 0.4511111],
                      [0.5172224, 0.4496296],
                      [0.5172224, 0.4451852],
                      [0.518049, 0.4422222],
                      [0.5582805, 0.4422222],
                      [0.5591072, 0.4444444],
                      [0.5591072, 0.5562963],
                      [0.5585561, 0.5577778],
                      [0.5370626, 0.5577778],
                      [0.5362359, 0.5555556],
                      [0.53639, 0.5311111],
                      [0.5345825, 0.5311111],
                      [0.5345825, 0.5103704],
                      [0.5337559, 0.5103704],
                      [0.5334803, 0.5644444],
                      [0.5618628, 0.5651852],
                      [0.5618628, 0.52],
                      [0.5626894, 0.5177778],
                      [0.5720584, 0.517037],
                      [0.5720584, 0.5044444],
                      [0.5626894, 0.5044444],
                      [0.5621383, 0.502963],
                      [0.5618628, 0.4896296],
                      [0.562965, 0.4866667],
                      [0.5657206, 0.4866667],
                      [0.5657206, 0.4740741],
                      [0.5624139, 0.4733333],
                      [0.5618628, 0.4718519],
                      [0.5621383, 0.4437037],
                      [0.5626894, 0.4422222],
                      [0.5720584, 0.4422222],
                      [0.5720584, 0.4303704],
                      [0.5615872, 0.4288889],
                      [0.5607605, 0.4303704],
                      [0.5591072, 0.4303704],
                      [0.5591072, 0.4333333],
                      [0.5585561, 0.4348148],
                      [0.518049, 0.4348148],
                      [0.5172224, 0.4303704],
                      [0.5108845, 0.4303704],
                      [0.5108845, 0.4496296],
                      [0.5103334, 0.4511111],
                      [0.4982089, 0.4511111],
                      [0.4976578, 0.4540741],
                      [0.4976578, 0.4703704],
                      [0.4971066, 0.4718519],
                      [0.4747864, 0.4718519],
                      [0.4742353, 0.4703704],
                      [0.4742353, 0.4607407],
                      [0.4720309, 0.4585185],
                      [0.4720309, 0.3696296],
                      [0.472582, 0.3681481],
                      [0.4742353, 0.3681481],
                      [0.4742353, 0.3340741],
                      [0.415817, 0.3340741],
                      [0.415817, 0.3414815],
                      [0.4667953, 0.3414815],
                      [0.4673464, 0.342963],
                      [0.4673464, 0.4533333],
                      [0.4665197, 0.4562963],
                      [0.4155415, 0.457037],
                      [0.4155415, 0.4637037],
                      [0.4662441, 0.4637037],
                      [0.4673464, 0.4666667],
                      [0.4673464, 0.577037],
                      [0.4667953, 0.5785185],
                      [0.415817, 0.5785185],
                      [0.4155415, 0.5859259],
                      [0.4665197, 0.5859259],
                      [0.4673464, 0.5881481],
                      [0.4673464, 0.6985185],
                      [0.4665197, 0.7014815],
                      [0.4155415, 0.7014815],
                      [0.4155415, 0.7074074],
                      [0.4163681, 0.7088889],
                      [0.4698264, 0.7081481],
                      [0.470102, 0.6214815],
                      [0.4706531, 0.62],
                      [0.4742353, 0.62],
                      [0.4742353, 0.5851852],
                      [0.4731331, 0.5851852],
                      [0.4720309, 0.582963],
                      [0.4720309, 0.4955556],
                      [0.472582, 0.4940741],
                      [0.4742353, 0.4940741],
                      [0.4742353, 0.4837037],
                      [0.4747864, 0.4822222]
                    ]
                  ],
                  [
                    [
                      [0.2785891, 0.562963],
                      [0.2785891, 0.5585185],
                      [0.2777625, 0.557037],
                      [0.2670157, 0.557037],
                      [0.2670157, 0.5637037],
                      [0.2772114, 0.5644444]
                    ]
                  ],
                  [
                    [
                      [0.5497382, 0.62],
                      [0.5657206, 0.62],
                      [0.5657206, 0.5859259],
                      [0.5591072, 0.5859259],
                      [0.5591072, 0.6044444],
                      [0.5582805, 0.6066667],
                      [0.5494627, 0.6066667],
                      [0.5491871, 0.6185185]
                    ]
                  ],
                  [
                    [
                      [0.266189, 0.6814815],
                      [0.278038, 0.6814815],
                      [0.2783136, 0.6740741],
                      [0.2758336, 0.6718519],
                      [0.2736291, 0.6718519],
                      [0.2711491, 0.6740741],
                      [0.2672913, 0.6733333],
                      [0.266189, 0.6748148]
                    ]
                  ],
                  [
                    [
                      [0.3697988, 0.7266667],
                      [0.3692477, 0.7296296],
                      [0.3618077, 0.7296296],
                      [0.3618077, 0.7355556],
                      [0.3629099, 0.737037],
                      [0.3714522, 0.737037],
                      [0.3714522, 0.7266667]
                    ]
                  ],
                  [
                    [
                      [0.425186, 0.7296296],
                      [0.4155415, 0.7296296],
                      [0.415817, 0.737037],
                      [0.4240838, 0.737037],
                      [0.425186, 0.7355556]
                    ]
                  ],
                  [
                    [
                      [0.2783136, 0.7985185],
                      [0.2783136, 0.7925926],
                      [0.2772114, 0.7911111],
                      [0.2686691, 0.7911111],
                      [0.2664646, 0.7933333],
                      [0.2664646, 0.7985185]
                    ]
                  ],
                  [
                    [
                      [0.2741802, 0.9244444],
                      [0.2694957, 0.9244444],
                      [0.2689446, 0.9266667],
                      [0.2678424, 0.9266667],
                      [0.2678424, 0.9311111],
                      [0.2744558, 0.9311111]
                    ]
                  ],
                  [
                    [
                      [0.8090383, 0.0725926],
                      [0.7963626, 0.0733333],
                      [0.7963626, 0.0859259],
                      [0.8090383, 0.0866667]
                    ]
                  ],
                  [
                    [
                      [0.8638743, 0.0725926],
                      [0.8509231, 0.0725926],
                      [0.8509231, 0.0866667],
                      [0.8638743, 0.0866667]
                    ]
                  ],
                  [
                    [
                      [0.7373932, 0.1844444],
                      [0.736291, 0.1859259],
                      [0.736291, 0.2111111],
                      [0.7390466, 0.2111111],
                      [0.7390466, 0.1844444]
                    ]
                  ],
                  [
                    [
                      [0.5726095, 0.1977778],
                      [0.5591072, 0.1977778],
                      [0.5593828, 0.2111111],
                      [0.5726095, 0.2111111]
                    ]
                  ],
                  [
                    [
                      [0.795536, 0.2111111],
                      [0.8093139, 0.2111111],
                      [0.8090383, 0.1977778],
                      [0.7958115, 0.1977778]
                    ]
                  ],
                  [
                    [
                      [0.8509231, 0.1977778],
                      [0.8511987, 0.2111111],
                      [0.8649766, 0.2111111],
                      [0.8649766, 0.1992593],
                      [0.8644255, 0.1977778]
                    ]
                  ],
                  [
                    [
                      [0.8090383, 0.3340741],
                      [0.8027005, 0.3340741],
                      [0.8027005, 0.3681481],
                      [0.8090383, 0.3681481]
                    ]
                  ],
                  [
                    [
                      [0.8578121, 0.3340741],
                      [0.8509231, 0.3340741],
                      [0.8509231, 0.3681481],
                      [0.8578121, 0.3681481]
                    ]
                  ],
                  [
                    [
                      [0.6514191, 0.437037],
                      [0.6516947, 0.4422222],
                      [0.6610637, 0.4422222],
                      [0.6610637, 0.4355556],
                      [0.6516947, 0.4355556]
                    ]
                  ],
                  [
                    [
                      [0.7172775, 0.4414815],
                      [0.7172775, 0.437037],
                      [0.7167264, 0.4355556],
                      [0.7070818, 0.4355556],
                      [0.7073574, 0.442963],
                      [0.7164508, 0.442963]
                    ]
                  ],
                  [
                    [
                      [0.6020942, 0.4866667],
                      [0.6031965, 0.4866667],
                      [0.6042987, 0.4896296],
                      [0.6042987, 0.502963],
                      [0.6037476, 0.5044444],
                      [0.5941031, 0.5044444],
                      [0.5943786, 0.5177778],
                      [0.6037476, 0.5177778],
                      [0.6042987, 0.5192593],
                      [0.6042987, 0.582963],
                      [0.6031965, 0.5851852],
                      [0.6020942, 0.5851852],
                      [0.6020942, 0.62],
                      [0.6605125, 0.62],
                      [0.6610637, 0.6192593],
                      [0.6610637, 0.6125926],
                      [0.6098099, 0.6125926],
                      [0.6092587, 0.6111111],
                      [0.6092587, 0.502963],
                      [0.6098099, 0.5014815],
                      [0.6610637, 0.5014815],
                      [0.6610637, 0.4940741],
                      [0.6098099, 0.4940741],
                      [0.6092587, 0.4925926],
                      [0.6092587, 0.4444444],
                      [0.6100854, 0.4422222],
                      [0.6211077, 0.4414815],
                      [0.6208322, 0.4355556],
                      [0.6100854, 0.4355556],
                      [0.6092587, 0.4333333],
                      [0.6092587, 0.3325926],
                      [0.6098099, 0.3311111],
                      [0.6610637, 0.3311111],
                      [0.6610637, 0.3237037],
                      [0.6065032, 0.3237037],
                      [0.6065032, 0.3318519],
                      [0.6056765, 0.3340741],
                      [0.6020942, 0.3340741],
                      [0.6020942, 0.3681481],
                      [0.603472, 0.3681481],
                      [0.6042987, 0.3703704],
                      [0.6042987, 0.4274074],
                      [0.6029209, 0.4303704],
                      [0.5941031, 0.4303704],
                      [0.5941031, 0.4422222],
                      [0.6031965, 0.4422222],
                      [0.6042987, 0.4451852],
                      [0.6042987, 0.4718519],
                      [0.6018187, 0.4748148]
                    ]
                  ],
                  [
                    [
                      [0.7070818, 0.4948148],
                      [0.7070818, 0.5014815],
                      [0.7588867, 0.5014815],
                      [0.7594379, 0.502963],
                      [0.7594379, 0.6111111],
                      [0.7588867, 0.6125926],
                      [0.7070818, 0.6125926],
                      [0.7070818, 0.6185185],
                      [0.7079085, 0.62],
                      [0.7663268, 0.62],
                      [0.7663268, 0.5859259],
                      [0.7655001, 0.5859259],
                      [0.7641223, 0.582963],
                      [0.7641223, 0.5192593],
                      [0.7646735, 0.5177778],
                      [0.774318, 0.517037],
                      [0.774318, 0.5044444],
                      [0.7646735, 0.5044444],
                      [0.7641223, 0.502963],
                      [0.7641223, 0.4888889],
                      [0.7663268, 0.4866667],
                      [0.7663268, 0.4807407],
                      [0.7668779, 0.4792593],
                      [0.7668779, 0.4748148],
                      [0.7641223, 0.4718519],
                      [0.7641223, 0.4444444],
                      [0.7655001, 0.4422222],
                      [0.774318, 0.4422222],
                      [0.774318, 0.4303704],
                      [0.7646735, 0.4296296],
                      [0.7641223, 0.4281481],
                      [0.7641223, 0.3696296],
                      [0.7646735, 0.3681481],
                      [0.7663268, 0.3681481],
                      [0.7663268, 0.3340741],
                      [0.7627446, 0.3340741],
                      [0.7621934, 0.3325926],
                      [0.7621934, 0.3251852],
                      [0.7616423, 0.3237037],
                      [0.7073574, 0.3237037],
                      [0.7070818, 0.3311111],
                      [0.7588867, 0.3311111],
                      [0.7594379, 0.3325926],
                      [0.7594379, 0.4333333],
                      [0.7588867, 0.4348148],
                      [0.7528245, 0.4348148],
                      [0.75062, 0.4362963],
                      [0.75062, 0.4422222],
                      [0.7586112, 0.4422222],
                      [0.7594379, 0.4444444],
                      [0.7594379, 0.4925926],
                      [0.7588867, 0.4940741]
                    ]
                  ],
                  [
                    [
                      [0.8578121, 0.4303704],
                      [0.8514742, 0.4296296],
                      [0.8509231, 0.4303704],
                      [0.8509231, 0.4333333],
                      [0.850372, 0.4348148],
                      [0.809865, 0.4348148],
                      [0.8093139, 0.4333333],
                      [0.8093139, 0.4303704],
                      [0.7963626, 0.4303704],
                      [0.7963626, 0.4422222],
                      [0.8057316, 0.4422222],
                      [0.8065583, 0.4451852],
                      [0.8065583, 0.4703704],
                      [0.8057316, 0.4733333],
                      [0.8027005, 0.4740741],
                      [0.8027005, 0.4874074],
                      [0.8057316, 0.4866667],
                      [0.8062827, 0.4881481],
                      [0.8065583, 0.5014815],
                      [0.8057316, 0.5044444],
                      [0.7969138, 0.5044444],
                      [0.7963626, 0.5059259],
                      [0.7963626, 0.5177778],
                      [0.8057316, 0.5177778],
                      [0.8065583, 0.52],
                      [0.8062827, 0.562963],
                      [0.8068338, 0.5651852],
                      [0.8346652, 0.5651852],
                      [0.8346652, 0.5118519],
                      [0.833563, 0.5096296],
                      [0.8327363, 0.5096296],
                      [0.8327363, 0.5311111],
                      [0.831756, 0.5311111],
                      [0.8319096, 0.5562963],
                      [0.8313585, 0.5577778],
                      [0.809865, 0.5577778],
                      [0.8093139, 0.5562963],
                      [0.8093139, 0.4444444],
                      [0.8101405, 0.4422222],
                      [0.8500964, 0.4422222],
                      [0.8509231, 0.4444444],
                      [0.8509231, 0.4496296],
                      [0.850372, 0.4511111],
                      [0.8459631, 0.4511111],
                      [0.8459631, 0.462963],
                      [0.8487187, 0.462963],
                      [0.8492698, 0.4614815],
                      [0.8660788, 0.4614815],
                      [0.8666299, 0.462963],
                      [0.8666299, 0.4911111],
                      [0.8660788, 0.4925926],
                      [0.8495453, 0.4925926],
                      [0.8487187, 0.4903704],
                      [0.8487187, 0.4851852],
                      [0.8459631, 0.4851852],
                      [0.8459631, 0.502963],
                      [0.8500964, 0.502963],
                      [0.8509231, 0.5051852],
                      [0.8509231, 0.5740741],
                      [0.850372, 0.5755556],
                      [0.8509231, 0.6044444],
                      [0.8500964, 0.6066667],
                      [0.8467897, 0.6066667],
                      [0.8459631, 0.6051852],
                      [0.8415541, 0.6066667],
                      [0.8415541, 0.6096296],
                      [0.8404519, 0.6133333],
                      [0.8404519, 0.6177778],
                      [0.8415541, 0.62],
                      [0.8578121, 0.62],
                      [0.8578121, 0.5851852],
                      [0.8547809, 0.5851852],
                      [0.8539543, 0.582963],
                      [0.8539543, 0.5192593],
                      [0.8545054, 0.5177778],
                      [0.8578121, 0.517037],
                      [0.8578121, 0.5051852],
                      [0.8583632, 0.5037037],
                      [0.8710389, 0.502963],
                      [0.8707633, 0.4837037],
                      [0.8713144, 0.4822222],
                      [0.8936346, 0.4822222],
                      [0.8941857, 0.4837037],
                      [0.8941857, 0.4940741],
                      [0.8958391, 0.4940741],
                      [0.8963902, 0.4955556],
                      [0.8963902, 0.582963],
                      [0.8941857, 0.5859259],
                      [0.8941857, 0.62],
                      [0.9010747, 0.62],
                      [0.9013502, 0.3340741],
                      [0.8941857, 0.3340741],
                      [0.8941857, 0.3681481],
                      [0.8955635, 0.3681481],
                      [0.8963902, 0.3703704],
                      [0.8963902, 0.4585185],
                      [0.8941857, 0.4614815],
                      [0.8941857, 0.4703704],
                      [0.8936346, 0.4718519],
                      [0.8713144, 0.4718519],
                      [0.8707633, 0.4703704],
                      [0.8710389, 0.4540741],
                      [0.8702122, 0.4511111],
                      [0.8583632, 0.4511111],
                      [0.8578121, 0.4496296]
                    ]
                  ],
                  [
                    [
                      [0.9421328, 0.4007407],
                      [0.9459906, 0.422963],
                      [0.9465417, 0.4340741],
                      [0.947644, 0.44],
                      [0.9481951, 0.4525926],
                      [0.9481951, 0.62],
                      [0.9506751, 0.62],
                      [0.9509507, 0.4518519],
                      [0.9503996, 0.4488889],
                      [0.9498484, 0.4318519],
                      [0.9492973, 0.4303704],
                      [0.9492973, 0.4266667],
                      [0.9487462, 0.4251852],
                      [0.9487462, 0.4214815],
                      [0.9470929, 0.4088889],
                      [0.9443373, 0.3962963],
                      [0.9440617, 0.3918519],
                      [0.9426839, 0.3888889],
                      [0.9418573, 0.3844444],
                      [0.9374483, 0.3711111],
                      [0.9316616, 0.3577778],
                      [0.9217415, 0.342963],
                      [0.9140259, 0.337037],
                      [0.9079636, 0.3355556],
                      [0.9079636, 0.3414815],
                      [0.9085147, 0.342963],
                      [0.9118214, 0.342963],
                      [0.9123726, 0.3444444],
                      [0.9140259, 0.3444444],
                      [0.914577, 0.3459259],
                      [0.9159548, 0.3459259],
                      [0.9165059, 0.3474074],
                      [0.9178837, 0.3474074],
                      [0.9198126, 0.3503704],
                      [0.9209149, 0.3503704],
                      [0.9272527, 0.3592593],
                      [0.9313861, 0.3674074],
                      [0.9377239, 0.3844444]
                    ]
                  ],
                  [
                    [
                      [0.8213282, 0.5311111],
                      [0.8214384, 0.5325926],
                      [0.8233673, 0.5325926],
                      [0.8233673, 0.5311111]
                    ]
                  ],
                  [
                    [
                      [0.8090383, 0.5851852],
                      [0.8027005, 0.5859259],
                      [0.802976, 0.62],
                      [0.8184073, 0.62],
                      [0.8192339, 0.6185185],
                      [0.8189584, 0.6066667],
                      [0.8104161, 0.6066667],
                      [0.8090383, 0.6037037]
                    ]
                  ],
                  [
                    [
                      [0.8354919, 0.5977778],
                      [0.8332874, 0.5977778],
                      [0.8331401, 0.6088682],
                      [0.8338385, 0.6088682],
                      [0.8338385, 0.6163169],
                      [0.8330411, 0.6163169],
                      [0.8330118, 0.6185185],
                      [0.8354919, 0.6185185]
                    ]
                  ],
                  [
                    [
                      [0.719482, 0.7355556],
                      [0.7164508, 0.7355556],
                      [0.7164508, 0.7607407],
                      [0.7189308, 0.7614815]
                    ]
                  ]
                ],
                "slabs": [
                  [
                    [
                      [0.9997244, 0.4577778],
                      [0.9977955, 0.4081481],
                      [0.9955911, 0.3851852],
                      [0.9933866, 0.3718519],
                      [0.9939377, 0.3666667],
                      [0.9994489, 0.36],
                      [0.9994489, 0.3548148],
                      [0.9920088, 0.3162963],
                      [0.9870488, 0.3222222],
                      [0.9845688, 0.3222222],
                      [0.9768531, 0.2925926],
                      [0.9650041, 0.2607407],
                      [0.950124, 0.2348148],
                      [0.9385506, 0.22],
                      [0.9258749, 0.2096296],
                      [0.9167815, 0.2051852],
                      [0.8991458, 0.2014815],
                      [0.8988702, 0.0007407],
                      [0.7616423, 0.0007407],
                      [0.7608157, 0.0940741],
                      [0.6464591, 0.0940741],
                      [0.6456324, 0.0748148],
                      [0.6161477, 0.0748148],
                      [0.6155966, 0.0940741],
                      [0.6081565, 0.0940741],
                      [0.6070543, 0.0925926],
                      [0.6070543, 0.0022222],
                      [0.6062276, 0.0],
                      [0.4695508, 0.0007407],
                      [0.4695508, 0.0911111],
                      [0.4687242, 0.0940741],
                      [0.4604574, 0.0925926],
                      [0.4604574, 0.062963],
                      [0.4273905, 0.0622222],
                      [0.4262882, 0.0651852],
                      [0.4265638, 0.0903704],
                      [0.4257371, 0.0940741],
                      [0.3568476, 0.0940741],
                      [0.3562965, 0.0748148],
                      [0.3383852, 0.0748148],
                      [0.3375586, 0.0940741],
                      [0.3179939, 0.0940741],
                      [0.3174428, 0.0007407],
                      [0.0002756, 0.0007407],
                      [0.0, 0.002963],
                      [0.0002756, 0.3933333],
                      [0.1689171, 0.3940741],
                      [0.1686415, 0.997037],
                      [0.1697437, 0.9992593],
                      [0.3171673, 0.9985185],
                      [0.3182695, 0.857037],
                      [0.4293194, 0.857037],
                      [0.4304216, 0.8762963],
                      [0.4477818, 0.8762963],
                      [0.4486084, 0.857037],
                      [0.6155966, 0.857037],
                      [0.6161477, 0.8762963],
                      [0.6475613, 0.8762963],
                      [0.6478369, 0.8585185],
                      [0.6489391, 0.857037],
                      [0.7222375, 0.857037],
                      [0.7225131, 0.8748148],
                      [0.7233398, 0.8762963],
                      [0.7492422, 0.8762963],
                      [0.7495178, 0.8585185],
                      [0.75062, 0.857037],
                      [0.9997244, 0.8555556]
                    ],
                    [
                      [0.0027556, 0.0103704],
                      [0.0303114, 0.0103704],
                      [0.0303114, 0.0607407],
                      [0.0027556, 0.0607407]
                    ],
                    [
                      [0.5345825, 0.482963],
                      [0.5571783, 0.482963],
                      [0.5571783, 0.5311111],
                      [0.5345825, 0.5311111]
                    ],
                    [
                      [0.8101405, 0.482963],
                      [0.8327363, 0.482963],
                      [0.8327363, 0.5311111],
                      [0.8101405, 0.5311111]
                    ],
                    [
                      [0.2868559, 0.9237037],
                      [0.3072472, 0.9237037],
                      [0.3072472, 0.9837037],
                      [0.2868559, 0.9837037]
                    ]
                  ]
                ],
                "openings": [
                  {
                    "kind": "door",
                    "a": [0.0209424, 0.1140741],
                    "b": [0.0292091, 0.1140741],
                    "depthM": 0.25,
                    "sillM": 0,
                    "heightM": 2.1,
                    "basis": "Published basement door symbol; leaf construction/head inferred",
                    "hinge": [0.0292091, 0.1140741],
                    "openTip": [0.0292091, 0.0918519]
                  },
                  {
                    "kind": "door",
                    "a": [0.2116285, 0.12],
                    "b": [0.2204464, 0.12],
                    "depthM": 0.25,
                    "sillM": 0,
                    "heightM": 2.1,
                    "basis": "Published basement door symbol; leaf construction/head inferred",
                    "hinge": [0.2204464, 0.12],
                    "openTip": [0.2204464, 0.0962963]
                  },
                  {
                    "kind": "door",
                    "a": [0.228162, 0.1111111],
                    "b": [0.2356021, 0.1111111],
                    "depthM": 0.25,
                    "sillM": 0,
                    "heightM": 2.1,
                    "basis": "Published basement door symbol; leaf construction/head inferred",
                    "hinge": [0.228162, 0.1111111],
                    "openTip": [0.228162, 0.0911111]
                  },
                  {
                    "kind": "door",
                    "a": [0.2623312, 0.0355556],
                    "b": [0.2623312, 0.0562963],
                    "depthM": 0.25,
                    "sillM": 0,
                    "heightM": 2.1,
                    "basis": "Published basement door symbol; leaf construction/head inferred",
                    "hinge": [0.2623312, 0.0355556],
                    "openTip": [0.2700468, 0.0355556]
                  },
                  {
                    "kind": "door",
                    "a": [0.2146597, 0.2740741],
                    "b": [0.2146597, 0.2955556],
                    "depthM": 0.25,
                    "sillM": 0,
                    "heightM": 2.1,
                    "basis": "Published basement door symbol; leaf construction/head inferred",
                    "hinge": [0.2146597, 0.2740741],
                    "openTip": [0.2066685, 0.2740741]
                  },
                  {
                    "kind": "door",
                    "a": [0.2634335, 0.9592593],
                    "b": [0.2711491, 0.9592593],
                    "depthM": 0.25,
                    "sillM": 0,
                    "heightM": 2.1,
                    "basis": "Published basement door symbol; leaf construction/head inferred",
                    "hinge": [0.2634335, 0.9592593],
                    "openTip": [0.2634335, 0.9385185]
                  },
                  {
                    "kind": "door",
                    "a": [0.5246624, 0.6125926],
                    "b": [0.5321025, 0.6125926],
                    "depthM": 0.25,
                    "sillM": 0,
                    "heightM": 2.1,
                    "basis": "Published basement door symbol; leaf construction/head inferred",
                    "hinge": [0.5321025, 0.6125926],
                    "openTip": [0.5321025, 0.5925926]
                  },
                  {
                    "kind": "door",
                    "a": [0.8261229, 0.6125926],
                    "b": [0.8338385, 0.6125926],
                    "depthM": 0.25,
                    "sillM": 0,
                    "heightM": 2.1,
                    "basis": "Published basement door symbol; leaf construction/head inferred",
                    "hinge": [0.8261229, 0.6125926],
                    "openTip": [0.8261229, 0.5918519]
                  },
                  {
                    "kind": "slidingDoor",
                    "a": [0.1873794, 0.0859259],
                    "b": [0.1978506, 0.0859259],
                    "depthM": 0.25,
                    "sillM": 0,
                    "heightM": 2.1,
                    "basis": "Published basement door symbol; leaf construction/head inferred"
                  },
                  {
                    "kind": "slidingDoor",
                    "a": [0.2017085, 0.0859259],
                    "b": [0.2121797, 0.0859259],
                    "depthM": 0.25,
                    "sillM": 0,
                    "heightM": 2.1,
                    "basis": "Published basement door symbol; leaf construction/head inferred"
                  },
                  {
                    "kind": "slidingDoor",
                    "a": [0.1702948, 0.2385185],
                    "b": [0.1702948, 0.2651852],
                    "depthM": 0.25,
                    "sillM": 0,
                    "heightM": 2.1,
                    "basis": "Published basement door symbol; leaf construction/head inferred"
                  },
                  {
                    "kind": "slidingDoor",
                    "a": [0.1702948, 0.2977778],
                    "b": [0.1702948, 0.3244444],
                    "depthM": 0.25,
                    "sillM": 0,
                    "heightM": 2.1,
                    "basis": "Published basement door symbol; leaf construction/head inferred"
                  },
                  {
                    "kind": "slidingDoor",
                    "a": [0.5191513, 0.4703704],
                    "b": [0.529898, 0.4703704],
                    "depthM": 0.25,
                    "sillM": 0,
                    "heightM": 2.1,
                    "basis": "Published basement door symbol; leaf construction/head inferred"
                  },
                  {
                    "kind": "slidingDoor",
                    "a": [0.845412, 0.4703704],
                    "b": [0.8561587, 0.4703704],
                    "depthM": 0.25,
                    "sillM": 0,
                    "heightM": 2.1,
                    "basis": "Published basement door symbol; leaf construction/head inferred"
                  }
                ],
                "stairs": [
                  {
                    "a": [0.0097823, 0.0607407],
                    "b": [0.0097823, 0.0251852],
                    "widthM": 1.4583871277150302,
                    "steps": 9,
                    "fromM": 0,
                    "toM": 1.5
                  },
                  {
                    "a": [0.0232847, 0.0251852],
                    "b": [0.0232847, 0.0607407],
                    "widthM": 1.4583871277150302,
                    "steps": 9,
                    "fromM": 1.5,
                    "toM": 3
                  },
                  {
                    "a": [0.2920915, 0.9792593],
                    "b": [0.2920915, 0.9348148],
                    "widthM": 1.071468093831451,
                    "steps": 9,
                    "fromM": 0,
                    "toM": 1.5
                  },
                  {
                    "a": [0.3020116, 0.9348148],
                    "b": [0.3020116, 0.9792593],
                    "widthM": 1.071468093831451,
                    "steps": 9,
                    "fromM": 1.5,
                    "toM": 3
                  },
                  {
                    "a": [0.540507, 0.5288889],
                    "b": [0.540507, 0.4948148],
                    "widthM": 1.1607571016507383,
                    "steps": 9,
                    "fromM": 0,
                    "toM": 1.5
                  },
                  {
                    "a": [0.5512538, 0.4948148],
                    "b": [0.5512538, 0.5288889],
                    "widthM": 1.1607571016507383,
                    "steps": 9,
                    "fromM": 1.5,
                    "toM": 3
                  },
                  {
                    "a": [0.816065, 0.5288889],
                    "b": [0.816065, 0.4948148],
                    "widthM": 1.1607571016507383,
                    "steps": 9,
                    "fromM": 0,
                    "toM": 1.5
                  },
                  {
                    "a": [0.8268118, 0.4948148],
                    "b": [0.8268118, 0.5288889],
                    "widthM": 1.1607571016507383,
                    "steps": 9,
                    "fromM": 1.5,
                    "toM": 3
                  }
                ],
                "landings": [],
                "platforms": [
                  {
                    "rings": [
                      [
                        [0.0030311, 0.0088889],
                        [0.0300358, 0.0088889],
                        [0.0300358, 0.0251852],
                        [0.0030311, 0.0251852]
                      ]
                    ],
                    "elevationM": 1.5
                  },
                  {
                    "rings": [
                      [
                        [0.2871314, 0.9185185],
                        [0.3069716, 0.9185185],
                        [0.3069716, 0.9348148],
                        [0.2871314, 0.9348148]
                      ]
                    ],
                    "elevationM": 1.5
                  },
                  {
                    "rings": [
                      [
                        [0.5351336, 0.4785185],
                        [0.5566272, 0.4785185],
                        [0.5566272, 0.4948148],
                        [0.5351336, 0.4948148]
                      ]
                    ],
                    "elevationM": 1.5
                  },
                  {
                    "rings": [
                      [
                        [0.8106917, 0.4785185],
                        [0.8321852, 0.4785185],
                        [0.8321852, 0.4948148],
                        [0.8106917, 0.4948148]
                      ]
                    ],
                    "elevationM": 1.5
                  }
                ],
                "railings": [],
                "inference": {
                  "wallFootprints": "reviewed raster wall mask, thick neutral strokes; text and parking lines excluded",
                  "verticalDimensions": "estimated 3 m basement storey",
                  "coverage": "shared F1/F2/F3 basement, stored once under F3",
                  "ramp": "ramp outline retained in slab; its undocumented vertical profile is not reconstructed"
                },
                "quality": {
                  "floorAreaM2": 4603.14,
                  "wallAreaM2": 425.02,
                  "modelledOpenings": 14
                }
              }
            },
            {
              "id": "F3-layout-0",
              "source": {
                "url": "https://pionir.hr/wp-content/katalozi/savica/objekt_f3/prizemlje-min.pdf",
                "sha256": "277a33122cc50cb676e2a0e3a372cadb0d7b71cde0c5f3dd6a8077ee97ec0e94",
                "page": 1,
                "crop": [
                  478.0,
                  87.0,
                  1055.0,
                  762.0
                ],
                "method": "reviewed raster trace; source frame translated to the common building coordinates",
                "commonFrameTransform": {
                  "offset": [0, 0],
                  "scale": [0.31716726370901077, 1.0]
                }
              },
              "architecture": {
                "schema": "consensus-builder.floor-architecture.v1",
                "dimensionsM": [128.5832576889661, 47.709],
                "wallHeightM": 2.8,
                "slabThicknessM": 0.2,
                "walls": [
                  [
                    [
                      [0.2176744, 0.044444],
                      [0.1830445, 0.044444],
                      [0.1830445, 0.101481],
                      [0.1860678, 0.101481],
                      [0.1860678, 0.094815],
                      [0.1855181, 0.094815],
                      [0.1855181, 0.051111],
                      [0.1992603, 0.051111],
                      [0.1992603, 0.094815],
                      [0.1989853, 0.094815],
                      [0.1989853, 0.101481],
                      [0.2020086, 0.101481],
                      [0.2020086, 0.094815],
                      [0.2017339, 0.094815],
                      [0.2017339, 0.051111],
                      [0.2152012, 0.051111],
                      [0.2152012, 0.094815],
                      [0.2149262, 0.094815],
                      [0.2149262, 0.101481],
                      [0.2176744, 0.101481]
                    ]
                  ],
                  [
                    [
                      [0.0577168, 0.117778],
                      [0.0577168, 0.083704],
                      [0.053594, 0.083704],
                      [0.053594, 0.117778]
                    ]
                  ],
                  [
                    [
                      [0.1019661, 0.117778],
                      [0.1019661, 0.083704],
                      [0.0978436, 0.083704],
                      [0.0978436, 0.117778]
                    ]
                  ],
                  [
                    [
                      [0.1464907, 0.083704],
                      [0.1423678, 0.083704],
                      [0.1423678, 0.117778],
                      [0.1464907, 0.117778]
                    ]
                  ],
                  [
                    [
                      [0.0577168, 0.277037],
                      [0.0577168, 0.242963],
                      [0.053594, 0.242963],
                      [0.053594, 0.277037]
                    ]
                  ],
                  [
                    [
                      [0.1019661, 0.242963],
                      [0.0978436, 0.242963],
                      [0.0978436, 0.277037],
                      [0.1019661, 0.277037]
                    ]
                  ],
                  [
                    [
                      [0.1676533, 0.414074],
                      [0.1712262, 0.414074],
                      [0.1712262, 0.394074],
                      [0.1720509, 0.394074],
                      [0.1720509, 0.357778],
                      [0.1745245, 0.357778],
                      [0.1745245, 0.334815],
                      [0.1712262, 0.334815],
                      [0.1712262, 0.348889],
                      [0.1448414, 0.348889],
                      [0.1448414, 0.297037],
                      [0.1712262, 0.297037],
                      [0.1712262, 0.302963],
                      [0.1745245, 0.302963],
                      [0.1745245, 0.284444],
                      [0.1712262, 0.284444],
                      [0.1712262, 0.28963],
                      [0.1448414, 0.28963],
                      [0.1448414, 0.237778],
                      [0.1712262, 0.237778],
                      [0.1712262, 0.252593],
                      [0.1745245, 0.252593],
                      [0.1745245, 0.228889],
                      [0.1720509, 0.228889],
                      [0.1720509, 0.197037],
                      [0.1701269, 0.197037],
                      [0.1701269, 0.228889],
                      [0.1415435, 0.228889],
                      [0.1415435, 0.357778],
                      [0.1701269, 0.357778],
                      [0.1701269, 0.385926],
                      [0.1412685, 0.385926],
                      [0.1412685, 0.395556],
                      [0.1676533, 0.395556]
                    ]
                  ],
                  [
                    [
                      [0.1676533, 0.491111],
                      [0.1712262, 0.491111],
                      [0.1712262, 0.448889],
                      [0.1676533, 0.448889]
                    ]
                  ],
                  [
                    [
                      [0.1676533, 0.554074],
                      [0.1712262, 0.554074],
                      [0.1712262, 0.531111],
                      [0.1676533, 0.531111]
                    ]
                  ],
                  [
                    [
                      [0.1676533, 0.617037],
                      [0.1712262, 0.617037],
                      [0.1712262, 0.594074],
                      [0.1676533, 0.594074]
                    ]
                  ],
                  [
                    [
                      [0.1676533, 0.68],
                      [0.1712262, 0.68],
                      [0.1712262, 0.657037],
                      [0.1676533, 0.657037]
                    ]
                  ],
                  [
                    [
                      [0.1676533, 0.743704],
                      [0.1712262, 0.743704],
                      [0.1712262, 0.72],
                      [0.1676533, 0.72]
                    ]
                  ],
                  [
                    [
                      [0.1676533, 0.806667],
                      [0.1712262, 0.806667],
                      [0.1712262, 0.782963],
                      [0.1676533, 0.782963]
                    ]
                  ],
                  [
                    [
                      [0.1676533, 0.86963],
                      [0.1712262, 0.86963],
                      [0.1712262, 0.845926],
                      [0.1676533, 0.845926]
                    ]
                  ],
                  [
                    [
                      [0.1676533, 1.0],
                      [0.2033829, 1.0],
                      [0.2033829, 0.99037],
                      [0.1712262, 0.99037],
                      [0.1712262, 0.908889],
                      [0.1676533, 0.908889]
                    ]
                  ],
                  [
                    [
                      [0.2267445, 1.0],
                      [0.2267445, 0.99037],
                      [0.2176744, 0.99037],
                      [0.2176744, 1.0]
                    ]
                  ],
                  [
                    [
                      [0.2501061, 1.0],
                      [0.2501061, 0.99037],
                      [0.241036, 0.99037],
                      [0.241036, 1.0]
                    ]
                  ],
                  [
                    [
                      [0.2811631, 1.0],
                      [0.2811631, 0.99037],
                      [0.2643976, 0.99037],
                      [0.2643976, 1.0]
                    ]
                  ],
                  [
                    [
                      [0.3171673, 1.0],
                      [0.3171673, 0.875556],
                      [0.3135944, 0.875556],
                      [0.3135944, 0.91037],
                      [0.2654969, 0.91037],
                      [0.2654969, 0.919259],
                      [0.2693448, 0.919259],
                      [0.2698944, 0.919259],
                      [0.2718184, 0.919259],
                      [0.272368, 0.919259],
                      [0.3135944, 0.919259],
                      [0.3135944, 0.99037],
                      [0.2877592, 0.99037],
                      [0.2877592, 1.0]
                    ]
                  ],
                  [
                    [
                      [0.3171673, 0.811852],
                      [0.3135944, 0.811852],
                      [0.3135944, 0.836296],
                      [0.3171673, 0.836296]
                    ]
                  ],
                  [
                    [
                      [0.3171673, 0.748889],
                      [0.3135944, 0.748889],
                      [0.3135944, 0.773333],
                      [0.3171673, 0.773333]
                    ]
                  ],
                  [
                    [
                      [0.3171673, 0.685926],
                      [0.3135944, 0.685926],
                      [0.3135944, 0.71037],
                      [0.3171673, 0.71037]
                    ]
                  ],
                  [
                    [
                      [0.3171673, 0.622963],
                      [0.3135944, 0.622963],
                      [0.3135944, 0.646667],
                      [0.3171673, 0.646667]
                    ]
                  ],
                  [
                    [
                      [0.3171673, 0.56],
                      [0.3135944, 0.56],
                      [0.3135944, 0.584444],
                      [0.3171673, 0.584444]
                    ]
                  ],
                  [
                    [
                      [0.3171673, 0.497037],
                      [0.3135944, 0.497037],
                      [0.3135944, 0.520741],
                      [0.3171673, 0.520741]
                    ]
                  ],
                  [
                    [
                      [0.3171673, 0.434074],
                      [0.3135944, 0.434074],
                      [0.3135944, 0.457778],
                      [0.3171673, 0.457778]
                    ]
                  ],
                  [
                    [
                      [0.3171673, 0.371111],
                      [0.3135944, 0.371111],
                      [0.3135944, 0.394815],
                      [0.3171673, 0.394815]
                    ]
                  ],
                  [
                    [
                      [0.3171673, 0.308148],
                      [0.3135944, 0.308148],
                      [0.3135944, 0.331852],
                      [0.3171673, 0.331852]
                    ]
                  ],
                  [
                    [
                      [0.3171673, 0.244444],
                      [0.3135944, 0.244444],
                      [0.3135944, 0.268889],
                      [0.3171673, 0.268889]
                    ]
                  ],
                  [
                    [
                      [0.3171673, 0.181481],
                      [0.3135944, 0.181481],
                      [0.3135944, 0.205926],
                      [0.3171673, 0.205926]
                    ]
                  ],
                  [
                    [
                      [0.3171673, 0.118519],
                      [0.3135944, 0.118519],
                      [0.3135944, 0.142963],
                      [0.3171673, 0.142963]
                    ]
                  ],
                  [
                    [
                      [0.3171673, 0.0],
                      [0.2894082, 0.0],
                      [0.2894082, 0.00963],
                      [0.3135944, 0.00963],
                      [0.3135944, 0.08],
                      [0.3171673, 0.08]
                    ]
                  ],
                  [
                    [
                      [0.2660466, 0.0],
                      [0.2660466, 0.00963],
                      [0.2751166, 0.00963],
                      [0.2751166, 0.0]
                    ]
                  ],
                  [
                    [
                      [0.2193237, 0.0],
                      [0.2193237, 0.00963],
                      [0.2294927, 0.00963],
                      [0.2294927, 0.102963],
                      [0.2322413, 0.102963],
                      [0.2322413, 0.137037],
                      [0.2440593, 0.137037],
                      [0.2440593, 0.00963],
                      [0.25148, 0.00963],
                      [0.25148, 0.0]
                    ]
                  ],
                  [
                    [
                      [0.1984357, 0.0],
                      [0.1984357, 0.00963],
                      [0.2050318, 0.00963],
                      [0.2050318, 0.0]
                    ]
                  ],
                  [
                    [
                      [0.1495139, 0.0],
                      [0.1495139, 0.00963],
                      [0.156385, 0.00963],
                      [0.156385, 0.137037],
                      [0.1679283, 0.137037],
                      [0.1679283, 0.00963],
                      [0.168203, 0.00963],
                      [0.168203, 0.102963],
                      [0.1715012, 0.102963],
                      [0.1715012, 0.00963],
                      [0.1816702, 0.00963],
                      [0.1816702, 0.0]
                    ]
                  ],
                  [
                    [
                      [0.1261523, 0.0],
                      [0.1261523, 0.00963],
                      [0.135222, 0.00963],
                      [0.135222, 0.0]
                    ]
                  ],
                  [
                    [
                      [0.1025161, 0.0],
                      [0.1025161, 0.00963],
                      [0.1115858, 0.00963],
                      [0.1115858, 0.0]
                    ]
                  ],
                  [
                    [
                      [0.0791545, 0.0],
                      [0.0791545, 0.00963],
                      [0.0879492, 0.00963],
                      [0.0879492, 0.0]
                    ]
                  ],
                  [
                    [
                      [0.0560676, 0.0],
                      [0.0560676, 0.00963],
                      [0.0645879, 0.00963],
                      [0.0645879, 0.0]
                    ]
                  ],
                  [
                    [
                      [0.0, 0.0],
                      [0.0, 0.077778],
                      [0.0035729, 0.077778],
                      [0.0035729, 0.00963],
                      [0.0316067, 0.00963],
                      [0.0316067, 0.112593],
                      [0.031332, 0.112593],
                      [0.031332, 0.117778],
                      [0.0346299, 0.117778],
                      [0.0346299, 0.117037],
                      [0.0346299, 0.112593],
                      [0.0346299, 0.00963],
                      [0.0412264, 0.00963],
                      [0.0412264, 0.0]
                    ]
                  ],
                  [
                    [
                      [0.0, 0.141481],
                      [0.0035729, 0.141481],
                      [0.0035729, 0.097778],
                      [0.0, 0.097778]
                    ]
                  ],
                  [
                    [
                      [0.0, 0.205185],
                      [0.0035729, 0.205185],
                      [0.0035729, 0.178519],
                      [0.0, 0.178519]
                    ]
                  ],
                  [
                    [
                      [0.0, 0.268889],
                      [0.0035729, 0.268889],
                      [0.0035729, 0.241481],
                      [0.0, 0.241481]
                    ]
                  ],
                  [
                    [
                      [0.0, 0.395556],
                      [0.032981, 0.395556],
                      [0.032981, 0.385926],
                      [0.0035729, 0.385926],
                      [0.0035729, 0.305185],
                      [0.0, 0.305185]
                    ]
                  ],
                  [
                    [
                      [0.0563425, 0.395556],
                      [0.0563425, 0.385926],
                      [0.0478225, 0.385926],
                      [0.0478225, 0.395556]
                    ]
                  ],
                  [
                    [
                      [0.0797041, 0.395556],
                      [0.0797041, 0.385926],
                      [0.0709091, 0.385926],
                      [0.0709091, 0.395556]
                    ]
                  ],
                  [
                    [
                      [0.1027907, 0.395556],
                      [0.1027907, 0.385926],
                      [0.0942707, 0.385926],
                      [0.0942707, 0.395556]
                    ]
                  ],
                  [
                    [
                      [0.1264273, 0.395556],
                      [0.1264273, 0.385926],
                      [0.1179069, 0.385926],
                      [0.1179069, 0.395556]
                    ]
                  ],
                  [
                    [
                      [0.2237212, 0.467407],
                      [0.2237212, 0.462222],
                      [0.2237212, 0.197037],
                      [0.2217973, 0.197037],
                      [0.2217973, 0.462222],
                      [0.1915646, 0.462222],
                      [0.1915646, 0.388889],
                      [0.189366, 0.388889],
                      [0.189366, 0.462222],
                      [0.1715012, 0.462222],
                      [0.1715012, 0.468148],
                      [0.2237212, 0.468148]
                    ]
                  ],
                  [
                    [
                      [0.2237212, 0.137778],
                      [0.2294927, 0.137778],
                      [0.2294927, 0.131852],
                      [0.2127276, 0.131852],
                      [0.2127276, 0.137778],
                      [0.2217973, 0.137778],
                      [0.2217973, 0.162963],
                      [0.2237212, 0.162963]
                    ]
                  ],
                  [
                    [
                      [0.1715012, 0.131852],
                      [0.1715012, 0.136296],
                      [0.1701269, 0.136296],
                      [0.1701269, 0.162963],
                      [0.1720509, 0.162963],
                      [0.1720509, 0.137778],
                      [0.1987104, 0.137778],
                      [0.1987104, 0.131852]
                    ]
                  ],
                  [
                    [
                      [0.0038479, 0.112593],
                      [0.0038479, 0.117778],
                      [0.0228119, 0.117778],
                      [0.0228119, 0.112593]
                    ]
                  ],
                  [
                    [
                      [0.2698944, 0.98963],
                      [0.2718184, 0.98963],
                      [0.2718184, 0.944444],
                      [0.2698944, 0.944444]
                    ]
                  ],
                  [
                    [
                      [0.2696198, 0.117778],
                      [0.2696198, 0.083704],
                      [0.2654969, 0.083704],
                      [0.2654969, 0.117778]
                    ]
                  ],
                  [
                    [
                      [0.2696198, 0.199259],
                      [0.2696198, 0.164444],
                      [0.2654969, 0.164444],
                      [0.2654969, 0.199259]
                    ]
                  ],
                  [
                    [
                      [0.2193237, 0.243704],
                      [0.2193237, 0.232593],
                      [0.2066808, 0.232593],
                      [0.2066808, 0.243704]
                    ]
                  ],
                  [
                    [
                      [0.2193237, 0.335556],
                      [0.2193237, 0.324444],
                      [0.2066808, 0.324444],
                      [0.2066808, 0.335556]
                    ]
                  ],
                  [
                    [
                      [0.2781398, 0.324444],
                      [0.2654969, 0.324444],
                      [0.2654969, 0.335556],
                      [0.2781398, 0.335556]
                    ]
                  ],
                  [
                    [
                      [0.2193237, 0.437778],
                      [0.2066808, 0.437778],
                      [0.2066808, 0.448889],
                      [0.2193237, 0.448889]
                    ]
                  ],
                  [
                    [
                      [0.2781398, 0.448889],
                      [0.2781398, 0.437778],
                      [0.2654969, 0.437778],
                      [0.2654969, 0.448889]
                    ]
                  ],
                  [
                    [
                      [0.2193237, 0.566667],
                      [0.2193237, 0.555556],
                      [0.2066808, 0.555556],
                      [0.2066808, 0.566667]
                    ]
                  ],
                  [
                    [
                      [0.2781398, 0.566667],
                      [0.2781398, 0.555556],
                      [0.2654969, 0.555556],
                      [0.2654969, 0.566667]
                    ]
                  ],
                  [
                    [
                      [0.2193237, 0.673333],
                      [0.2066808, 0.673333],
                      [0.2066808, 0.684444],
                      [0.2193237, 0.684444]
                    ]
                  ],
                  [
                    [
                      [0.2781398, 0.673333],
                      [0.2654969, 0.673333],
                      [0.2654969, 0.684444],
                      [0.2781398, 0.684444]
                    ]
                  ],
                  [
                    [
                      [0.2193237, 0.802222],
                      [0.2193237, 0.791111],
                      [0.2066808, 0.791111],
                      [0.2066808, 0.802222]
                    ]
                  ],
                  [
                    [
                      [0.2781398, 0.802222],
                      [0.2781398, 0.791111],
                      [0.2654969, 0.791111],
                      [0.2654969, 0.802222]
                    ]
                  ],
                  [
                    [
                      [0.2193237, 0.917778],
                      [0.2193237, 0.906667],
                      [0.2066808, 0.906667],
                      [0.2066808, 0.917778]
                    ]
                  ]
                ],
                "slabs": [
                  [
                    [
                      [0.0, 0.395556],
                      [0.1676533, 0.395556],
                      [0.1676533, 1.0],
                      [0.3171673, 1.0],
                      [0.3171673, 0.0],
                      [0.0, 0.0]
                    ],
                    [
                      [0.0038479, 0.09037],
                      [0.0038479, 0.01037],
                      [0.031332, 0.01037],
                      [0.031332, 0.09037]
                    ],
                    [
                      [0.1715012, 0.094074],
                      [0.1715012, 0.01037],
                      [0.2294927, 0.01037],
                      [0.2294927, 0.094074]
                    ],
                    [
                      [0.145941, 0.24],
                      [0.1701269, 0.24],
                      [0.1701269, 0.28963],
                      [0.145941, 0.28963]
                    ],
                    [
                      [0.145941, 0.345926],
                      [0.145941, 0.297037],
                      [0.1701269, 0.297037],
                      [0.1701269, 0.345926]
                    ],
                    [
                      [0.3135944, 0.98963],
                      [0.2811631, 0.98963],
                      [0.2811631, 0.919259],
                      [0.3135944, 0.919259]
                    ]
                  ]
                ],
                "openings": [
                  {
                    "a": [0.0412264, 0.004815],
                    "b": [0.0560676, 0.004815],
                    "kind": "window",
                    "depthM": 0.45942,
                    "sillM": 0.85,
                    "heightM": 1.45,
                    "basis": "Reviewed published raster plan; vertical dimensions and glazing type inferred"
                  },
                  {
                    "a": [0.0645879, 0.004815],
                    "b": [0.0791545, 0.004815],
                    "kind": "window",
                    "depthM": 0.45942,
                    "sillM": 0.85,
                    "heightM": 1.45,
                    "basis": "Reviewed published raster plan; vertical dimensions and glazing type inferred"
                  },
                  {
                    "a": [0.0879492, 0.004815],
                    "b": [0.1025161, 0.004815],
                    "kind": "window",
                    "depthM": 0.45942,
                    "sillM": 0.85,
                    "heightM": 1.45,
                    "basis": "Reviewed published raster plan; vertical dimensions and glazing type inferred"
                  },
                  {
                    "a": [0.1115858, 0.004815],
                    "b": [0.1261523, 0.004815],
                    "kind": "window",
                    "depthM": 0.45942,
                    "sillM": 0.85,
                    "heightM": 1.45,
                    "basis": "Reviewed published raster plan; vertical dimensions and glazing type inferred"
                  },
                  {
                    "a": [0.135222, 0.004815],
                    "b": [0.1495139, 0.004815],
                    "kind": "window",
                    "depthM": 0.45942,
                    "sillM": 0.85,
                    "heightM": 1.45,
                    "basis": "Reviewed published raster plan; vertical dimensions and glazing type inferred"
                  },
                  {
                    "a": [0.1816702, 0.004815],
                    "b": [0.1959621, 0.004815],
                    "kind": "window",
                    "depthM": 0.45942,
                    "sillM": 0.85,
                    "heightM": 1.45,
                    "basis": "Reviewed published raster plan; vertical dimensions and glazing type inferred"
                  },
                  {
                    "a": [0.2050318, 0.004815],
                    "b": [0.2193237, 0.004815],
                    "kind": "window",
                    "depthM": 0.45942,
                    "sillM": 0.85,
                    "heightM": 1.45,
                    "basis": "Reviewed published raster plan; vertical dimensions and glazing type inferred"
                  },
                  {
                    "a": [0.25148, 0.004815],
                    "b": [0.2660466, 0.004815],
                    "kind": "window",
                    "depthM": 0.45942,
                    "sillM": 0.85,
                    "heightM": 1.45,
                    "basis": "Reviewed published raster plan; vertical dimensions and glazing type inferred"
                  },
                  {
                    "a": [0.2751166, 0.004815],
                    "b": [0.2894082, 0.004815],
                    "kind": "window",
                    "depthM": 0.45942,
                    "sillM": 0.85,
                    "heightM": 1.45,
                    "basis": "Reviewed published raster plan; vertical dimensions and glazing type inferred"
                  },
                  {
                    "a": [0.0017866, 0.077778],
                    "b": [0.0017866, 0.095556],
                    "kind": "window",
                    "depthM": 0.45942,
                    "sillM": 0.85,
                    "heightM": 1.45,
                    "basis": "Reviewed published raster plan; vertical dimensions and glazing type inferred"
                  },
                  {
                    "a": [0.0017866, 0.141481],
                    "b": [0.0017866, 0.178519],
                    "kind": "window",
                    "depthM": 0.45942,
                    "sillM": 0.85,
                    "heightM": 1.45,
                    "basis": "Reviewed published raster plan; vertical dimensions and glazing type inferred"
                  },
                  {
                    "a": [0.0017866, 0.205185],
                    "b": [0.0017866, 0.241481],
                    "kind": "window",
                    "depthM": 0.45942,
                    "sillM": 0.85,
                    "heightM": 1.45,
                    "basis": "Reviewed published raster plan; vertical dimensions and glazing type inferred"
                  },
                  {
                    "a": [0.0017866, 0.268889],
                    "b": [0.0017866, 0.305185],
                    "kind": "window",
                    "depthM": 0.45942,
                    "sillM": 0.85,
                    "heightM": 1.45,
                    "basis": "Reviewed published raster plan; vertical dimensions and glazing type inferred"
                  },
                  {
                    "a": [0.032981, 0.390741],
                    "b": [0.0478225, 0.390741],
                    "kind": "window",
                    "depthM": 0.45942,
                    "sillM": 0.85,
                    "heightM": 1.45,
                    "basis": "Reviewed published raster plan; vertical dimensions and glazing type inferred"
                  },
                  {
                    "a": [0.0563425, 0.390741],
                    "b": [0.0709091, 0.390741],
                    "kind": "window",
                    "depthM": 0.45942,
                    "sillM": 0.85,
                    "heightM": 1.45,
                    "basis": "Reviewed published raster plan; vertical dimensions and glazing type inferred"
                  },
                  {
                    "a": [0.0797041, 0.390741],
                    "b": [0.0942707, 0.390741],
                    "kind": "window",
                    "depthM": 0.45942,
                    "sillM": 0.85,
                    "heightM": 1.45,
                    "basis": "Reviewed published raster plan; vertical dimensions and glazing type inferred"
                  },
                  {
                    "a": [0.1027907, 0.390741],
                    "b": [0.1179069, 0.390741],
                    "kind": "window",
                    "depthM": 0.45942,
                    "sillM": 0.85,
                    "heightM": 1.45,
                    "basis": "Reviewed published raster plan; vertical dimensions and glazing type inferred"
                  },
                  {
                    "a": [0.1264273, 0.390741],
                    "b": [0.1412685, 0.390741],
                    "kind": "window",
                    "depthM": 0.45942,
                    "sillM": 0.85,
                    "heightM": 1.45,
                    "basis": "Reviewed published raster plan; vertical dimensions and glazing type inferred"
                  },
                  {
                    "a": [0.3153807, 0.08],
                    "b": [0.3153807, 0.118519],
                    "kind": "window",
                    "depthM": 0.45942,
                    "sillM": 0.85,
                    "heightM": 1.45,
                    "basis": "Reviewed published raster plan; vertical dimensions and glazing type inferred"
                  },
                  {
                    "a": [0.3153807, 0.142963],
                    "b": [0.3153807, 0.181481],
                    "kind": "window",
                    "depthM": 0.45942,
                    "sillM": 0.85,
                    "heightM": 1.45,
                    "basis": "Reviewed published raster plan; vertical dimensions and glazing type inferred"
                  },
                  {
                    "a": [0.3153807, 0.205926],
                    "b": [0.3153807, 0.244444],
                    "kind": "window",
                    "depthM": 0.45942,
                    "sillM": 0.85,
                    "heightM": 1.45,
                    "basis": "Reviewed published raster plan; vertical dimensions and glazing type inferred"
                  },
                  {
                    "a": [0.3153807, 0.268889],
                    "b": [0.3153807, 0.308148],
                    "kind": "window",
                    "depthM": 0.45942,
                    "sillM": 0.85,
                    "heightM": 1.45,
                    "basis": "Reviewed published raster plan; vertical dimensions and glazing type inferred"
                  },
                  {
                    "a": [0.3153807, 0.331852],
                    "b": [0.3153807, 0.371111],
                    "kind": "window",
                    "depthM": 0.45942,
                    "sillM": 0.85,
                    "heightM": 1.45,
                    "basis": "Reviewed published raster plan; vertical dimensions and glazing type inferred"
                  },
                  {
                    "a": [0.3153807, 0.394815],
                    "b": [0.3153807, 0.434074],
                    "kind": "window",
                    "depthM": 0.45942,
                    "sillM": 0.85,
                    "heightM": 1.45,
                    "basis": "Reviewed published raster plan; vertical dimensions and glazing type inferred"
                  },
                  {
                    "a": [0.3153807, 0.457778],
                    "b": [0.3153807, 0.497037],
                    "kind": "window",
                    "depthM": 0.45942,
                    "sillM": 0.85,
                    "heightM": 1.45,
                    "basis": "Reviewed published raster plan; vertical dimensions and glazing type inferred"
                  },
                  {
                    "a": [0.3153807, 0.520741],
                    "b": [0.3153807, 0.56],
                    "kind": "window",
                    "depthM": 0.45942,
                    "sillM": 0.85,
                    "heightM": 1.45,
                    "basis": "Reviewed published raster plan; vertical dimensions and glazing type inferred"
                  },
                  {
                    "a": [0.3153807, 0.584444],
                    "b": [0.3153807, 0.622963],
                    "kind": "window",
                    "depthM": 0.45942,
                    "sillM": 0.85,
                    "heightM": 1.45,
                    "basis": "Reviewed published raster plan; vertical dimensions and glazing type inferred"
                  },
                  {
                    "a": [0.3153807, 0.646667],
                    "b": [0.3153807, 0.685926],
                    "kind": "window",
                    "depthM": 0.45942,
                    "sillM": 0.85,
                    "heightM": 1.45,
                    "basis": "Reviewed published raster plan; vertical dimensions and glazing type inferred"
                  },
                  {
                    "a": [0.3153807, 0.71037],
                    "b": [0.3153807, 0.748889],
                    "kind": "window",
                    "depthM": 0.45942,
                    "sillM": 0.85,
                    "heightM": 1.45,
                    "basis": "Reviewed published raster plan; vertical dimensions and glazing type inferred"
                  },
                  {
                    "a": [0.3153807, 0.773333],
                    "b": [0.3153807, 0.811852],
                    "kind": "window",
                    "depthM": 0.45942,
                    "sillM": 0.85,
                    "heightM": 1.45,
                    "basis": "Reviewed published raster plan; vertical dimensions and glazing type inferred"
                  },
                  {
                    "a": [0.3153807, 0.836296],
                    "b": [0.3153807, 0.875556],
                    "kind": "window",
                    "depthM": 0.45942,
                    "sillM": 0.85,
                    "heightM": 1.45,
                    "basis": "Reviewed published raster plan; vertical dimensions and glazing type inferred"
                  },
                  {
                    "a": [0.16944, 0.491111],
                    "b": [0.16944, 0.531111],
                    "kind": "window",
                    "depthM": 0.45942,
                    "sillM": 0.85,
                    "heightM": 1.45,
                    "basis": "Reviewed published raster plan; vertical dimensions and glazing type inferred"
                  },
                  {
                    "a": [0.16944, 0.554074],
                    "b": [0.16944, 0.594074],
                    "kind": "window",
                    "depthM": 0.45942,
                    "sillM": 0.85,
                    "heightM": 1.45,
                    "basis": "Reviewed published raster plan; vertical dimensions and glazing type inferred"
                  },
                  {
                    "a": [0.16944, 0.617037],
                    "b": [0.16944, 0.657037],
                    "kind": "window",
                    "depthM": 0.45942,
                    "sillM": 0.85,
                    "heightM": 1.45,
                    "basis": "Reviewed published raster plan; vertical dimensions and glazing type inferred"
                  },
                  {
                    "a": [0.16944, 0.68],
                    "b": [0.16944, 0.72],
                    "kind": "window",
                    "depthM": 0.45942,
                    "sillM": 0.85,
                    "heightM": 1.45,
                    "basis": "Reviewed published raster plan; vertical dimensions and glazing type inferred"
                  },
                  {
                    "a": [0.16944, 0.743704],
                    "b": [0.16944, 0.782963],
                    "kind": "window",
                    "depthM": 0.45942,
                    "sillM": 0.85,
                    "heightM": 1.45,
                    "basis": "Reviewed published raster plan; vertical dimensions and glazing type inferred"
                  },
                  {
                    "a": [0.16944, 0.806667],
                    "b": [0.16944, 0.845926],
                    "kind": "window",
                    "depthM": 0.45942,
                    "sillM": 0.85,
                    "heightM": 1.45,
                    "basis": "Reviewed published raster plan; vertical dimensions and glazing type inferred"
                  },
                  {
                    "a": [0.16944, 0.86963],
                    "b": [0.16944, 0.908889],
                    "kind": "window",
                    "depthM": 0.45942,
                    "sillM": 0.85,
                    "heightM": 1.45,
                    "basis": "Reviewed published raster plan; vertical dimensions and glazing type inferred"
                  },
                  {
                    "a": [0.2033829, 0.995185],
                    "b": [0.2176744, 0.995185],
                    "kind": "window",
                    "depthM": 0.45942,
                    "sillM": 0.85,
                    "heightM": 1.45,
                    "basis": "Reviewed published raster plan; vertical dimensions and glazing type inferred"
                  },
                  {
                    "a": [0.2267445, 0.995185],
                    "b": [0.241036, 0.995185],
                    "kind": "window",
                    "depthM": 0.45942,
                    "sillM": 0.85,
                    "heightM": 1.45,
                    "basis": "Reviewed published raster plan; vertical dimensions and glazing type inferred"
                  },
                  {
                    "a": [0.2501061, 0.995185],
                    "b": [0.2643976, 0.995185],
                    "kind": "window",
                    "depthM": 0.45942,
                    "sillM": 0.85,
                    "heightM": 1.45,
                    "basis": "Reviewed published raster plan; vertical dimensions and glazing type inferred"
                  },
                  {
                    "a": [0.2811631, 0.995185],
                    "b": [0.2877592, 0.995185],
                    "kind": "window",
                    "depthM": 0.45942,
                    "sillM": 0.85,
                    "heightM": 1.45,
                    "basis": "Reviewed published raster plan; vertical dimensions and glazing type inferred"
                  },
                  {
                    "a": [0.0228119, 0.115185],
                    "b": [0.031332, 0.115185],
                    "kind": "door",
                    "depthM": 0.24738,
                    "sillM": 0,
                    "heightM": 2.1,
                    "basis": "Reviewed published raster plan; vertical dimensions and glazing type inferred",
                    "hinge": [0.031332, 0.115185],
                    "openTip": [0.031332, 0.092222]
                  },
                  {
                    "a": [0.1987104, 0.134815],
                    "b": [0.2055815, 0.134815],
                    "kind": "door",
                    "depthM": 0.28272,
                    "sillM": 0,
                    "heightM": 2.1,
                    "basis": "Reviewed published raster plan; vertical dimensions and glazing type inferred",
                    "hinge": [0.1987104, 0.134815],
                    "openTip": [0.1987104, 0.116296]
                  },
                  {
                    "a": [0.2055815, 0.134815],
                    "b": [0.2127276, 0.134815],
                    "kind": "door",
                    "depthM": 0.28272,
                    "sillM": 0,
                    "heightM": 2.1,
                    "basis": "Reviewed published raster plan; vertical dimensions and glazing type inferred",
                    "hinge": [0.2127276, 0.134815],
                    "openTip": [0.2127276, 0.115556]
                  },
                  {
                    "a": [0.1860678, 0.099259],
                    "b": [0.1989853, 0.099259],
                    "kind": "slidingDoor",
                    "depthM": 0.42408,
                    "sillM": 0,
                    "heightM": 2.1,
                    "basis": "Reviewed published raster plan; vertical dimensions and glazing type inferred"
                  },
                  {
                    "a": [0.2020086, 0.099259],
                    "b": [0.2149262, 0.099259],
                    "kind": "slidingDoor",
                    "depthM": 0.42408,
                    "sillM": 0,
                    "heightM": 2.1,
                    "basis": "Reviewed published raster plan; vertical dimensions and glazing type inferred"
                  },
                  {
                    "a": [0.1728755, 0.252593],
                    "b": [0.1728755, 0.284444],
                    "kind": "slidingDoor",
                    "depthM": 0.42408,
                    "sillM": 0,
                    "heightM": 2.1,
                    "basis": "Reviewed published raster plan; vertical dimensions and glazing type inferred"
                  },
                  {
                    "a": [0.1728755, 0.302963],
                    "b": [0.1728755, 0.334815],
                    "kind": "slidingDoor",
                    "depthM": 0.42408,
                    "sillM": 0,
                    "heightM": 2.1,
                    "basis": "Reviewed published raster plan; vertical dimensions and glazing type inferred"
                  },
                  {
                    "a": [0.2708564, 0.919259],
                    "b": [0.2708564, 0.944444],
                    "kind": "door",
                    "depthM": 0.24738,
                    "sillM": 0,
                    "heightM": 2.1,
                    "basis": "Reviewed published raster plan; vertical dimensions and glazing type inferred",
                    "hinge": [0.2708564, 0.919259],
                    "openTip": [0.2802011, 0.919259]
                  },
                  {
                    "a": [0.1710889, 0.162963],
                    "b": [0.1710889, 0.197037],
                    "kind": "door",
                    "depthM": 0.24738,
                    "sillM": 0,
                    "heightM": 2.1,
                    "basis": "Reviewed published raster plan; vertical dimensions and glazing type inferred",
                    "hinge": [0.1710889, 0.162963],
                    "openTip": [0.1584463, 0.162963]
                  },
                  {
                    "a": [0.2227593, 0.162963],
                    "b": [0.2227593, 0.197037],
                    "kind": "door",
                    "depthM": 0.24738,
                    "sillM": 0,
                    "heightM": 2.1,
                    "basis": "Reviewed published raster plan; vertical dimensions and glazing type inferred",
                    "hinge": [0.2227593, 0.162963],
                    "openTip": [0.2354019, 0.162963]
                  },
                  {
                    "a": [0.16944, 0.414074],
                    "b": [0.16944, 0.448889],
                    "kind": "glazedDoor",
                    "depthM": 0.45942,
                    "sillM": 0,
                    "heightM": 2.3,
                    "basis": "Reviewed published raster plan; vertical dimensions and glazing type inferred"
                  },
                  {
                    "a": [0.1739748, 0.391111],
                    "b": [0.1857931, 0.391111],
                    "kind": "door",
                    "depthM": 0.28272,
                    "sillM": 0,
                    "heightM": 2.1,
                    "basis": "Reviewed published raster plan; vertical dimensions and glazing type inferred",
                    "hinge": [0.1857931, 0.391111],
                    "openTip": [0.1857931, 0.359259]
                  },
                  {
                    "a": [0.1852431, 0.004815],
                    "b": [0.1984357, 0.004815],
                    "kind": "glazedDoor",
                    "depthM": 0.45942,
                    "sillM": 0,
                    "heightM": 2.3,
                    "basis": "Reviewed published raster plan; vertical dimensions and glazing type inferred"
                  },
                  {
                    "a": [0.0017866, 0.079259],
                    "b": [0.0017866, 0.097778],
                    "kind": "door",
                    "depthM": 0.45942,
                    "sillM": 0,
                    "heightM": 2.1,
                    "basis": "Reviewed published raster plan; vertical dimensions and glazing type inferred",
                    "hinge": [0.0017866, 0.097778],
                    "openTip": [0.0086574, 0.097778]
                  }
                ],
                "stairs": [
                  {
                    "a": [0.0261098, 0.086667],
                    "b": [0.0261098, 0.037778],
                    "widthM": 1.27224,
                    "steps": 9,
                    "fromM": 0.0,
                    "toM": 1.22727
                  },
                  {
                    "a": [0.0211627, 0.023704],
                    "b": [0.0140169, 0.023704],
                    "widthM": 1.27224,
                    "steps": 4,
                    "fromM": 1.22727,
                    "toM": 1.77273
                  },
                  {
                    "a": [0.008795, 0.037778],
                    "b": [0.008795, 0.086667],
                    "widthM": 1.27224,
                    "steps": 9,
                    "fromM": 1.77273,
                    "toM": 3.0
                  },
                  {
                    "a": [0.2239959, 0.088889],
                    "b": [0.2239959, 0.045185],
                    "widthM": 1.4136,
                    "steps": 8,
                    "fromM": 0.0,
                    "toM": 1.0
                  },
                  {
                    "a": [0.2077804, 0.03037],
                    "b": [0.1926639, 0.03037],
                    "widthM": 1.27224,
                    "steps": 8,
                    "fromM": 1.0,
                    "toM": 2.0
                  },
                  {
                    "a": [0.176998, 0.045185],
                    "b": [0.176998, 0.088889],
                    "widthM": 1.4136,
                    "steps": 8,
                    "fromM": 2.0,
                    "toM": 3.0
                  },
                  {
                    "a": [0.2872095, 0.974074],
                    "b": [0.3026007, 0.974074],
                    "widthM": 1.30758,
                    "steps": 9,
                    "fromM": 0.0,
                    "toM": 1.28571
                  },
                  {
                    "a": [0.3080975, 0.960741],
                    "b": [0.3080975, 0.947407],
                    "widthM": 1.27224,
                    "steps": 3,
                    "fromM": 1.28571,
                    "toM": 1.71429
                  },
                  {
                    "a": [0.3026007, 0.933333],
                    "b": [0.2872095, 0.933333],
                    "widthM": 1.30758,
                    "steps": 9,
                    "fromM": 1.71429,
                    "toM": 3.0
                  }
                ],
                "landings": [],
                "platforms": [
                  {
                    "rings": [
                      [
                        [0.0211627, 0.01037],
                        [0.031332, 0.01037],
                        [0.031332, 0.037778],
                        [0.0211627, 0.037778]
                      ]
                    ],
                    "elevationM": 1.2272727272727273
                  },
                  {
                    "rings": [
                      [
                        [0.0038479, 0.01037],
                        [0.0140169, 0.01037],
                        [0.0140169, 0.037778],
                        [0.0038479, 0.037778]
                      ]
                    ],
                    "elevationM": 1.7727272727272727
                  },
                  {
                    "rings": [
                      [
                        [0.2077804, 0.011111],
                        [0.2294927, 0.011111],
                        [0.2294927, 0.045185],
                        [0.2077804, 0.045185]
                      ]
                    ],
                    "elevationM": 1.0
                  },
                  {
                    "rings": [
                      [
                        [0.1715012, 0.011111],
                        [0.1926639, 0.011111],
                        [0.1926639, 0.045185],
                        [0.1715012, 0.045185]
                      ]
                    ],
                    "elevationM": 2.0
                  },
                  {
                    "rings": [
                      [
                        [0.3026007, 0.960741],
                        [0.3133194, 0.960741],
                        [0.3133194, 0.98963],
                        [0.3026007, 0.98963]
                      ]
                    ],
                    "elevationM": 1.2857142857142858
                  },
                  {
                    "rings": [
                      [
                        [0.3026007, 0.919259],
                        [0.3133194, 0.919259],
                        [0.3133194, 0.947407],
                        [0.3026007, 0.947407]
                      ]
                    ],
                    "elevationM": 1.7142857142857142
                  }
                ],
                "railings": [],
                "inference": {
                  "wallFootprints": "reviewed raster wall and column traces",
                  "openings": "reviewed window strokes, door swings and lift shaft entries",
                  "verticalDimensions": "estimated",
                  "stairRise": "measured tread counts divide an estimated 3 m storey",
                  "coverage": "open office on levels 0–6; level 7 northern office with southern roof terrace"
                },
                "quality": {
                  "floorAreaM2": 1324.03,
                  "wallAreaM2": 109.18,
                  "modelledOpenings": 56
                }
              }
            },
            {
              "id": "F3-layout-1",
              "source": {
                "url": "https://pionir.hr/wp-content/katalozi/savica/objekt_f3/1kat-min.pdf",
                "sha256": "a61bf15c590a8075debab1fd05bcdae0b6a616078bb3d597faec7a4ee73e3d27",
                "page": 1,
                "crop": [
                  472.0,
                  87.0,
                  1049.0,
                  762.0
                ],
                "method": "reviewed raster trace; source frame translated to the common building coordinates",
                "commonFrameTransform": {
                  "offset": [0, 0],
                  "scale": [0.31716726370901077, 1.0]
                }
              },
              "architecture": {
                "schema": "consensus-builder.floor-architecture.v1",
                "dimensionsM": [128.5832576889661, 47.709],
                "wallHeightM": 2.8,
                "slabThicknessM": 0.2,
                "walls": [
                  [
                    [
                      [0.2176744, 0.044444],
                      [0.1830445, 0.044444],
                      [0.1830445, 0.101481],
                      [0.1860678, 0.101481],
                      [0.1860678, 0.094815],
                      [0.1855181, 0.094815],
                      [0.1855181, 0.051111],
                      [0.1992603, 0.051111],
                      [0.1992603, 0.094815],
                      [0.1989853, 0.094815],
                      [0.1989853, 0.101481],
                      [0.2020086, 0.101481],
                      [0.2020086, 0.094815],
                      [0.2017339, 0.094815],
                      [0.2017339, 0.051111],
                      [0.2152012, 0.051111],
                      [0.2152012, 0.094815],
                      [0.2149262, 0.094815],
                      [0.2149262, 0.101481],
                      [0.2176744, 0.101481]
                    ]
                  ],
                  [
                    [
                      [0.0577168, 0.117778],
                      [0.0577168, 0.083704],
                      [0.053594, 0.083704],
                      [0.053594, 0.117778]
                    ]
                  ],
                  [
                    [
                      [0.1019661, 0.117778],
                      [0.1019661, 0.083704],
                      [0.0978436, 0.083704],
                      [0.0978436, 0.117778]
                    ]
                  ],
                  [
                    [
                      [0.1464907, 0.117778],
                      [0.1464907, 0.083704],
                      [0.1423678, 0.083704],
                      [0.1423678, 0.117778]
                    ]
                  ],
                  [
                    [
                      [0.1987104, 0.137778],
                      [0.1987104, 0.131852],
                      [0.1715012, 0.131852],
                      [0.1715012, 0.137778]
                    ]
                  ],
                  [
                    [
                      [0.2294927, 0.137778],
                      [0.2294927, 0.131852],
                      [0.2127276, 0.131852],
                      [0.2127276, 0.137778]
                    ]
                  ],
                  [
                    [
                      [0.0577168, 0.277037],
                      [0.0577168, 0.242963],
                      [0.053594, 0.242963],
                      [0.053594, 0.277037]
                    ]
                  ],
                  [
                    [
                      [0.1019661, 0.277037],
                      [0.1019661, 0.242963],
                      [0.0978436, 0.242963],
                      [0.0978436, 0.277037]
                    ]
                  ],
                  [
                    [
                      [0.1745245, 0.334815],
                      [0.1712262, 0.334815],
                      [0.1712262, 0.348889],
                      [0.1448414, 0.348889],
                      [0.1448414, 0.297037],
                      [0.1712262, 0.297037],
                      [0.1712262, 0.302963],
                      [0.1745245, 0.302963],
                      [0.1745245, 0.284444],
                      [0.1712262, 0.284444],
                      [0.1712262, 0.28963],
                      [0.1448414, 0.28963],
                      [0.1448414, 0.237778],
                      [0.1712262, 0.237778],
                      [0.1712262, 0.252593],
                      [0.1745245, 0.252593],
                      [0.1745245, 0.228889],
                      [0.1415435, 0.228889],
                      [0.1415435, 0.357778],
                      [0.1745245, 0.357778]
                    ]
                  ],
                  [
                    [
                      [0.032981, 0.395556],
                      [0.032981, 0.385926],
                      [0.0035729, 0.385926],
                      [0.0035729, 0.305185],
                      [0.0, 0.305185],
                      [0.0, 0.395556]
                    ]
                  ],
                  [
                    [
                      [0.0563425, 0.395556],
                      [0.0563425, 0.385926],
                      [0.0478225, 0.385926],
                      [0.0478225, 0.395556]
                    ]
                  ],
                  [
                    [
                      [0.0797041, 0.395556],
                      [0.0797041, 0.385926],
                      [0.0709091, 0.385926],
                      [0.0709091, 0.395556]
                    ]
                  ],
                  [
                    [
                      [0.1027907, 0.395556],
                      [0.1027907, 0.385926],
                      [0.0942707, 0.385926],
                      [0.0942707, 0.395556]
                    ]
                  ],
                  [
                    [
                      [0.1264273, 0.395556],
                      [0.1264273, 0.385926],
                      [0.1179069, 0.385926],
                      [0.1179069, 0.395556]
                    ]
                  ],
                  [
                    [
                      [0.1676533, 0.395556],
                      [0.1676533, 0.491111],
                      [0.1712262, 0.491111],
                      [0.1712262, 0.385926],
                      [0.1412685, 0.385926],
                      [0.1412685, 0.395556]
                    ]
                  ],
                  [
                    [
                      [0.1676533, 0.554074],
                      [0.1712262, 0.554074],
                      [0.1712262, 0.531111],
                      [0.1676533, 0.531111]
                    ]
                  ],
                  [
                    [
                      [0.1676533, 0.617037],
                      [0.1712262, 0.617037],
                      [0.1712262, 0.594074],
                      [0.1676533, 0.594074]
                    ]
                  ],
                  [
                    [
                      [0.1676533, 0.68],
                      [0.1712262, 0.68],
                      [0.1712262, 0.657037],
                      [0.1676533, 0.657037]
                    ]
                  ],
                  [
                    [
                      [0.1676533, 0.743704],
                      [0.1712262, 0.743704],
                      [0.1712262, 0.72],
                      [0.1676533, 0.72]
                    ]
                  ],
                  [
                    [
                      [0.1676533, 0.806667],
                      [0.1712262, 0.806667],
                      [0.1712262, 0.782963],
                      [0.1676533, 0.782963]
                    ]
                  ],
                  [
                    [
                      [0.1676533, 0.86963],
                      [0.1712262, 0.86963],
                      [0.1712262, 0.845926],
                      [0.1676533, 0.845926]
                    ]
                  ],
                  [
                    [
                      [0.1676533, 1.0],
                      [0.2033829, 1.0],
                      [0.2033829, 0.99037],
                      [0.1712262, 0.99037],
                      [0.1712262, 0.908889],
                      [0.1676533, 0.908889]
                    ]
                  ],
                  [
                    [
                      [0.2267445, 1.0],
                      [0.2267445, 0.99037],
                      [0.2176744, 0.99037],
                      [0.2176744, 1.0]
                    ]
                  ],
                  [
                    [
                      [0.2501061, 1.0],
                      [0.2501061, 0.99037],
                      [0.241036, 0.99037],
                      [0.241036, 1.0]
                    ]
                  ],
                  [
                    [
                      [0.2811631, 1.0],
                      [0.2811631, 0.99037],
                      [0.2643976, 0.99037],
                      [0.2643976, 1.0]
                    ]
                  ],
                  [
                    [
                      [0.3171673, 1.0],
                      [0.3171673, 0.875556],
                      [0.3135944, 0.875556],
                      [0.3135944, 0.91037],
                      [0.2654969, 0.91037],
                      [0.2654969, 0.919259],
                      [0.2693448, 0.919259],
                      [0.2698944, 0.919259],
                      [0.2718184, 0.919259],
                      [0.272368, 0.919259],
                      [0.3135944, 0.919259],
                      [0.3135944, 0.99037],
                      [0.2877592, 0.99037],
                      [0.2877592, 1.0]
                    ]
                  ],
                  [
                    [
                      [0.3171673, 0.811852],
                      [0.3135944, 0.811852],
                      [0.3135944, 0.836296],
                      [0.3171673, 0.836296]
                    ]
                  ],
                  [
                    [
                      [0.3171673, 0.748889],
                      [0.3135944, 0.748889],
                      [0.3135944, 0.773333],
                      [0.3171673, 0.773333]
                    ]
                  ],
                  [
                    [
                      [0.3171673, 0.685926],
                      [0.3135944, 0.685926],
                      [0.3135944, 0.71037],
                      [0.3171673, 0.71037]
                    ]
                  ],
                  [
                    [
                      [0.3171673, 0.622963],
                      [0.3135944, 0.622963],
                      [0.3135944, 0.646667],
                      [0.3171673, 0.646667]
                    ]
                  ],
                  [
                    [
                      [0.3171673, 0.56],
                      [0.3135944, 0.56],
                      [0.3135944, 0.584444],
                      [0.3171673, 0.584444]
                    ]
                  ],
                  [
                    [
                      [0.3171673, 0.497037],
                      [0.3135944, 0.497037],
                      [0.3135944, 0.520741],
                      [0.3171673, 0.520741]
                    ]
                  ],
                  [
                    [
                      [0.3171673, 0.434074],
                      [0.3135944, 0.434074],
                      [0.3135944, 0.457778],
                      [0.3171673, 0.457778]
                    ]
                  ],
                  [
                    [
                      [0.3171673, 0.371111],
                      [0.3135944, 0.371111],
                      [0.3135944, 0.394815],
                      [0.3171673, 0.394815]
                    ]
                  ],
                  [
                    [
                      [0.3171673, 0.308148],
                      [0.3135944, 0.308148],
                      [0.3135944, 0.331852],
                      [0.3171673, 0.331852]
                    ]
                  ],
                  [
                    [
                      [0.3171673, 0.244444],
                      [0.3135944, 0.244444],
                      [0.3135944, 0.268889],
                      [0.3171673, 0.268889]
                    ]
                  ],
                  [
                    [
                      [0.3171673, 0.181481],
                      [0.3135944, 0.181481],
                      [0.3135944, 0.205926],
                      [0.3171673, 0.205926]
                    ]
                  ],
                  [
                    [
                      [0.3171673, 0.118519],
                      [0.3135944, 0.118519],
                      [0.3135944, 0.142963],
                      [0.3171673, 0.142963]
                    ]
                  ],
                  [
                    [
                      [0.3171673, 0.0],
                      [0.2894082, 0.0],
                      [0.2894082, 0.00963],
                      [0.3135944, 0.00963],
                      [0.3135944, 0.08],
                      [0.3171673, 0.08]
                    ]
                  ],
                  [
                    [
                      [0.2660466, 0.0],
                      [0.2660466, 0.00963],
                      [0.2751166, 0.00963],
                      [0.2751166, 0.0]
                    ]
                  ],
                  [
                    [
                      [0.2193237, 0.0],
                      [0.2193237, 0.00963],
                      [0.2294927, 0.00963],
                      [0.2294927, 0.102963],
                      [0.2322413, 0.102963],
                      [0.2322413, 0.137037],
                      [0.2440593, 0.137037],
                      [0.2440593, 0.00963],
                      [0.25148, 0.00963],
                      [0.25148, 0.0]
                    ]
                  ],
                  [
                    [
                      [0.1959621, 0.0],
                      [0.1959621, 0.00963],
                      [0.2050318, 0.00963],
                      [0.2050318, 0.0]
                    ]
                  ],
                  [
                    [
                      [0.1495139, 0.0],
                      [0.1495139, 0.00963],
                      [0.156385, 0.00963],
                      [0.156385, 0.137037],
                      [0.1679283, 0.137037],
                      [0.1679283, 0.00963],
                      [0.168203, 0.00963],
                      [0.168203, 0.102963],
                      [0.1715012, 0.102963],
                      [0.1715012, 0.00963],
                      [0.1816702, 0.00963],
                      [0.1816702, 0.0]
                    ]
                  ],
                  [
                    [
                      [0.1261523, 0.0],
                      [0.1261523, 0.00963],
                      [0.135222, 0.00963],
                      [0.135222, 0.0]
                    ]
                  ],
                  [
                    [
                      [0.1025161, 0.0],
                      [0.1025161, 0.00963],
                      [0.1115858, 0.00963],
                      [0.1115858, 0.0]
                    ]
                  ],
                  [
                    [
                      [0.0791545, 0.0],
                      [0.0791545, 0.00963],
                      [0.0879492, 0.00963],
                      [0.0879492, 0.0]
                    ]
                  ],
                  [
                    [
                      [0.0560676, 0.0],
                      [0.0560676, 0.00963],
                      [0.0645879, 0.00963],
                      [0.0645879, 0.0]
                    ]
                  ],
                  [
                    [
                      [0.0, 0.0],
                      [0.0, 0.077778],
                      [0.0035729, 0.077778],
                      [0.0035729, 0.00963],
                      [0.0316067, 0.00963],
                      [0.0316067, 0.112593],
                      [0.031332, 0.112593],
                      [0.031332, 0.117778],
                      [0.0346299, 0.117778],
                      [0.0346299, 0.117037],
                      [0.0346299, 0.112593],
                      [0.0346299, 0.00963],
                      [0.0412264, 0.00963],
                      [0.0412264, 0.0]
                    ]
                  ],
                  [
                    [
                      [0.0, 0.141481],
                      [0.0035729, 0.141481],
                      [0.0035729, 0.095556],
                      [0.0, 0.095556]
                    ]
                  ],
                  [
                    [
                      [0.0, 0.205185],
                      [0.0035729, 0.205185],
                      [0.0035729, 0.178519],
                      [0.0, 0.178519]
                    ]
                  ],
                  [
                    [
                      [0.0, 0.268889],
                      [0.0035729, 0.268889],
                      [0.0035729, 0.241481],
                      [0.0, 0.241481]
                    ]
                  ],
                  [
                    [
                      [0.2698944, 0.98963],
                      [0.2718184, 0.98963],
                      [0.2718184, 0.944444],
                      [0.2698944, 0.944444]
                    ]
                  ],
                  [
                    [
                      [0.0038479, 0.112593],
                      [0.0038479, 0.117778],
                      [0.0228119, 0.117778],
                      [0.0228119, 0.112593]
                    ]
                  ],
                  [
                    [
                      [0.2193237, 0.566667],
                      [0.2193237, 0.555556],
                      [0.2066808, 0.555556],
                      [0.2066808, 0.566667]
                    ]
                  ],
                  [
                    [
                      [0.2193237, 0.917778],
                      [0.2193237, 0.906667],
                      [0.2066808, 0.906667],
                      [0.2066808, 0.917778]
                    ]
                  ],
                  [
                    [
                      [0.2696198, 0.117778],
                      [0.2696198, 0.083704],
                      [0.2654969, 0.083704],
                      [0.2654969, 0.117778]
                    ]
                  ],
                  [
                    [
                      [0.2696198, 0.199259],
                      [0.2696198, 0.164444],
                      [0.2654969, 0.164444],
                      [0.2654969, 0.199259]
                    ]
                  ],
                  [
                    [
                      [0.2193237, 0.243704],
                      [0.2193237, 0.232593],
                      [0.2066808, 0.232593],
                      [0.2066808, 0.243704]
                    ]
                  ],
                  [
                    [
                      [0.2193237, 0.335556],
                      [0.2193237, 0.324444],
                      [0.2066808, 0.324444],
                      [0.2066808, 0.335556]
                    ]
                  ],
                  [
                    [
                      [0.2781398, 0.335556],
                      [0.2781398, 0.324444],
                      [0.2654969, 0.324444],
                      [0.2654969, 0.335556]
                    ]
                  ],
                  [
                    [
                      [0.2193237, 0.448889],
                      [0.2193237, 0.437778],
                      [0.2066808, 0.437778],
                      [0.2066808, 0.448889]
                    ]
                  ],
                  [
                    [
                      [0.2781398, 0.448889],
                      [0.2781398, 0.437778],
                      [0.2654969, 0.437778],
                      [0.2654969, 0.448889]
                    ]
                  ],
                  [
                    [
                      [0.2781398, 0.566667],
                      [0.2781398, 0.555556],
                      [0.2654969, 0.555556],
                      [0.2654969, 0.566667]
                    ]
                  ],
                  [
                    [
                      [0.2193237, 0.684444],
                      [0.2193237, 0.673333],
                      [0.2066808, 0.673333],
                      [0.2066808, 0.684444]
                    ]
                  ],
                  [
                    [
                      [0.2781398, 0.684444],
                      [0.2781398, 0.673333],
                      [0.2654969, 0.673333],
                      [0.2654969, 0.684444]
                    ]
                  ],
                  [
                    [
                      [0.2193237, 0.802222],
                      [0.2193237, 0.791111],
                      [0.2066808, 0.791111],
                      [0.2066808, 0.802222]
                    ]
                  ],
                  [
                    [
                      [0.2781398, 0.802222],
                      [0.2781398, 0.791111],
                      [0.2654969, 0.791111],
                      [0.2654969, 0.802222]
                    ]
                  ]
                ],
                "slabs": [
                  [
                    [
                      [0.0, 0.395556],
                      [0.1676533, 0.395556],
                      [0.1676533, 1.0],
                      [0.3171673, 1.0],
                      [0.3171673, 0.0],
                      [0.0, 0.0]
                    ],
                    [
                      [0.0038479, 0.09037],
                      [0.0038479, 0.01037],
                      [0.031332, 0.01037],
                      [0.031332, 0.09037]
                    ],
                    [
                      [0.1715012, 0.094074],
                      [0.1715012, 0.01037],
                      [0.2294927, 0.01037],
                      [0.2294927, 0.094074]
                    ],
                    [
                      [0.145941, 0.24],
                      [0.1701269, 0.24],
                      [0.1701269, 0.28963],
                      [0.145941, 0.28963]
                    ],
                    [
                      [0.145941, 0.345926],
                      [0.145941, 0.297037],
                      [0.1701269, 0.297037],
                      [0.1701269, 0.345926]
                    ],
                    [
                      [0.3135944, 0.98963],
                      [0.2811631, 0.98963],
                      [0.2811631, 0.919259],
                      [0.3135944, 0.919259]
                    ]
                  ]
                ],
                "openings": [
                  {
                    "a": [0.0412264, 0.004815],
                    "b": [0.0560676, 0.004815],
                    "kind": "window",
                    "depthM": 0.45942,
                    "sillM": 0.85,
                    "heightM": 1.45,
                    "basis": "Reviewed published raster plan; vertical dimensions and glazing type inferred"
                  },
                  {
                    "a": [0.0645879, 0.004815],
                    "b": [0.0791545, 0.004815],
                    "kind": "window",
                    "depthM": 0.45942,
                    "sillM": 0.85,
                    "heightM": 1.45,
                    "basis": "Reviewed published raster plan; vertical dimensions and glazing type inferred"
                  },
                  {
                    "a": [0.0879492, 0.004815],
                    "b": [0.1025161, 0.004815],
                    "kind": "window",
                    "depthM": 0.45942,
                    "sillM": 0.85,
                    "heightM": 1.45,
                    "basis": "Reviewed published raster plan; vertical dimensions and glazing type inferred"
                  },
                  {
                    "a": [0.1115858, 0.004815],
                    "b": [0.1261523, 0.004815],
                    "kind": "window",
                    "depthM": 0.45942,
                    "sillM": 0.85,
                    "heightM": 1.45,
                    "basis": "Reviewed published raster plan; vertical dimensions and glazing type inferred"
                  },
                  {
                    "a": [0.135222, 0.004815],
                    "b": [0.1495139, 0.004815],
                    "kind": "window",
                    "depthM": 0.45942,
                    "sillM": 0.85,
                    "heightM": 1.45,
                    "basis": "Reviewed published raster plan; vertical dimensions and glazing type inferred"
                  },
                  {
                    "a": [0.1816702, 0.004815],
                    "b": [0.1959621, 0.004815],
                    "kind": "window",
                    "depthM": 0.45942,
                    "sillM": 0.85,
                    "heightM": 1.45,
                    "basis": "Reviewed published raster plan; vertical dimensions and glazing type inferred"
                  },
                  {
                    "a": [0.2050318, 0.004815],
                    "b": [0.2193237, 0.004815],
                    "kind": "window",
                    "depthM": 0.45942,
                    "sillM": 0.85,
                    "heightM": 1.45,
                    "basis": "Reviewed published raster plan; vertical dimensions and glazing type inferred"
                  },
                  {
                    "a": [0.25148, 0.004815],
                    "b": [0.2660466, 0.004815],
                    "kind": "window",
                    "depthM": 0.45942,
                    "sillM": 0.85,
                    "heightM": 1.45,
                    "basis": "Reviewed published raster plan; vertical dimensions and glazing type inferred"
                  },
                  {
                    "a": [0.2751166, 0.004815],
                    "b": [0.2894082, 0.004815],
                    "kind": "window",
                    "depthM": 0.45942,
                    "sillM": 0.85,
                    "heightM": 1.45,
                    "basis": "Reviewed published raster plan; vertical dimensions and glazing type inferred"
                  },
                  {
                    "a": [0.0017866, 0.077778],
                    "b": [0.0017866, 0.095556],
                    "kind": "window",
                    "depthM": 0.45942,
                    "sillM": 0.85,
                    "heightM": 1.45,
                    "basis": "Reviewed published raster plan; vertical dimensions and glazing type inferred"
                  },
                  {
                    "a": [0.0017866, 0.141481],
                    "b": [0.0017866, 0.178519],
                    "kind": "window",
                    "depthM": 0.45942,
                    "sillM": 0.85,
                    "heightM": 1.45,
                    "basis": "Reviewed published raster plan; vertical dimensions and glazing type inferred"
                  },
                  {
                    "a": [0.0017866, 0.205185],
                    "b": [0.0017866, 0.241481],
                    "kind": "window",
                    "depthM": 0.45942,
                    "sillM": 0.85,
                    "heightM": 1.45,
                    "basis": "Reviewed published raster plan; vertical dimensions and glazing type inferred"
                  },
                  {
                    "a": [0.0017866, 0.268889],
                    "b": [0.0017866, 0.305185],
                    "kind": "window",
                    "depthM": 0.45942,
                    "sillM": 0.85,
                    "heightM": 1.45,
                    "basis": "Reviewed published raster plan; vertical dimensions and glazing type inferred"
                  },
                  {
                    "a": [0.032981, 0.390741],
                    "b": [0.0478225, 0.390741],
                    "kind": "window",
                    "depthM": 0.45942,
                    "sillM": 0.85,
                    "heightM": 1.45,
                    "basis": "Reviewed published raster plan; vertical dimensions and glazing type inferred"
                  },
                  {
                    "a": [0.0563425, 0.390741],
                    "b": [0.0709091, 0.390741],
                    "kind": "window",
                    "depthM": 0.45942,
                    "sillM": 0.85,
                    "heightM": 1.45,
                    "basis": "Reviewed published raster plan; vertical dimensions and glazing type inferred"
                  },
                  {
                    "a": [0.0797041, 0.390741],
                    "b": [0.0942707, 0.390741],
                    "kind": "window",
                    "depthM": 0.45942,
                    "sillM": 0.85,
                    "heightM": 1.45,
                    "basis": "Reviewed published raster plan; vertical dimensions and glazing type inferred"
                  },
                  {
                    "a": [0.1027907, 0.390741],
                    "b": [0.1179069, 0.390741],
                    "kind": "window",
                    "depthM": 0.45942,
                    "sillM": 0.85,
                    "heightM": 1.45,
                    "basis": "Reviewed published raster plan; vertical dimensions and glazing type inferred"
                  },
                  {
                    "a": [0.1264273, 0.390741],
                    "b": [0.1412685, 0.390741],
                    "kind": "window",
                    "depthM": 0.45942,
                    "sillM": 0.85,
                    "heightM": 1.45,
                    "basis": "Reviewed published raster plan; vertical dimensions and glazing type inferred"
                  },
                  {
                    "a": [0.3153807, 0.08],
                    "b": [0.3153807, 0.118519],
                    "kind": "window",
                    "depthM": 0.45942,
                    "sillM": 0.85,
                    "heightM": 1.45,
                    "basis": "Reviewed published raster plan; vertical dimensions and glazing type inferred"
                  },
                  {
                    "a": [0.3153807, 0.142963],
                    "b": [0.3153807, 0.181481],
                    "kind": "window",
                    "depthM": 0.45942,
                    "sillM": 0.85,
                    "heightM": 1.45,
                    "basis": "Reviewed published raster plan; vertical dimensions and glazing type inferred"
                  },
                  {
                    "a": [0.3153807, 0.205926],
                    "b": [0.3153807, 0.244444],
                    "kind": "window",
                    "depthM": 0.45942,
                    "sillM": 0.85,
                    "heightM": 1.45,
                    "basis": "Reviewed published raster plan; vertical dimensions and glazing type inferred"
                  },
                  {
                    "a": [0.3153807, 0.268889],
                    "b": [0.3153807, 0.308148],
                    "kind": "window",
                    "depthM": 0.45942,
                    "sillM": 0.85,
                    "heightM": 1.45,
                    "basis": "Reviewed published raster plan; vertical dimensions and glazing type inferred"
                  },
                  {
                    "a": [0.3153807, 0.331852],
                    "b": [0.3153807, 0.371111],
                    "kind": "window",
                    "depthM": 0.45942,
                    "sillM": 0.85,
                    "heightM": 1.45,
                    "basis": "Reviewed published raster plan; vertical dimensions and glazing type inferred"
                  },
                  {
                    "a": [0.3153807, 0.394815],
                    "b": [0.3153807, 0.434074],
                    "kind": "window",
                    "depthM": 0.45942,
                    "sillM": 0.85,
                    "heightM": 1.45,
                    "basis": "Reviewed published raster plan; vertical dimensions and glazing type inferred"
                  },
                  {
                    "a": [0.3153807, 0.457778],
                    "b": [0.3153807, 0.497037],
                    "kind": "window",
                    "depthM": 0.45942,
                    "sillM": 0.85,
                    "heightM": 1.45,
                    "basis": "Reviewed published raster plan; vertical dimensions and glazing type inferred"
                  },
                  {
                    "a": [0.3153807, 0.520741],
                    "b": [0.3153807, 0.56],
                    "kind": "window",
                    "depthM": 0.45942,
                    "sillM": 0.85,
                    "heightM": 1.45,
                    "basis": "Reviewed published raster plan; vertical dimensions and glazing type inferred"
                  },
                  {
                    "a": [0.3153807, 0.584444],
                    "b": [0.3153807, 0.622963],
                    "kind": "window",
                    "depthM": 0.45942,
                    "sillM": 0.85,
                    "heightM": 1.45,
                    "basis": "Reviewed published raster plan; vertical dimensions and glazing type inferred"
                  },
                  {
                    "a": [0.3153807, 0.646667],
                    "b": [0.3153807, 0.685926],
                    "kind": "window",
                    "depthM": 0.45942,
                    "sillM": 0.85,
                    "heightM": 1.45,
                    "basis": "Reviewed published raster plan; vertical dimensions and glazing type inferred"
                  },
                  {
                    "a": [0.3153807, 0.71037],
                    "b": [0.3153807, 0.748889],
                    "kind": "window",
                    "depthM": 0.45942,
                    "sillM": 0.85,
                    "heightM": 1.45,
                    "basis": "Reviewed published raster plan; vertical dimensions and glazing type inferred"
                  },
                  {
                    "a": [0.3153807, 0.773333],
                    "b": [0.3153807, 0.811852],
                    "kind": "window",
                    "depthM": 0.45942,
                    "sillM": 0.85,
                    "heightM": 1.45,
                    "basis": "Reviewed published raster plan; vertical dimensions and glazing type inferred"
                  },
                  {
                    "a": [0.3153807, 0.836296],
                    "b": [0.3153807, 0.875556],
                    "kind": "window",
                    "depthM": 0.45942,
                    "sillM": 0.85,
                    "heightM": 1.45,
                    "basis": "Reviewed published raster plan; vertical dimensions and glazing type inferred"
                  },
                  {
                    "a": [0.16944, 0.491111],
                    "b": [0.16944, 0.531111],
                    "kind": "window",
                    "depthM": 0.45942,
                    "sillM": 0.85,
                    "heightM": 1.45,
                    "basis": "Reviewed published raster plan; vertical dimensions and glazing type inferred"
                  },
                  {
                    "a": [0.16944, 0.554074],
                    "b": [0.16944, 0.594074],
                    "kind": "window",
                    "depthM": 0.45942,
                    "sillM": 0.85,
                    "heightM": 1.45,
                    "basis": "Reviewed published raster plan; vertical dimensions and glazing type inferred"
                  },
                  {
                    "a": [0.16944, 0.617037],
                    "b": [0.16944, 0.657037],
                    "kind": "window",
                    "depthM": 0.45942,
                    "sillM": 0.85,
                    "heightM": 1.45,
                    "basis": "Reviewed published raster plan; vertical dimensions and glazing type inferred"
                  },
                  {
                    "a": [0.16944, 0.68],
                    "b": [0.16944, 0.72],
                    "kind": "window",
                    "depthM": 0.45942,
                    "sillM": 0.85,
                    "heightM": 1.45,
                    "basis": "Reviewed published raster plan; vertical dimensions and glazing type inferred"
                  },
                  {
                    "a": [0.16944, 0.743704],
                    "b": [0.16944, 0.782963],
                    "kind": "window",
                    "depthM": 0.45942,
                    "sillM": 0.85,
                    "heightM": 1.45,
                    "basis": "Reviewed published raster plan; vertical dimensions and glazing type inferred"
                  },
                  {
                    "a": [0.16944, 0.806667],
                    "b": [0.16944, 0.845926],
                    "kind": "window",
                    "depthM": 0.45942,
                    "sillM": 0.85,
                    "heightM": 1.45,
                    "basis": "Reviewed published raster plan; vertical dimensions and glazing type inferred"
                  },
                  {
                    "a": [0.16944, 0.86963],
                    "b": [0.16944, 0.908889],
                    "kind": "window",
                    "depthM": 0.45942,
                    "sillM": 0.85,
                    "heightM": 1.45,
                    "basis": "Reviewed published raster plan; vertical dimensions and glazing type inferred"
                  },
                  {
                    "a": [0.2033829, 0.995185],
                    "b": [0.2176744, 0.995185],
                    "kind": "window",
                    "depthM": 0.45942,
                    "sillM": 0.85,
                    "heightM": 1.45,
                    "basis": "Reviewed published raster plan; vertical dimensions and glazing type inferred"
                  },
                  {
                    "a": [0.2267445, 0.995185],
                    "b": [0.241036, 0.995185],
                    "kind": "window",
                    "depthM": 0.45942,
                    "sillM": 0.85,
                    "heightM": 1.45,
                    "basis": "Reviewed published raster plan; vertical dimensions and glazing type inferred"
                  },
                  {
                    "a": [0.2501061, 0.995185],
                    "b": [0.2643976, 0.995185],
                    "kind": "window",
                    "depthM": 0.45942,
                    "sillM": 0.85,
                    "heightM": 1.45,
                    "basis": "Reviewed published raster plan; vertical dimensions and glazing type inferred"
                  },
                  {
                    "a": [0.2811631, 0.995185],
                    "b": [0.2877592, 0.995185],
                    "kind": "window",
                    "depthM": 0.45942,
                    "sillM": 0.85,
                    "heightM": 1.45,
                    "basis": "Reviewed published raster plan; vertical dimensions and glazing type inferred"
                  },
                  {
                    "a": [0.0228119, 0.115185],
                    "b": [0.031332, 0.115185],
                    "kind": "door",
                    "depthM": 0.24738,
                    "sillM": 0,
                    "heightM": 2.1,
                    "basis": "Reviewed published raster plan; vertical dimensions and glazing type inferred",
                    "hinge": [0.031332, 0.115185],
                    "openTip": [0.031332, 0.092222]
                  },
                  {
                    "a": [0.1987104, 0.134815],
                    "b": [0.2055815, 0.134815],
                    "kind": "door",
                    "depthM": 0.28272,
                    "sillM": 0,
                    "heightM": 2.1,
                    "basis": "Reviewed published raster plan; vertical dimensions and glazing type inferred",
                    "hinge": [0.1987104, 0.134815],
                    "openTip": [0.1987104, 0.116296]
                  },
                  {
                    "a": [0.2055815, 0.134815],
                    "b": [0.2127276, 0.134815],
                    "kind": "door",
                    "depthM": 0.28272,
                    "sillM": 0,
                    "heightM": 2.1,
                    "basis": "Reviewed published raster plan; vertical dimensions and glazing type inferred",
                    "hinge": [0.2127276, 0.134815],
                    "openTip": [0.2127276, 0.115556]
                  },
                  {
                    "a": [0.1860678, 0.099259],
                    "b": [0.1989853, 0.099259],
                    "kind": "slidingDoor",
                    "depthM": 0.42408,
                    "sillM": 0,
                    "heightM": 2.1,
                    "basis": "Reviewed published raster plan; vertical dimensions and glazing type inferred"
                  },
                  {
                    "a": [0.2020086, 0.099259],
                    "b": [0.2149262, 0.099259],
                    "kind": "slidingDoor",
                    "depthM": 0.42408,
                    "sillM": 0,
                    "heightM": 2.1,
                    "basis": "Reviewed published raster plan; vertical dimensions and glazing type inferred"
                  },
                  {
                    "a": [0.1728755, 0.252593],
                    "b": [0.1728755, 0.284444],
                    "kind": "slidingDoor",
                    "depthM": 0.42408,
                    "sillM": 0,
                    "heightM": 2.1,
                    "basis": "Reviewed published raster plan; vertical dimensions and glazing type inferred"
                  },
                  {
                    "a": [0.1728755, 0.302963],
                    "b": [0.1728755, 0.334815],
                    "kind": "slidingDoor",
                    "depthM": 0.42408,
                    "sillM": 0,
                    "heightM": 2.1,
                    "basis": "Reviewed published raster plan; vertical dimensions and glazing type inferred"
                  },
                  {
                    "a": [0.2708564, 0.919259],
                    "b": [0.2708564, 0.944444],
                    "kind": "door",
                    "depthM": 0.24738,
                    "sillM": 0,
                    "heightM": 2.1,
                    "basis": "Reviewed published raster plan; vertical dimensions and glazing type inferred",
                    "hinge": [0.2708564, 0.919259],
                    "openTip": [0.2802011, 0.919259]
                  }
                ],
                "stairs": [
                  {
                    "a": [0.0261098, 0.086667],
                    "b": [0.0261098, 0.037778],
                    "widthM": 1.27224,
                    "steps": 9,
                    "fromM": 0.0,
                    "toM": 1.22727
                  },
                  {
                    "a": [0.0211627, 0.023704],
                    "b": [0.0140169, 0.023704],
                    "widthM": 1.27224,
                    "steps": 4,
                    "fromM": 1.22727,
                    "toM": 1.77273
                  },
                  {
                    "a": [0.008795, 0.037778],
                    "b": [0.008795, 0.086667],
                    "widthM": 1.27224,
                    "steps": 9,
                    "fromM": 1.77273,
                    "toM": 3.0
                  },
                  {
                    "a": [0.2239959, 0.088889],
                    "b": [0.2239959, 0.045185],
                    "widthM": 1.4136,
                    "steps": 8,
                    "fromM": 0.0,
                    "toM": 1.0
                  },
                  {
                    "a": [0.2077804, 0.03037],
                    "b": [0.1926639, 0.03037],
                    "widthM": 1.27224,
                    "steps": 8,
                    "fromM": 1.0,
                    "toM": 2.0
                  },
                  {
                    "a": [0.176998, 0.045185],
                    "b": [0.176998, 0.088889],
                    "widthM": 1.4136,
                    "steps": 8,
                    "fromM": 2.0,
                    "toM": 3.0
                  },
                  {
                    "a": [0.2872095, 0.974074],
                    "b": [0.3026007, 0.974074],
                    "widthM": 1.30758,
                    "steps": 9,
                    "fromM": 0.0,
                    "toM": 1.28571
                  },
                  {
                    "a": [0.3080975, 0.960741],
                    "b": [0.3080975, 0.947407],
                    "widthM": 1.27224,
                    "steps": 3,
                    "fromM": 1.28571,
                    "toM": 1.71429
                  },
                  {
                    "a": [0.3026007, 0.933333],
                    "b": [0.2872095, 0.933333],
                    "widthM": 1.30758,
                    "steps": 9,
                    "fromM": 1.71429,
                    "toM": 3.0
                  }
                ],
                "landings": [],
                "platforms": [
                  {
                    "rings": [
                      [
                        [0.0211627, 0.01037],
                        [0.031332, 0.01037],
                        [0.031332, 0.037778],
                        [0.0211627, 0.037778]
                      ]
                    ],
                    "elevationM": 1.2272727272727273
                  },
                  {
                    "rings": [
                      [
                        [0.0038479, 0.01037],
                        [0.0140169, 0.01037],
                        [0.0140169, 0.037778],
                        [0.0038479, 0.037778]
                      ]
                    ],
                    "elevationM": 1.7727272727272727
                  },
                  {
                    "rings": [
                      [
                        [0.2077804, 0.011111],
                        [0.2294927, 0.011111],
                        [0.2294927, 0.045185],
                        [0.2077804, 0.045185]
                      ]
                    ],
                    "elevationM": 1.0
                  },
                  {
                    "rings": [
                      [
                        [0.1715012, 0.011111],
                        [0.1926639, 0.011111],
                        [0.1926639, 0.045185],
                        [0.1715012, 0.045185]
                      ]
                    ],
                    "elevationM": 2.0
                  },
                  {
                    "rings": [
                      [
                        [0.3026007, 0.960741],
                        [0.3133194, 0.960741],
                        [0.3133194, 0.98963],
                        [0.3026007, 0.98963]
                      ]
                    ],
                    "elevationM": 1.2857142857142858
                  },
                  {
                    "rings": [
                      [
                        [0.3026007, 0.919259],
                        [0.3133194, 0.919259],
                        [0.3133194, 0.947407],
                        [0.3026007, 0.947407]
                      ]
                    ],
                    "elevationM": 1.7142857142857142
                  }
                ],
                "railings": [],
                "inference": {
                  "wallFootprints": "reviewed raster wall and column traces",
                  "openings": "reviewed window strokes, door swings and lift shaft entries",
                  "verticalDimensions": "estimated",
                  "stairRise": "measured tread counts divide an estimated 3 m storey",
                  "coverage": "open office on levels 0–6; level 7 northern office with southern roof terrace"
                },
                "quality": {
                  "floorAreaM2": 1324.03,
                  "wallAreaM2": 102.76,
                  "modelledOpenings": 50
                }
              }
            },
            {
              "id": "F3-layout-7",
              "source": {
                "url": "https://pionir.hr/wp-content/katalozi/savica/objekt_f3/7kat-min.pdf",
                "sha256": "202e3932405d75d02eff76b5cf4b994611cd1aa3d555615f6a6620d3c2903227",
                "page": 1,
                "crop": [
                  474.0,
                  87.0,
                  1051.0,
                  762.0
                ],
                "method": "reviewed raster trace; source frame translated to the common building coordinates",
                "commonFrameTransform": {
                  "offset": [0, 0],
                  "scale": [0.31716726370901077, 1.0]
                }
              },
              "architecture": {
                "schema": "consensus-builder.floor-architecture.v1",
                "dimensionsM": [128.5832576889661, 47.709],
                "wallHeightM": 2.8,
                "slabThicknessM": 0.2,
                "walls": [
                  [
                    [
                      [0.053594, 0.117778],
                      [0.0577168, 0.117778],
                      [0.0577168, 0.083704],
                      [0.053594, 0.083704]
                    ]
                  ],
                  [
                    [
                      [0.1019661, 0.117778],
                      [0.1019661, 0.083704],
                      [0.0978436, 0.083704],
                      [0.0978436, 0.117778]
                    ]
                  ],
                  [
                    [
                      [0.1464907, 0.117778],
                      [0.1464907, 0.083704],
                      [0.1423678, 0.083704],
                      [0.1423678, 0.117778]
                    ]
                  ],
                  [
                    [
                      [0.1816702, 0.395556],
                      [0.1816702, 0.385926],
                      [0.1412685, 0.385926],
                      [0.1412685, 0.395556],
                      [0.1676533, 0.395556]
                    ]
                  ],
                  [
                    [
                      [0.2050318, 0.395556],
                      [0.2050318, 0.385926],
                      [0.1959621, 0.385926],
                      [0.1959621, 0.395556]
                    ]
                  ],
                  [
                    [
                      [0.25148, 0.395556],
                      [0.25148, 0.385926],
                      [0.2193237, 0.385926],
                      [0.2193237, 0.395556]
                    ]
                  ],
                  [
                    [
                      [0.2751166, 0.395556],
                      [0.2751166, 0.385926],
                      [0.2660466, 0.385926],
                      [0.2660466, 0.395556]
                    ]
                  ],
                  [
                    [
                      [0.3171673, 0.395556],
                      [0.3171673, 0.371111],
                      [0.3135944, 0.371111],
                      [0.3135944, 0.385926],
                      [0.2894082, 0.385926],
                      [0.2894082, 0.395556]
                    ]
                  ],
                  [
                    [
                      [0.3171673, 0.308148],
                      [0.3135944, 0.308148],
                      [0.3135944, 0.331852],
                      [0.3171673, 0.331852]
                    ]
                  ],
                  [
                    [
                      [0.3171673, 0.244444],
                      [0.3135944, 0.244444],
                      [0.3135944, 0.268889],
                      [0.3171673, 0.268889]
                    ]
                  ],
                  [
                    [
                      [0.3171673, 0.181481],
                      [0.3135944, 0.181481],
                      [0.3135944, 0.205926],
                      [0.3171673, 0.205926]
                    ]
                  ],
                  [
                    [
                      [0.3171673, 0.118519],
                      [0.3135944, 0.118519],
                      [0.3135944, 0.142963],
                      [0.3171673, 0.142963]
                    ]
                  ],
                  [
                    [
                      [0.3171673, 0.0],
                      [0.2894082, 0.0],
                      [0.2894082, 0.00963],
                      [0.3135944, 0.00963],
                      [0.3135944, 0.08],
                      [0.3171673, 0.08]
                    ]
                  ],
                  [
                    [
                      [0.2660466, 0.0],
                      [0.2660466, 0.00963],
                      [0.2751166, 0.00963],
                      [0.2751166, 0.0]
                    ]
                  ],
                  [
                    [
                      [0.2193237, 0.0],
                      [0.2193237, 0.00963],
                      [0.2294927, 0.00963],
                      [0.2294927, 0.102963],
                      [0.2322413, 0.102963],
                      [0.2322413, 0.137037],
                      [0.2440593, 0.137037],
                      [0.2440593, 0.00963],
                      [0.25148, 0.00963],
                      [0.25148, 0.0]
                    ]
                  ],
                  [
                    [
                      [0.1959621, 0.0],
                      [0.1959621, 0.00963],
                      [0.2050318, 0.00963],
                      [0.2050318, 0.0]
                    ]
                  ],
                  [
                    [
                      [0.1495139, 0.0],
                      [0.1495139, 0.00963],
                      [0.156385, 0.00963],
                      [0.156385, 0.137037],
                      [0.1679283, 0.137037],
                      [0.1679283, 0.00963],
                      [0.168203, 0.00963],
                      [0.168203, 0.102963],
                      [0.1715012, 0.102963],
                      [0.1715012, 0.00963],
                      [0.1816702, 0.00963],
                      [0.1816702, 0.0]
                    ]
                  ],
                  [
                    [
                      [0.1261523, 0.0],
                      [0.1261523, 0.00963],
                      [0.135222, 0.00963],
                      [0.135222, 0.0]
                    ]
                  ],
                  [
                    [
                      [0.1025161, 0.0],
                      [0.1025161, 0.00963],
                      [0.1115858, 0.00963],
                      [0.1115858, 0.0]
                    ]
                  ],
                  [
                    [
                      [0.0791545, 0.0],
                      [0.0791545, 0.00963],
                      [0.0879492, 0.00963],
                      [0.0879492, 0.0]
                    ]
                  ],
                  [
                    [
                      [0.0560676, 0.0],
                      [0.0560676, 0.00963],
                      [0.0645879, 0.00963],
                      [0.0645879, 0.0]
                    ]
                  ],
                  [
                    [
                      [0.0, 0.0],
                      [0.0, 0.077778],
                      [0.0035729, 0.077778],
                      [0.0035729, 0.00963],
                      [0.0316067, 0.00963],
                      [0.0316067, 0.112593],
                      [0.031332, 0.112593],
                      [0.031332, 0.117778],
                      [0.0346299, 0.117778],
                      [0.0346299, 0.117037],
                      [0.0346299, 0.112593],
                      [0.0346299, 0.00963],
                      [0.0412264, 0.00963],
                      [0.0412264, 0.0]
                    ]
                  ],
                  [
                    [
                      [0.0, 0.141481],
                      [0.0035729, 0.141481],
                      [0.0035729, 0.095556],
                      [0.0, 0.095556]
                    ]
                  ],
                  [
                    [
                      [0.0, 0.205185],
                      [0.0035729, 0.205185],
                      [0.0035729, 0.178519],
                      [0.0, 0.178519]
                    ]
                  ],
                  [
                    [
                      [0.0, 0.268889],
                      [0.0035729, 0.268889],
                      [0.0035729, 0.241481],
                      [0.0, 0.241481]
                    ]
                  ],
                  [
                    [
                      [0.0, 0.395556],
                      [0.032981, 0.395556],
                      [0.032981, 0.385926],
                      [0.0035729, 0.385926],
                      [0.0035729, 0.305185],
                      [0.0, 0.305185]
                    ]
                  ],
                  [
                    [
                      [0.0563425, 0.395556],
                      [0.0563425, 0.385926],
                      [0.0478225, 0.385926],
                      [0.0478225, 0.395556]
                    ]
                  ],
                  [
                    [
                      [0.0797041, 0.395556],
                      [0.0797041, 0.385926],
                      [0.0709091, 0.385926],
                      [0.0709091, 0.395556]
                    ]
                  ],
                  [
                    [
                      [0.1027907, 0.395556],
                      [0.1027907, 0.385926],
                      [0.0942707, 0.385926],
                      [0.0942707, 0.395556]
                    ]
                  ],
                  [
                    [
                      [0.1264273, 0.395556],
                      [0.1264273, 0.385926],
                      [0.1179069, 0.385926],
                      [0.1179069, 0.395556]
                    ]
                  ],
                  [
                    [
                      [0.0038479, 0.112593],
                      [0.0038479, 0.117778],
                      [0.0228119, 0.117778],
                      [0.0228119, 0.112593]
                    ]
                  ],
                  [
                    [
                      [0.0577168, 0.277037],
                      [0.0577168, 0.242963],
                      [0.053594, 0.242963],
                      [0.053594, 0.277037]
                    ]
                  ],
                  [
                    [
                      [0.0978436, 0.277037],
                      [0.1019661, 0.277037],
                      [0.1019661, 0.242963],
                      [0.0978436, 0.242963]
                    ]
                  ],
                  [
                    [
                      [0.1745245, 0.334815],
                      [0.1712262, 0.334815],
                      [0.1712262, 0.348889],
                      [0.1448414, 0.348889],
                      [0.1448414, 0.297037],
                      [0.1712262, 0.297037],
                      [0.1712262, 0.302963],
                      [0.1745245, 0.302963],
                      [0.1745245, 0.284444],
                      [0.1712262, 0.284444],
                      [0.1712262, 0.28963],
                      [0.1448414, 0.28963],
                      [0.1448414, 0.237778],
                      [0.1712262, 0.237778],
                      [0.1712262, 0.252593],
                      [0.1745245, 0.252593],
                      [0.1745245, 0.228889],
                      [0.1415435, 0.228889],
                      [0.1415435, 0.357778],
                      [0.1745245, 0.357778]
                    ]
                  ],
                  [
                    [
                      [0.1860678, 0.101481],
                      [0.1860678, 0.094815],
                      [0.1855181, 0.094815],
                      [0.1855181, 0.051111],
                      [0.1992603, 0.051111],
                      [0.1992603, 0.094815],
                      [0.1989853, 0.094815],
                      [0.1989853, 0.101481],
                      [0.2020086, 0.101481],
                      [0.2020086, 0.094815],
                      [0.2017339, 0.094815],
                      [0.2017339, 0.051111],
                      [0.2152012, 0.051111],
                      [0.2152012, 0.094815],
                      [0.2149262, 0.094815],
                      [0.2149262, 0.101481],
                      [0.2176744, 0.101481],
                      [0.2176744, 0.044444],
                      [0.1830445, 0.044444],
                      [0.1830445, 0.101481]
                    ]
                  ],
                  [
                    [
                      [0.2654969, 0.117778],
                      [0.2696198, 0.117778],
                      [0.2696198, 0.083704],
                      [0.2654969, 0.083704]
                    ]
                  ],
                  [
                    [
                      [0.1987104, 0.137778],
                      [0.1987104, 0.131852],
                      [0.1715012, 0.131852],
                      [0.1715012, 0.137778]
                    ]
                  ],
                  [
                    [
                      [0.2294927, 0.137778],
                      [0.2294927, 0.131852],
                      [0.2127276, 0.131852],
                      [0.2127276, 0.137778]
                    ]
                  ],
                  [
                    [
                      [0.2696198, 0.199259],
                      [0.2696198, 0.164444],
                      [0.2654969, 0.164444],
                      [0.2654969, 0.199259]
                    ]
                  ],
                  [
                    [
                      [0.2066808, 0.243704],
                      [0.2193237, 0.243704],
                      [0.2193237, 0.232593],
                      [0.2066808, 0.232593]
                    ]
                  ],
                  [
                    [
                      [0.2193237, 0.335556],
                      [0.2193237, 0.324444],
                      [0.2066808, 0.324444],
                      [0.2066808, 0.335556]
                    ]
                  ],
                  [
                    [
                      [0.2781398, 0.335556],
                      [0.2781398, 0.324444],
                      [0.2654969, 0.324444],
                      [0.2654969, 0.335556]
                    ]
                  ]
                ],
                "slabs": [
                  [
                    [
                      [0.0, 0.395556],
                      [0.1676533, 0.395556],
                      [0.1676533, 1.0],
                      [0.3171673, 1.0],
                      [0.3171673, 0.0],
                      [0.0, 0.0]
                    ],
                    [
                      [0.0038479, 0.09037],
                      [0.0038479, 0.01037],
                      [0.031332, 0.01037],
                      [0.031332, 0.09037]
                    ],
                    [
                      [0.1715012, 0.094074],
                      [0.1715012, 0.01037],
                      [0.2294927, 0.01037],
                      [0.2294927, 0.094074]
                    ],
                    [
                      [0.145941, 0.24],
                      [0.1701269, 0.24],
                      [0.1701269, 0.28963],
                      [0.145941, 0.28963]
                    ],
                    [
                      [0.145941, 0.297037],
                      [0.1701269, 0.297037],
                      [0.1701269, 0.345926],
                      [0.145941, 0.345926]
                    ]
                  ]
                ],
                "openings": [
                  {
                    "a": [0.0412264, 0.004815],
                    "b": [0.0560676, 0.004815],
                    "kind": "window",
                    "depthM": 0.45942,
                    "sillM": 0.85,
                    "heightM": 1.45,
                    "basis": "Reviewed published raster plan; vertical dimensions and glazing type inferred"
                  },
                  {
                    "a": [0.0645879, 0.004815],
                    "b": [0.0791545, 0.004815],
                    "kind": "window",
                    "depthM": 0.45942,
                    "sillM": 0.85,
                    "heightM": 1.45,
                    "basis": "Reviewed published raster plan; vertical dimensions and glazing type inferred"
                  },
                  {
                    "a": [0.0879492, 0.004815],
                    "b": [0.1025161, 0.004815],
                    "kind": "window",
                    "depthM": 0.45942,
                    "sillM": 0.85,
                    "heightM": 1.45,
                    "basis": "Reviewed published raster plan; vertical dimensions and glazing type inferred"
                  },
                  {
                    "a": [0.1115858, 0.004815],
                    "b": [0.1261523, 0.004815],
                    "kind": "window",
                    "depthM": 0.45942,
                    "sillM": 0.85,
                    "heightM": 1.45,
                    "basis": "Reviewed published raster plan; vertical dimensions and glazing type inferred"
                  },
                  {
                    "a": [0.135222, 0.004815],
                    "b": [0.1495139, 0.004815],
                    "kind": "window",
                    "depthM": 0.45942,
                    "sillM": 0.85,
                    "heightM": 1.45,
                    "basis": "Reviewed published raster plan; vertical dimensions and glazing type inferred"
                  },
                  {
                    "a": [0.1816702, 0.004815],
                    "b": [0.1959621, 0.004815],
                    "kind": "window",
                    "depthM": 0.45942,
                    "sillM": 0.85,
                    "heightM": 1.45,
                    "basis": "Reviewed published raster plan; vertical dimensions and glazing type inferred"
                  },
                  {
                    "a": [0.2050318, 0.004815],
                    "b": [0.2193237, 0.004815],
                    "kind": "window",
                    "depthM": 0.45942,
                    "sillM": 0.85,
                    "heightM": 1.45,
                    "basis": "Reviewed published raster plan; vertical dimensions and glazing type inferred"
                  },
                  {
                    "a": [0.25148, 0.004815],
                    "b": [0.2660466, 0.004815],
                    "kind": "window",
                    "depthM": 0.45942,
                    "sillM": 0.85,
                    "heightM": 1.45,
                    "basis": "Reviewed published raster plan; vertical dimensions and glazing type inferred"
                  },
                  {
                    "a": [0.2751166, 0.004815],
                    "b": [0.2894082, 0.004815],
                    "kind": "window",
                    "depthM": 0.45942,
                    "sillM": 0.85,
                    "heightM": 1.45,
                    "basis": "Reviewed published raster plan; vertical dimensions and glazing type inferred"
                  },
                  {
                    "a": [0.0017866, 0.077778],
                    "b": [0.0017866, 0.095556],
                    "kind": "window",
                    "depthM": 0.45942,
                    "sillM": 0.85,
                    "heightM": 1.45,
                    "basis": "Reviewed published raster plan; vertical dimensions and glazing type inferred"
                  },
                  {
                    "a": [0.0017866, 0.141481],
                    "b": [0.0017866, 0.178519],
                    "kind": "window",
                    "depthM": 0.45942,
                    "sillM": 0.85,
                    "heightM": 1.45,
                    "basis": "Reviewed published raster plan; vertical dimensions and glazing type inferred"
                  },
                  {
                    "a": [0.0017866, 0.205185],
                    "b": [0.0017866, 0.241481],
                    "kind": "window",
                    "depthM": 0.45942,
                    "sillM": 0.85,
                    "heightM": 1.45,
                    "basis": "Reviewed published raster plan; vertical dimensions and glazing type inferred"
                  },
                  {
                    "a": [0.0017866, 0.268889],
                    "b": [0.0017866, 0.305185],
                    "kind": "window",
                    "depthM": 0.45942,
                    "sillM": 0.85,
                    "heightM": 1.45,
                    "basis": "Reviewed published raster plan; vertical dimensions and glazing type inferred"
                  },
                  {
                    "a": [0.032981, 0.390741],
                    "b": [0.0478225, 0.390741],
                    "kind": "window",
                    "depthM": 0.45942,
                    "sillM": 0.85,
                    "heightM": 1.45,
                    "basis": "Reviewed published raster plan; vertical dimensions and glazing type inferred"
                  },
                  {
                    "a": [0.0563425, 0.390741],
                    "b": [0.0709091, 0.390741],
                    "kind": "window",
                    "depthM": 0.45942,
                    "sillM": 0.85,
                    "heightM": 1.45,
                    "basis": "Reviewed published raster plan; vertical dimensions and glazing type inferred"
                  },
                  {
                    "a": [0.0797041, 0.390741],
                    "b": [0.0942707, 0.390741],
                    "kind": "window",
                    "depthM": 0.45942,
                    "sillM": 0.85,
                    "heightM": 1.45,
                    "basis": "Reviewed published raster plan; vertical dimensions and glazing type inferred"
                  },
                  {
                    "a": [0.1027907, 0.390741],
                    "b": [0.1179069, 0.390741],
                    "kind": "window",
                    "depthM": 0.45942,
                    "sillM": 0.85,
                    "heightM": 1.45,
                    "basis": "Reviewed published raster plan; vertical dimensions and glazing type inferred"
                  },
                  {
                    "a": [0.1264273, 0.390741],
                    "b": [0.1412685, 0.390741],
                    "kind": "window",
                    "depthM": 0.45942,
                    "sillM": 0.85,
                    "heightM": 1.45,
                    "basis": "Reviewed published raster plan; vertical dimensions and glazing type inferred"
                  },
                  {
                    "a": [0.3153807, 0.08],
                    "b": [0.3153807, 0.118519],
                    "kind": "window",
                    "depthM": 0.45942,
                    "sillM": 0.85,
                    "heightM": 1.45,
                    "basis": "Reviewed published raster plan; vertical dimensions and glazing type inferred"
                  },
                  {
                    "a": [0.3153807, 0.142963],
                    "b": [0.3153807, 0.181481],
                    "kind": "window",
                    "depthM": 0.45942,
                    "sillM": 0.85,
                    "heightM": 1.45,
                    "basis": "Reviewed published raster plan; vertical dimensions and glazing type inferred"
                  },
                  {
                    "a": [0.3153807, 0.205926],
                    "b": [0.3153807, 0.244444],
                    "kind": "window",
                    "depthM": 0.45942,
                    "sillM": 0.85,
                    "heightM": 1.45,
                    "basis": "Reviewed published raster plan; vertical dimensions and glazing type inferred"
                  },
                  {
                    "a": [0.3153807, 0.268889],
                    "b": [0.3153807, 0.308148],
                    "kind": "window",
                    "depthM": 0.45942,
                    "sillM": 0.85,
                    "heightM": 1.45,
                    "basis": "Reviewed published raster plan; vertical dimensions and glazing type inferred"
                  },
                  {
                    "a": [0.3153807, 0.331852],
                    "b": [0.3153807, 0.371111],
                    "kind": "window",
                    "depthM": 0.45942,
                    "sillM": 0.85,
                    "heightM": 1.45,
                    "basis": "Reviewed published raster plan; vertical dimensions and glazing type inferred"
                  },
                  {
                    "a": [0.1816702, 0.390741],
                    "b": [0.1959621, 0.390741],
                    "kind": "glazedDoor",
                    "depthM": 0.45942,
                    "sillM": 0,
                    "heightM": 2.3,
                    "basis": "Reviewed published raster plan; vertical dimensions and glazing type inferred"
                  },
                  {
                    "a": [0.2050318, 0.390741],
                    "b": [0.2193237, 0.390741],
                    "kind": "glazedDoor",
                    "depthM": 0.45942,
                    "sillM": 0,
                    "heightM": 2.3,
                    "basis": "Reviewed published raster plan; vertical dimensions and glazing type inferred"
                  },
                  {
                    "a": [0.25148, 0.390741],
                    "b": [0.2660466, 0.390741],
                    "kind": "glazedDoor",
                    "depthM": 0.45942,
                    "sillM": 0,
                    "heightM": 2.3,
                    "basis": "Reviewed published raster plan; vertical dimensions and glazing type inferred"
                  },
                  {
                    "a": [0.2751166, 0.390741],
                    "b": [0.2894082, 0.390741],
                    "kind": "glazedDoor",
                    "depthM": 0.45942,
                    "sillM": 0,
                    "heightM": 2.3,
                    "basis": "Reviewed published raster plan; vertical dimensions and glazing type inferred"
                  },
                  {
                    "a": [0.0228119, 0.115185],
                    "b": [0.031332, 0.115185],
                    "kind": "door",
                    "depthM": 0.24738,
                    "sillM": 0,
                    "heightM": 2.1,
                    "basis": "Reviewed published raster plan; vertical dimensions and glazing type inferred",
                    "hinge": [0.031332, 0.115185],
                    "openTip": [0.031332, 0.092222]
                  },
                  {
                    "a": [0.1987104, 0.134815],
                    "b": [0.2055815, 0.134815],
                    "kind": "door",
                    "depthM": 0.28272,
                    "sillM": 0,
                    "heightM": 2.1,
                    "basis": "Reviewed published raster plan; vertical dimensions and glazing type inferred",
                    "hinge": [0.1987104, 0.134815],
                    "openTip": [0.1987104, 0.116296]
                  },
                  {
                    "a": [0.2055815, 0.134815],
                    "b": [0.2127276, 0.134815],
                    "kind": "door",
                    "depthM": 0.28272,
                    "sillM": 0,
                    "heightM": 2.1,
                    "basis": "Reviewed published raster plan; vertical dimensions and glazing type inferred",
                    "hinge": [0.2127276, 0.134815],
                    "openTip": [0.2127276, 0.115556]
                  },
                  {
                    "a": [0.1860678, 0.099259],
                    "b": [0.1989853, 0.099259],
                    "kind": "slidingDoor",
                    "depthM": 0.42408,
                    "sillM": 0,
                    "heightM": 2.1,
                    "basis": "Reviewed published raster plan; vertical dimensions and glazing type inferred"
                  },
                  {
                    "a": [0.2020086, 0.099259],
                    "b": [0.2149262, 0.099259],
                    "kind": "slidingDoor",
                    "depthM": 0.42408,
                    "sillM": 0,
                    "heightM": 2.1,
                    "basis": "Reviewed published raster plan; vertical dimensions and glazing type inferred"
                  },
                  {
                    "a": [0.1728755, 0.252593],
                    "b": [0.1728755, 0.284444],
                    "kind": "slidingDoor",
                    "depthM": 0.42408,
                    "sillM": 0,
                    "heightM": 2.1,
                    "basis": "Reviewed published raster plan; vertical dimensions and glazing type inferred"
                  },
                  {
                    "a": [0.1728755, 0.302963],
                    "b": [0.1728755, 0.334815],
                    "kind": "slidingDoor",
                    "depthM": 0.42408,
                    "sillM": 0,
                    "heightM": 2.1,
                    "basis": "Reviewed published raster plan; vertical dimensions and glazing type inferred"
                  }
                ],
                "stairs": [
                  {
                    "a": [0.0261098, 0.086667],
                    "b": [0.0261098, 0.037778],
                    "widthM": 1.27224,
                    "steps": 9,
                    "fromM": 0.0,
                    "toM": 1.22727
                  },
                  {
                    "a": [0.0211627, 0.023704],
                    "b": [0.0140169, 0.023704],
                    "widthM": 1.27224,
                    "steps": 4,
                    "fromM": 1.22727,
                    "toM": 1.77273
                  },
                  {
                    "a": [0.008795, 0.037778],
                    "b": [0.008795, 0.086667],
                    "widthM": 1.27224,
                    "steps": 9,
                    "fromM": 1.77273,
                    "toM": 3.0
                  },
                  {
                    "a": [0.2239959, 0.088889],
                    "b": [0.2239959, 0.045185],
                    "widthM": 1.4136,
                    "steps": 8,
                    "fromM": 0.0,
                    "toM": 1.0
                  },
                  {
                    "a": [0.2077804, 0.03037],
                    "b": [0.1926639, 0.03037],
                    "widthM": 1.27224,
                    "steps": 8,
                    "fromM": 1.0,
                    "toM": 2.0
                  },
                  {
                    "a": [0.176998, 0.045185],
                    "b": [0.176998, 0.088889],
                    "widthM": 1.4136,
                    "steps": 8,
                    "fromM": 2.0,
                    "toM": 3.0
                  }
                ],
                "landings": [],
                "platforms": [
                  {
                    "rings": [
                      [
                        [0.0211627, 0.01037],
                        [0.031332, 0.01037],
                        [0.031332, 0.037778],
                        [0.0211627, 0.037778]
                      ]
                    ],
                    "elevationM": 1.2272727272727273
                  },
                  {
                    "rings": [
                      [
                        [0.0038479, 0.01037],
                        [0.0140169, 0.01037],
                        [0.0140169, 0.037778],
                        [0.0038479, 0.037778]
                      ]
                    ],
                    "elevationM": 1.7727272727272727
                  },
                  {
                    "rings": [
                      [
                        [0.2077804, 0.011111],
                        [0.2294927, 0.011111],
                        [0.2294927, 0.045185],
                        [0.2077804, 0.045185]
                      ]
                    ],
                    "elevationM": 1.0
                  },
                  {
                    "rings": [
                      [
                        [0.1715012, 0.011111],
                        [0.1926639, 0.011111],
                        [0.1926639, 0.045185],
                        [0.1715012, 0.045185]
                      ]
                    ],
                    "elevationM": 2.0
                  }
                ],
                "railings": [
                  {
                    "a": [0.1693023, 0.395556],
                    "b": [0.1693023, 0.995556],
                    "heightM": 1.05
                  },
                  {
                    "a": [0.1693023, 0.995556],
                    "b": [0.3152433, 0.995556],
                    "heightM": 1.05
                  },
                  {
                    "a": [0.3152433, 0.995556],
                    "b": [0.3152433, 0.395556],
                    "heightM": 1.05
                  }
                ],
                "inference": {
                  "wallFootprints": "reviewed raster wall and column traces",
                  "openings": "reviewed window strokes, door swings and lift shaft entries",
                  "verticalDimensions": "estimated",
                  "stairRise": "measured tread counts divide an estimated 3 m storey",
                  "coverage": "open office on levels 0–6; level 7 northern office with southern roof terrace"
                },
                "quality": {
                  "floorAreaM2": 1324.03,
                  "wallAreaM2": 77.81,
                  "modelledOpenings": 34
                }
              }
            }
          ],
          "floors": [
            {
              "id": "F3-floor--1",
              "level": -1,
              "elevationM": -3,
              "elevationBasis": "estimated",
              "layoutId": "F3-shared-basement",
              "source": {
                "url": "https://pionir.hr/wp-content/katalozi/savica/objekt_f3/prizemlje-min.pdf",
                "sha256": "277a33122cc50cb676e2a0e3a372cadb0d7b71cde0c5f3dd6a8077ee97ec0e94",
                "page": 2,
                "crop": [
                  60.0,
                  262.0,
                  967.25,
                  599.5
                ],
                "method": "reviewed raster mask and traced service cores"
              },
              "apartments": []
            },
            {
              "id": "F3-floor-0",
              "level": 0,
              "elevationM": 0,
              "elevationBasis": "estimated",
              "layoutId": "F3-layout-0",
              "source": {
                "url": "https://pionir.hr/wp-content/katalozi/savica/objekt_f3/prizemlje-min.pdf",
                "sha256": "277a33122cc50cb676e2a0e3a372cadb0d7b71cde0c5f3dd6a8077ee97ec0e94",
                "page": 1,
                "crop": [
                  478.0,
                  87.0,
                  1055.0,
                  762.0
                ],
                "method": "reviewed raster trace; source frame translated to the common building coordinates",
                "commonFrameTransform": {
                  "offset": [0, 0],
                  "scale": [0.31716726370901077, 1.0]
                }
              },
              "apartments": []
            },
            {
              "id": "F3-floor-1",
              "level": 1,
              "elevationM": 3,
              "elevationBasis": "estimated",
              "layoutId": "F3-layout-1",
              "source": {
                "url": "https://pionir.hr/wp-content/katalozi/savica/objekt_f3/1kat-min.pdf",
                "sha256": "a61bf15c590a8075debab1fd05bcdae0b6a616078bb3d597faec7a4ee73e3d27",
                "page": 1,
                "crop": [
                  472.0,
                  87.0,
                  1049.0,
                  762.0
                ],
                "method": "reviewed raster trace; source frame translated to the common building coordinates",
                "commonFrameTransform": {
                  "offset": [0, 0],
                  "scale": [0.31716726370901077, 1.0]
                }
              },
              "apartments": []
            },
            {
              "id": "F3-floor-2",
              "level": 2,
              "elevationM": 6,
              "elevationBasis": "estimated",
              "layoutId": "F3-layout-1",
              "source": {
                "url": "https://pionir.hr/wp-content/katalozi/savica/objekt_f3/2kat-min.pdf",
                "sha256": "d0bf8e4985c63a9ed432696915d5a5cac67679eb249c2dc1162f3c7d3b228640",
                "page": 1,
                "crop": [
                  480.5,
                  87.0,
                  1057.5,
                  762.0
                ],
                "method": "reviewed raster trace; source frame translated to the common building coordinates",
                "commonFrameTransform": {
                  "offset": [0, 0],
                  "scale": [0.31716726370901077, 1.0]
                }
              },
              "apartments": []
            },
            {
              "id": "F3-floor-3",
              "level": 3,
              "elevationM": 9,
              "elevationBasis": "estimated",
              "layoutId": "F3-layout-1",
              "source": {
                "url": "https://pionir.hr/wp-content/katalozi/savica/objekt_f3/3kat-min.pdf",
                "sha256": "a332e764647bf6dae2936ef5ce3f4e4d2d148a7bffd4c4dca85cbde4f0be4ae0",
                "page": 1,
                "crop": [
                  474.5,
                  87.0,
                  1051.5,
                  762.0
                ],
                "method": "reviewed raster trace; source frame translated to the common building coordinates",
                "commonFrameTransform": {
                  "offset": [0, 0],
                  "scale": [0.31716726370901077, 1.0]
                }
              },
              "apartments": []
            },
            {
              "id": "F3-floor-4",
              "level": 4,
              "elevationM": 12,
              "elevationBasis": "estimated",
              "layoutId": "F3-layout-1",
              "source": {
                "url": "https://pionir.hr/wp-content/katalozi/savica/objekt_f3/4kat-min.pdf",
                "sha256": "f632a782cf76f36ef010605b02a8b78a947ccfdb0c69ce71cbb72b24736c1acf",
                "page": 1,
                "crop": [
                  478.5,
                  87.0,
                  1055.5,
                  762.0
                ],
                "method": "reviewed raster trace; source frame translated to the common building coordinates",
                "commonFrameTransform": {
                  "offset": [0, 0],
                  "scale": [0.31716726370901077, 1.0]
                }
              },
              "apartments": []
            },
            {
              "id": "F3-floor-5",
              "level": 5,
              "elevationM": 15,
              "elevationBasis": "estimated",
              "layoutId": "F3-layout-1",
              "source": {
                "url": "https://pionir.hr/wp-content/katalozi/savica/objekt_f3/5kat-min.pdf",
                "sha256": "fb1c976b095144d6e2b490786f709f671630b7de2522e798d51d1cc357e89204",
                "page": 1,
                "crop": [
                  477.5,
                  87.0,
                  1054.5,
                  762.0
                ],
                "method": "reviewed raster trace; source frame translated to the common building coordinates",
                "commonFrameTransform": {
                  "offset": [0, 0],
                  "scale": [0.31716726370901077, 1.0]
                }
              },
              "apartments": []
            },
            {
              "id": "F3-floor-6",
              "level": 6,
              "elevationM": 18,
              "elevationBasis": "estimated",
              "layoutId": "F3-layout-1",
              "source": {
                "url": "https://pionir.hr/wp-content/katalozi/savica/objekt_f3/6kat-min.pdf",
                "sha256": "a9ae1aac37bfe93282a6568c63377080a94fe03649b0d6ad739824b49d140002",
                "page": 1,
                "crop": [
                  476.5,
                  87.0,
                  1053.5,
                  762.0
                ],
                "method": "reviewed raster trace; source frame translated to the common building coordinates",
                "commonFrameTransform": {
                  "offset": [0, 0],
                  "scale": [0.31716726370901077, 1.0]
                }
              },
              "apartments": []
            },
            {
              "id": "F3-floor-7",
              "level": 7,
              "elevationM": 21,
              "elevationBasis": "estimated",
              "layoutId": "F3-layout-7",
              "source": {
                "url": "https://pionir.hr/wp-content/katalozi/savica/objekt_f3/7kat-min.pdf",
                "sha256": "202e3932405d75d02eff76b5cf4b994611cd1aa3d555615f6a6620d3c2903227",
                "page": 1,
                "crop": [
                  474.0,
                  87.0,
                  1051.0,
                  762.0
                ],
                "method": "reviewed raster trace; source frame translated to the common building coordinates",
                "commonFrameTransform": {
                  "offset": [0, 0],
                  "scale": [0.31716726370901077, 1.0]
                }
              },
              "apartments": []
            }
          ],
          "notes": [
            "Published office catalogue, not an as-built survey.",
            "All storey heights, window sills/heads and lift-door construction are estimates.",
            "Furniture-free open office areas follow the raster drawing; dashed service clearance zones are not walls.",
            "The connected basement spans F1/F2/F3 and is owned once by F3; ramp elevation, drainage and fixtures are not documented in the catalogue."
          ]
        }
      },
      "geometry": {
        "type": "MultiPolygon",
        "coordinates": [
          [
            [
              [15.99764025, 45.794479022],
              [15.997674213, 45.794535858],
              [15.997853653, 45.794836639],
              [15.997876208, 45.79487462],
              [15.99739257, 45.795015741],
              [15.997299303, 45.794859306],
              [15.997555696, 45.794784491],
              [15.997413006, 45.794545327],
              [15.99764025, 45.794479022]
            ]
          ]
        ]
      }
    }
  ]
}
