{
  "type": "FeatureCollection",
  "crs": {
    "type": "name",
    "properties": {
      "name": "EPSG:4326"
    }
  },
  "source": "KZ National PKK egkn:u_view district 254; geometries transformed from EPSG:32642",
  "featureCount": 154,
  "features": [
    {
      "type": "Feature",
      "geometry": {
        "type": "MultiPolygon",
        "coordinates": [
          [
            [
              [
                71.4290712812,
                51.1291144879
              ],
              [
                71.4290259637,
                51.1289986748
              ],
              [
                71.4289466107,
                51.1290109691
              ],
              [
                71.4289918455,
                51.1291258639
              ],
              [
                71.428992677,
                51.12912798
              ],
              [
                71.4292179572,
                51.1297002263
              ],
              [
                71.4292292596,
                51.1297289341
              ],
              [
                71.4292887361,
                51.1296701993
              ],
              [
                71.4290721098,
                51.129116604
              ],
              [
                71.4290712812,
                51.1291144879
              ]
            ]
          ]
        ]
      },
      "properties": {
        "gid": 5208775,
        "kad_nomer": "213200721212",
        "geometryHash": "sha256:7d37132f220d029c2092868e66d2aeb11f1b732b9cfe99304527a89e2a5c1dab"
      }
    },
    {
      "type": "Feature",
      "geometry": {
        "type": "MultiPolygon",
        "coordinates": [
          [
            [
              [
                71.4292095972,
                51.1336099959
              ],
              [
                71.4293083192,
                51.1338297913
              ],
              [
                71.430238927,
                51.1336680499
              ],
              [
                71.4294893535,
                51.1317768717
              ],
              [
                71.4288850207,
                51.1317811189
              ],
              [
                71.4287190482,
                51.1320346523
              ],
              [
                71.428975524,
                51.1320889415
              ],
              [
                71.4290108022,
                51.1320073154
              ],
              [
                71.4291992158,
                51.1320226317
              ],
              [
                71.4297951169,
                51.1335094806
              ],
              [
                71.4292095972,
                51.1336099959
              ]
            ]
          ]
        ]
      },
      "properties": {
        "gid": 5209170,
        "kad_nomer": "21320072583",
        "geometryHash": "sha256:801125aedb4f1f269fd6bdfa3f82d79c7f4ece05a9a5c2310441f117c986deb6"
      }
    },
    {
      "type": "Feature",
      "geometry": {
        "type": "MultiPolygon",
        "coordinates": [
          [
            [
              [
                71.429053602,
                51.1306401451
              ],
              [
                71.4290355073,
                51.1305939367
              ],
              [
                71.4290346029,
                51.1305940805
              ],
              [
                71.4290311126,
                51.1305946297
              ],
              [
                71.4289591329,
                51.1306059776
              ],
              [
                71.4289593266,
                51.1306064268
              ],
              [
                71.428978798,
                51.1306516056
              ],
              [
                71.4289790445,
                51.1306521896
              ],
              [
                71.4290451585,
                51.1306415078
              ],
              [
                71.4290521987,
                51.1306403704
              ],
              [
                71.429053602,
                51.1306401451
              ]
            ],
            [
              [
                71.4289767178,
                51.1306124647
              ],
              [
                71.4290250473,
                51.1306047823
              ],
              [
                71.4290363498,
                51.1306336511
              ],
              [
                71.4289890701,
                51.1306412919
              ],
              [
                71.4289767178,
                51.1306124647
              ]
            ]
          ]
        ]
      },
      "properties": {
        "gid": 5209360,
        "kad_nomer": "213200721030",
        "geometryHash": "sha256:b54e386677e1192f4ae72191e5c13525aa79c30a7f0c386117a0f101bb652df3"
      }
    },
    {
      "type": "Feature",
      "geometry": {
        "type": "MultiPolygon",
        "coordinates": [
          [
            [
              [
                71.4292937577,
                51.1304602053
              ],
              [
                71.4288183272,
                51.1292478839
              ],
              [
                71.4287886989,
                51.1292525046
              ],
              [
                71.4286700662,
                51.1292700778
              ],
              [
                71.4291484853,
                51.1304829555
              ],
              [
                71.4292937577,
                51.1304602053
              ]
            ]
          ]
        ]
      },
      "properties": {
        "gid": 5211259,
        "kad_nomer": "213200721325",
        "geometryHash": "sha256:b423aa7b5e5b432bda9518da706c35dbca20311354b18198c92c00d47eb82eba"
      }
    },
    {
      "type": "Feature",
      "geometry": {
        "type": "MultiPolygon",
        "coordinates": [
          [
            [
              [
                71.4274042032,
                51.130755664
              ],
              [
                71.4268749572,
                51.129428913
              ],
              [
                71.4267102377,
                51.1294525119
              ],
              [
                71.4253384429,
                51.1296490311
              ],
              [
                71.4252643671,
                51.129659644
              ],
              [
                71.4257966028,
                51.1310070891
              ],
              [
                71.4274042032,
                51.130755664
              ]
            ]
          ]
        ]
      },
      "properties": {
        "gid": 5212040,
        "kad_nomer": "21320072741",
        "geometryHash": "sha256:2d5186aec6e1092db58f0733040d479da37d1232d696acbcffb2de56ecaebfb4"
      }
    },
    {
      "type": "Feature",
      "geometry": {
        "type": "MultiPolygon",
        "coordinates": [
          [
            [
              [
                71.4273474099,
                51.1309677034
              ],
              [
                71.427276435,
                51.130803702
              ],
              [
                71.4257210274,
                51.1310431279
              ],
              [
                71.4257818551,
                51.1312128758
              ],
              [
                71.4257951192,
                51.1312498878
              ],
              [
                71.4266386948,
                51.1311179002
              ],
              [
                71.4267030217,
                51.1311131299
              ],
              [
                71.4267921818,
                51.1310990101
              ],
              [
                71.4268634625,
                51.1310827332
              ],
              [
                71.4273633598,
                51.1310045552
              ],
              [
                71.4273474099,
                51.1309677034
              ]
            ]
          ]
        ]
      },
      "properties": {
        "gid": 5212074,
        "kad_nomer": "213200721239",
        "geometryHash": "sha256:167b91cfdabb5e3f9ef74f92f7c35d9c43fbbf86faceb28ee0d36eedeaada918"
      }
    },
    {
      "type": "Feature",
      "geometry": {
        "type": "MultiPolygon",
        "coordinates": [
          [
            [
              [
                71.4269077642,
                51.1320188422
              ],
              [
                71.4268313942,
                51.1318210397
              ],
              [
                71.4268999424,
                51.1318096871
              ],
              [
                71.4268214418,
                51.1316192221
              ],
              [
                71.4262821416,
                51.1316925467
              ],
              [
                71.4264148063,
                51.1320332774
              ],
              [
                71.4264607659,
                51.1320275512
              ],
              [
                71.4264816902,
                51.1320822896
              ],
              [
                71.4269077642,
                51.1320188422
              ]
            ]
          ]
        ]
      },
      "properties": {
        "gid": 5212965,
        "kad_nomer": "21320072672",
        "geometryHash": "sha256:403bb9d7bc8e49921af8cf19861e5d2d5ff4178e41683987e30633be2fdbe8da"
      }
    },
    {
      "type": "Feature",
      "geometry": {
        "type": "MultiPolygon",
        "coordinates": [
          [
            [
              [
                71.4268749572,
                51.129428913
              ],
              [
                71.4274042032,
                51.130755664
              ],
              [
                71.4291235611,
                51.1304867995
              ],
              [
                71.4286076012,
                51.1291807889
              ],
              [
                71.4268749572,
                51.129428913
              ]
            ]
          ]
        ]
      },
      "properties": {
        "gid": 5214510,
        "kad_nomer": "21320072740",
        "geometryHash": "sha256:62d50169b45afa4664c3711dc610310b96e1a3675e5a70a8bf8b37671cd415f1"
      }
    },
    {
      "type": "Feature",
      "geometry": {
        "type": "MultiPolygon",
        "coordinates": [
          [
            [
              [
                71.4271625583,
                51.1317191005
              ],
              [
                71.4271582508,
                51.1316646098
              ],
              [
                71.4271511069,
                51.1316647546
              ],
              [
                71.4271456724,
                51.1315960561
              ],
              [
                71.4271052282,
                51.1315974778
              ],
              [
                71.4271138461,
                51.1317206579
              ],
              [
                71.4271625583,
                51.1317191005
              ]
            ]
          ]
        ]
      },
      "properties": {
        "gid": 5215275,
        "kad_nomer": "213200721019",
        "geometryHash": "sha256:4b583f3d27e6f4bf12e49dc1c33ee33e30fba3f566f7ed30b43b8d0def29d31f"
      }
    },
    {
      "type": "Feature",
      "geometry": {
        "type": "MultiPolygon",
        "coordinates": [
          [
            [
              [
                71.4285203009,
                51.1314490897
              ],
              [
                71.4286148919,
                51.1314354393
              ],
              [
                71.428662404,
                51.1314287517
              ],
              [
                71.4286636386,
                51.1314328022
              ],
              [
                71.4286784856,
                51.1314798831
              ],
              [
                71.4286988156,
                51.1315457762
              ],
              [
                71.4287234189,
                51.1315430228
              ],
              [
                71.4287276579,
                51.1315582326
              ],
              [
                71.4287310737,
                51.1315708333
              ],
              [
                71.4287324492,
                51.1315753332
              ],
              [
                71.4287357405,
                51.1315864048
              ],
              [
                71.4287460545,
                51.1315956225
              ],
              [
                71.4287949878,
                51.1316355896
              ],
              [
                71.4287987961,
                51.131639654
              ],
              [
                71.4288259624,
                51.1316607282
              ],
              [
                71.4288463978,
                51.1316714355
              ],
              [
                71.4288692909,
                51.1316799969
              ],
              [
                71.4288929021,
                51.1316883807
              ],
              [
                71.428842191,
                51.1317230981
              ],
              [
                71.4288545224,
                51.1317307971
              ],
              [
                71.4289389083,
                51.1317258723
              ],
              [
                71.4290234775,
                51.1317454648
              ],
              [
                71.4290466973,
                51.1317508824
              ],
              [
                71.4291411448,
                51.1317606019
              ],
              [
                71.4292463048,
                51.1317591369
              ],
              [
                71.4293043838,
                51.1317525892
              ],
              [
                71.4293624644,
                51.1317460441
              ],
              [
                71.4294948564,
                51.1317252981
              ],
              [
                71.4296059239,
                51.1317079533
              ],
              [
                71.4293992437,
                51.1311846354
              ],
              [
                71.428714357,
                51.1312936435
              ],
              [
                71.4284774723,
                51.1313313144
              ],
              [
                71.4285203009,
                51.1314490897
              ]
            ]
          ]
        ]
      },
      "properties": {
        "gid": 5215351,
        "kad_nomer": "21320072765",
        "geometryHash": "sha256:b51640cfdcf7ba1a4d302dba617fc583551bbbd8aa1fc5bc7f53caa51c73db3d"
      }
    },
    {
      "type": "Feature",
      "geometry": {
        "type": "MultiPolygon",
        "coordinates": [
          [
            [
              [
                71.4291053654,
                51.1306596198
              ],
              [
                71.4290668241,
                51.1305612024
              ],
              [
                71.4289063405,
                51.1305865026
              ],
              [
                71.4289487524,
                51.1306849223
              ],
              [
                71.4291053654,
                51.1306596198
              ]
            ],
            [
              [
                71.429053602,
                51.1306401451
              ],
              [
                71.4290521987,
                51.1306403704
              ],
              [
                71.4290451585,
                51.1306415078
              ],
              [
                71.4289790445,
                51.1306521896
              ],
              [
                71.428978798,
                51.1306516056
              ],
              [
                71.4289593266,
                51.1306064268
              ],
              [
                71.4289591329,
                51.1306059776
              ],
              [
                71.4290311126,
                51.1305946297
              ],
              [
                71.4290346029,
                51.1305940805
              ],
              [
                71.4290355073,
                51.1305939367
              ],
              [
                71.429053602,
                51.1306401451
              ]
            ]
          ]
        ]
      },
      "properties": {
        "gid": 5216668,
        "kad_nomer": "213200721031",
        "geometryHash": "sha256:f5bacc8aa830602ac733cb649e54f22bfe302d87cf6877c2ba32ac11089c02ad"
      }
    },
    {
      "type": "Feature",
      "geometry": {
        "type": "MultiPolygon",
        "coordinates": [
          [
            [
              [
                71.426676821,
                51.1312304889
              ],
              [
                71.4266698659,
                51.1312130518
              ],
              [
                71.4265590323,
                51.1312297837
              ],
              [
                71.426565688,
                51.1312472639
              ],
              [
                71.426676821,
                51.1312304889
              ]
            ]
          ]
        ]
      },
      "properties": {
        "gid": 5889012,
        "kad_nomer": "21320072784",
        "geometryHash": "sha256:fd46230d2bde739b97069e71544890927b06203cb44e876bac7d5e04c8301163"
      }
    },
    {
      "type": "Feature",
      "geometry": {
        "type": "MultiPolygon",
        "coordinates": [
          [
            [
              [
                71.4267102377,
                51.1294525119
              ],
              [
                71.426690763,
                51.1293986581
              ],
              [
                71.4253189369,
                51.129595095
              ],
              [
                71.4253384429,
                51.1296490311
              ],
              [
                71.4267102662,
                51.1294525922
              ],
              [
                71.4267102377,
                51.1294525119
              ]
            ]
          ]
        ]
      },
      "properties": {
        "gid": 5957462,
        "kad_nomer": "213200721292",
        "geometryHash": "sha256:55e244ec007d391f22ba4f16556e617529559b30dc9eea1dc65b13e92be08a70"
      }
    },
    {
      "type": "Feature",
      "geometry": {
        "type": "MultiPolygon",
        "coordinates": [
          [
            [
              [
                71.428842191,
                51.1317230981
              ],
              [
                71.4288929021,
                51.1316883807
              ],
              [
                71.4288692909,
                51.1316799969
              ],
              [
                71.4288463978,
                51.1316714355
              ],
              [
                71.4288259624,
                51.1316607282
              ],
              [
                71.4287987961,
                51.131639654
              ],
              [
                71.4287949878,
                51.1316355896
              ],
              [
                71.4287460545,
                51.1315956225
              ],
              [
                71.4287357405,
                51.1315864048
              ],
              [
                71.4287324492,
                51.1315753332
              ],
              [
                71.4287310737,
                51.1315708333
              ],
              [
                71.4287276579,
                51.1315582326
              ],
              [
                71.4287234189,
                51.1315430228
              ],
              [
                71.4286988156,
                51.1315457762
              ],
              [
                71.4286784856,
                51.1314798831
              ],
              [
                71.4286636386,
                51.1314328022
              ],
              [
                71.428662404,
                51.1314287517
              ],
              [
                71.4286148919,
                51.1314354393
              ],
              [
                71.4285203009,
                51.1314490897
              ],
              [
                71.428427558,
                51.1314618669
              ],
              [
                71.4284511645,
                51.1315180495
              ],
              [
                71.4284626993,
                51.1315556782
              ],
              [
                71.4284685564,
                51.1315672128
              ],
              [
                71.4284763684,
                51.1315824401
              ],
              [
                71.4284777678,
                51.1315847837
              ],
              [
                71.4284837943,
                51.1315940707
              ],
              [
                71.4284932069,
                51.1316070594
              ],
              [
                71.4285154647,
                51.1316323352
              ],
              [
                71.4285407521,
                51.1316552005
              ],
              [
                71.4285700556,
                51.1316768257
              ],
              [
                71.4285988389,
                51.1316943128
              ],
              [
                71.4286238214,
                51.1317071993
              ],
              [
                71.428652096,
                51.1317196514
              ],
              [
                71.4285649108,
                51.1317809735
              ],
              [
                71.428431192,
                51.1318744257
              ],
              [
                71.4283516971,
                51.1319261694
              ],
              [
                71.4272227557,
                51.1319583034
              ],
              [
                71.4272173246,
                51.1319584558
              ],
              [
                71.4272805863,
                51.1321185845
              ],
              [
                71.4283074094,
                51.1320893512
              ],
              [
                71.428842191,
                51.1317230981
              ]
            ]
          ]
        ]
      },
      "properties": {
        "gid": 6223894,
        "kad_nomer": "21320072849",
        "geometryHash": "sha256:8df67313d0ffb235b3eecc0c2fbf5424409cae6fe50dff444f35729cfeb4fb24"
      }
    },
    {
      "type": "Feature",
      "geometry": {
        "type": "MultiPolygon",
        "coordinates": [
          [
            [
              [
                71.4293390446,
                51.1304440705
              ],
              [
                71.4294522662,
                51.1304252582
              ],
              [
                71.4289759243,
                51.1292421024
              ],
              [
                71.4288656687,
                51.1292547367
              ],
              [
                71.4293390446,
                51.1304440705
              ]
            ]
          ]
        ]
      },
      "properties": {
        "gid": 6866473,
        "kad_nomer": "213200721547",
        "geometryHash": "sha256:ce361b2547eb7108f0ee71f4271d03000a81e664912949b4c4fbe42aa7f2196f"
      }
    },
    {
      "type": "Feature",
      "geometry": {
        "type": "MultiPolygon",
        "coordinates": [
          [
            [
              [
                71.4269630667,
                51.1314083887
              ],
              [
                71.4269176604,
                51.1313193914
              ],
              [
                71.4292330637,
                51.1309439117
              ],
              [
                71.4292736416,
                51.1310361564
              ],
              [
                71.4269630667,
                51.1314083887
              ]
            ]
          ]
        ]
      },
      "properties": {
        "gid": 6874012,
        "kad_nomer": "213200721550",
        "geometryHash": "sha256:7bc757ba5e7884db2e38b9f5a3b5ce296d3d4297ee0b3f4cecdbddd8677c8082"
      }
    },
    {
      "type": "Feature",
      "geometry": {
        "type": "MultiPolygon",
        "coordinates": [
          [
            [
              [
                71.4268007026,
                51.1312070563
              ],
              [
                71.4267976033,
                51.1311997455
              ],
              [
                71.4268108934,
                51.1311969513
              ],
              [
                71.4268144352,
                51.1312045226
              ],
              [
                71.4268007026,
                51.1312070563
              ]
            ]
          ]
        ]
      },
      "properties": {
        "gid": 7007389,
        "kad_nomer": "213200721567",
        "geometryHash": "sha256:5e1a275f49bf6ff333beebdc5ba2eb5673106f182819a487879cb1319ca9f493"
      }
    },
    {
      "type": "Feature",
      "geometry": {
        "type": "MultiPolygon",
        "coordinates": [
          [
            [
              [
                71.4271456797,
                51.1315955136
              ],
              [
                71.4271511081,
                51.13166475
              ],
              [
                71.427158252,
                51.1316646062
              ],
              [
                71.4271707239,
                51.1318225904
              ],
              [
                71.4271808958,
                51.1319125226
              ],
              [
                71.4272173258,
                51.1319584513
              ],
              [
                71.4272227568,
                51.131958298
              ],
              [
                71.4283516969,
                51.1319261658
              ],
              [
                71.4284311904,
                51.131874423
              ],
              [
                71.4285649135,
                51.1317809708
              ],
              [
                71.4286520959,
                51.1317196487
              ],
              [
                71.4286238226,
                51.1317071948
              ],
              [
                71.4285988401,
                51.1316943092
              ],
              [
                71.4285700568,
                51.1316768212
              ],
              [
                71.4285407533,
                51.131655196
              ],
              [
                71.4285154645,
                51.1316323325
              ],
              [
                71.4284932068,
                51.1316070567
              ],
              [
                71.4284837956,
                51.131594068
              ],
              [
                71.4284777676,
                51.1315847801
              ],
              [
                71.4284763681,
                51.1315824356
              ],
              [
                71.4284685576,
                51.1315672074
              ],
              [
                71.4284626992,
                51.1315556746
              ],
              [
                71.4284511644,
                51.1315180468
              ],
              [
                71.4284261859,
                51.1314586018
              ],
              [
                71.4284188298,
                51.131441219
              ],
              [
                71.4271443255,
                51.13157798
              ],
              [
                71.4271456797,
                51.1315955136
              ]
            ]
          ]
        ]
      },
      "properties": {
        "gid": 7013950,
        "kad_nomer": "21320072566",
        "geometryHash": "sha256:70ee43828815e27c021c632957ba49dce8fc97639931b1d18a300aadba1e569c"
      }
    },
    {
      "type": "Feature",
      "geometry": {
        "type": "MultiPolygon",
        "coordinates": [
          [
            [
              [
                71.4284338608,
                51.1309580724
              ],
              [
                71.4284385292,
                51.1309704933
              ],
              [
                71.4284581307,
                51.1309675758
              ],
              [
                71.4284534608,
                51.1309551558
              ],
              [
                71.4284338608,
                51.1309580724
              ]
            ]
          ]
        ]
      },
      "properties": {
        "gid": 7622547,
        "kad_nomer": "213200721609",
        "geometryHash": "sha256:a94bdc54cf3b31bfd5c43b7f55bcb3c70c82a360dab4e7c0bb9ec346abd97552"
      }
    },
    {
      "type": "Feature",
      "geometry": {
        "type": "MultiPolygon",
        "coordinates": [
          [
            [
              [
                71.4286576118,
                51.1309281683
              ],
              [
                71.4286824579,
                51.1309249539
              ],
              [
                71.4286865813,
                51.1309408775
              ],
              [
                71.4286636965,
                51.1309433317
              ],
              [
                71.4286576118,
                51.1309281683
              ]
            ]
          ]
        ]
      },
      "properties": {
        "gid": 7854692,
        "kad_nomer": "213200721618",
        "geometryHash": "sha256:a9b9febb209253b6527b21d67749e1ae3bb3904f1165370e6bc7198c24a45a50"
      }
    },
    {
      "type": "Feature",
      "geometry": {
        "type": "MultiPolygon",
        "coordinates": [
          [
            [
              [
                71.426973084,
                51.1315639569
              ],
              [
                71.4269305574,
                51.1314562822
              ],
              [
                71.4293609868,
                51.1310880353
              ],
              [
                71.4293992166,
                51.1311845559
              ],
              [
                71.426973084,
                51.1315639569
              ]
            ]
          ]
        ]
      },
      "properties": {
        "gid": 7990097,
        "kad_nomer": "213200721623",
        "geometryHash": "sha256:48387c89607471905eb982ef0617b401ad29fb503f3ad0357da6fc43a8f5ba45"
      }
    },
    {
      "type": "Feature",
      "geometry": {
        "type": "MultiPolygon",
        "coordinates": [
          [
            [
              [
                71.4310968974,
                51.1301781578
              ],
              [
                71.4310830333,
                51.1301803268
              ],
              [
                71.4310864804,
                51.1301890503
              ],
              [
                71.4311003402,
                51.1301868814
              ],
              [
                71.4310968974,
                51.1301781578
              ]
            ]
          ]
        ]
      },
      "properties": {
        "gid": 5208741,
        "kad_nomer": "213200721267",
        "geometryHash": "sha256:11dbde95d97ed1ea5a15b7037e81ddc2defdf6bef764a57507b61053145ca594"
      }
    },
    {
      "type": "Feature",
      "geometry": {
        "type": "MultiPolygon",
        "coordinates": [
          [
            [
              [
                71.4310968974,
                51.1301781578
              ],
              [
                71.4310934489,
                51.1301694361
              ],
              [
                71.4310795876,
                51.1301716041
              ],
              [
                71.4310830333,
                51.1301803268
              ],
              [
                71.4310968974,
                51.1301781578
              ]
            ]
          ]
        ]
      },
      "properties": {
        "gid": 5212590,
        "kad_nomer": "213200721127",
        "geometryHash": "sha256:78b84be192109712c64cb04b90cb92384de60bcf524c3bea1d14b2e68be93540"
      }
    },
    {
      "type": "Feature",
      "geometry": {
        "type": "MultiPolygon",
        "coordinates": [
          [
            [
              [
                71.4313330217,
                51.1301504861
              ],
              [
                71.4313295759,
                51.1301417626
              ],
              [
                71.4313157147,
                51.1301439324
              ],
              [
                71.4313191575,
                51.1301526543
              ],
              [
                71.4313330217,
                51.1301504861
              ]
            ]
          ]
        ]
      },
      "properties": {
        "gid": 5214963,
        "kad_nomer": "213200721126",
        "geometryHash": "sha256:e3e6ed6ef5eddcfcb02180564e70895cd6711d5a491e99d709035334a1e75eec"
      }
    },
    {
      "type": "Feature",
      "geometry": {
        "type": "MultiPolygon",
        "coordinates": [
          [
            [
              [
                71.4335760344,
                51.1319582109
              ],
              [
                71.4330450223,
                51.1306143359
              ],
              [
                71.4299537195,
                51.1310978649
              ],
              [
                71.430501316,
                51.1324839645
              ],
              [
                71.4305805726,
                51.132470411
              ],
              [
                71.4320240819,
                51.132223592
              ],
              [
                71.4335760344,
                51.1319582109
              ]
            ]
          ]
        ]
      },
      "properties": {
        "gid": 5215103,
        "kad_nomer": "21320072819",
        "geometryHash": "sha256:b9d3b7a925dc69c5929d6237a6267666a6a03d4bdba03a31e82dabda55916252"
      }
    },
    {
      "type": "Feature",
      "geometry": {
        "type": "MultiPolygon",
        "coordinates": [
          [
            [
              [
                71.4311295957,
                51.1300998701
              ],
              [
                71.4311104801,
                51.1300519213
              ],
              [
                71.4310344366,
                51.1300639207
              ],
              [
                71.4310495297,
                51.1301021272
              ],
              [
                71.4310533481,
                51.1301117946
              ],
              [
                71.4311295957,
                51.1300998701
              ]
            ]
          ]
        ]
      },
      "properties": {
        "gid": 5216696,
        "kad_nomer": "21320072949",
        "geometryHash": "sha256:b709facc4a430b8f1b8be28978df4dc6770e7980de837e9cf60b6da541edc3c2"
      }
    },
    {
      "type": "Feature",
      "geometry": {
        "type": "MultiPolygon",
        "coordinates": [
          [
            [
              [
                71.4294201758,
                51.131052385
              ],
              [
                71.4294132923,
                51.1310349421
              ],
              [
                71.4293855645,
                51.1310392734
              ],
              [
                71.4293924495,
                51.1310567172
              ],
              [
                71.4294201758,
                51.131052385
              ]
            ]
          ]
        ]
      },
      "properties": {
        "gid": 5633781,
        "kad_nomer": "213200721013",
        "geometryHash": "sha256:96016ca6ae37257acdd643aaa1b63ab6e120bc918ea091f224d944fef7224a79"
      }
    },
    {
      "type": "Feature",
      "geometry": {
        "type": "MultiPolygon",
        "coordinates": [
          [
            [
              [
                71.4298643505,
                51.1309807509
              ],
              [
                71.4298574653,
                51.1309633071
              ],
              [
                71.4298297434,
                51.1309676393
              ],
              [
                71.4298366271,
                51.1309850831
              ],
              [
                71.4298643505,
                51.1309807509
              ]
            ]
          ]
        ]
      },
      "properties": {
        "gid": 5633798,
        "kad_nomer": "213200721014",
        "geometryHash": "sha256:ce14fdd6efe787a1162c3d010ebbe74d63f81f6dde697d4f4c4f45d94af8d785"
      }
    },
    {
      "type": "Feature",
      "geometry": {
        "type": "MultiPolygon",
        "coordinates": [
          [
            [
              [
                71.4293118707,
                51.130784304
              ],
              [
                71.4293049858,
                51.1307668602
              ],
              [
                71.4292772653,
                51.1307711922
              ],
              [
                71.4292841494,
                51.1307886459
              ],
              [
                71.4293118707,
                51.130784304
              ]
            ]
          ]
        ]
      },
      "properties": {
        "gid": 5640372,
        "kad_nomer": "213200721012",
        "geometryHash": "sha256:246dc9bb075d7e952107145adef45b41efd4c7f6437e405615d38f5ef3abba16"
      }
    },
    {
      "type": "Feature",
      "geometry": {
        "type": "MultiPolygon",
        "coordinates": [
          [
            [
              [
                71.430964533,
                51.1305917636
              ],
              [
                71.4317724306,
                51.1304652727
              ],
              [
                71.431730763,
                51.1303599094
              ],
              [
                71.4314694552,
                51.1304009222
              ],
              [
                71.4314863376,
                51.1304535584
              ],
              [
                71.4312522241,
                51.1304901465
              ],
              [
                71.4312306694,
                51.130437568
              ],
              [
                71.4309918859,
                51.1304742113
              ],
              [
                71.4309221478,
                51.1304845712
              ],
              [
                71.430964533,
                51.1305917636
              ]
            ]
          ]
        ]
      },
      "properties": {
        "gid": 5958991,
        "kad_nomer": "213200721289",
        "geometryHash": "sha256:99c4ea81b0503d847f1f6b975d82dedd2435a326783b79d15f50b807fa0f723d"
      }
    },
    {
      "type": "Feature",
      "geometry": {
        "type": "MultiPolygon",
        "coordinates": [
          [
            [
              [
                71.4297594916,
                51.1307137741
              ],
              [
                71.4297525907,
                51.1306963307
              ],
              [
                71.4297248675,
                51.1307006628
              ],
              [
                71.4297317683,
                51.1307181054
              ],
              [
                71.4297594916,
                51.1307137741
              ]
            ]
          ]
        ]
      },
      "properties": {
        "gid": 6273210,
        "kad_nomer": "213200721015",
        "geometryHash": "sha256:f9ab6092e67db1acf5510fec7dd61b76f9851bcf85b116158f688aea028d0921"
      }
    },
    {
      "type": "Feature",
      "geometry": {
        "type": "MultiPolygon",
        "coordinates": [
          [
            [
              [
                71.4298542389,
                51.1307378449
              ],
              [
                71.4298589091,
                51.1307502647
              ],
              [
                71.4298785089,
                51.1307473471
              ],
              [
                71.4298738402,
                51.1307349281
              ],
              [
                71.4298542389,
                51.1307378449
              ]
            ]
          ]
        ]
      },
      "properties": {
        "gid": 7624324,
        "kad_nomer": "213200721605",
        "geometryHash": "sha256:6f7f4970197f9c79b922d13107483e067e0c67eb33643f9ca397d69145e11edf"
      }
    },
    {
      "type": "Feature",
      "geometry": {
        "type": "MultiPolygon",
        "coordinates": [
          [
            [
              [
                71.4307700149,
                51.1305913785
              ],
              [
                71.4307746853,
                51.1306037983
              ],
              [
                71.4307942865,
                51.1306008814
              ],
              [
                71.4307896189,
                51.1305884615
              ],
              [
                71.4307700149,
                51.1305913785
              ]
            ]
          ]
        ]
      },
      "properties": {
        "gid": 7633781,
        "kad_nomer": "213200721608",
        "geometryHash": "sha256:9a4e4c67dc34c19de19c3a065e4eb0c448332799f03d7cb1bde57e38cf2808c5"
      }
    },
    {
      "type": "Feature",
      "geometry": {
        "type": "MultiPolygon",
        "coordinates": [
          [
            [
              [
                71.4343878286,
                51.1310726276
              ],
              [
                71.434721237,
                51.1310257057
              ],
              [
                71.4347274701,
                51.1310428111
              ],
              [
                71.4353936945,
                51.130939077
              ],
              [
                71.4351651406,
                51.1303546326
              ],
              [
                71.4350506277,
                51.1303738506
              ],
              [
                71.4350575545,
                51.1303900664
              ],
              [
                71.434817131,
                51.1304271017
              ],
              [
                71.4348129485,
                51.130417647
              ],
              [
                71.4345067353,
                51.1304602046
              ],
              [
                71.4342820561,
                51.1304941749
              ],
              [
                71.4341528587,
                51.1305456832
              ],
              [
                71.4340548182,
                51.1306198111
              ],
              [
                71.4339921545,
                51.1307201761
              ],
              [
                71.4339853702,
                51.1308082222
              ],
              [
                71.4340264351,
                51.1309540343
              ],
              [
                71.4340984343,
                51.13114134
              ],
              [
                71.4343975542,
                51.1310951493
              ],
              [
                71.4343878286,
                51.1310726276
              ]
            ]
          ]
        ]
      },
      "properties": {
        "gid": 5208590,
        "kad_nomer": "21320072596",
        "geometryHash": "sha256:92445cbda3efcd56c756cfb50901b52dbdc8def152a926fcf94e50ab58a4d97e"
      }
    },
    {
      "type": "Feature",
      "geometry": {
        "type": "MultiPolygon",
        "coordinates": [
          [
            [
              [
                71.4332474572,
                51.1297899404
              ],
              [
                71.4328845917,
                51.1288373429
              ],
              [
                71.4327446383,
                51.128859236
              ],
              [
                71.4331150874,
                51.1298106489
              ],
              [
                71.4332474572,
                51.1297899404
              ]
            ],
            [
              [
                71.4329539978,
                51.1292580253
              ],
              [
                71.4329955806,
                51.1292515205
              ],
              [
                71.4330024754,
                51.1292689656
              ],
              [
                71.4329608869,
                51.1292754706
              ],
              [
                71.4329539978,
                51.1292580253
              ]
            ]
          ]
        ]
      },
      "properties": {
        "gid": 5211046,
        "kad_nomer": "213200721213",
        "geometryHash": "sha256:81c2bbcc1cd19167df28c219d7664a4fe9b37680ae820df76bd80ffbdc23cd88"
      }
    },
    {
      "type": "Feature",
      "geometry": {
        "type": "MultiPolygon",
        "coordinates": [
          [
            [
              [
                71.4336537796,
                51.1307895063
              ],
              [
                71.4336463749,
                51.1307818626
              ],
              [
                71.4335263243,
                51.1308292144
              ],
              [
                71.4335337289,
                51.1308368562
              ],
              [
                71.4336537796,
                51.1307895063
              ]
            ]
          ]
        ]
      },
      "properties": {
        "gid": 5212207,
        "kad_nomer": "21320072826",
        "geometryHash": "sha256:fa6c2a52443942b03ce80624edf45cc0d9a0d1255c9efa0a3ff2b6e0c77271e7"
      }
    },
    {
      "type": "Feature",
      "geometry": {
        "type": "MultiPolygon",
        "coordinates": [
          [
            [
              [
                71.435529145,
                51.1294618794
              ],
              [
                71.4354275234,
                51.1291976785
              ],
              [
                71.4336416958,
                51.1294764775
              ],
              [
                71.4337447482,
                51.1297387119
              ],
              [
                71.435529145,
                51.1294618794
              ]
            ]
          ]
        ]
      },
      "properties": {
        "gid": 5213337,
        "kad_nomer": "21320072704",
        "geometryHash": "sha256:d8913e1763a470ba2ef97ea58d385428fd5b586858def13f65366c8b847e525b"
      }
    },
    {
      "type": "Feature",
      "geometry": {
        "type": "MultiPolygon",
        "coordinates": [
          [
            [
              [
                71.4351219379,
                51.1297457957
              ],
              [
                71.4350772705,
                51.1296339197
              ],
              [
                71.4337902658,
                51.1298373531
              ],
              [
                71.4338347045,
                51.1299486605
              ],
              [
                71.4338509812,
                51.1299894315
              ],
              [
                71.4351385107,
                51.1297873131
              ],
              [
                71.4351219379,
                51.1297457957
              ]
            ]
          ]
        ]
      },
      "properties": {
        "gid": 5213969,
        "kad_nomer": "213200721321",
        "geometryHash": "sha256:2f17f0358a8ceca952bcae7bb0eba81c783d9cf9b773cb27b26d66184a11410b"
      }
    },
    {
      "type": "Feature",
      "geometry": {
        "type": "MultiPolygon",
        "coordinates": [
          [
            [
              [
                71.4356440141,
                51.1319316881
              ],
              [
                71.4356115562,
                51.131851448
              ],
              [
                71.4367508516,
                51.1316720564
              ],
              [
                71.43672142,
                51.131601897
              ],
              [
                71.4368223289,
                51.1315857554
              ],
              [
                71.4368508974,
                51.1316562701
              ],
              [
                71.4369847213,
                51.1316352546
              ],
              [
                71.4370163244,
                51.1317147747
              ],
              [
                71.4379667262,
                51.1315147773
              ],
              [
                71.437806964,
                51.1311311957
              ],
              [
                71.4377219512,
                51.1311441797
              ],
              [
                71.4375792788,
                51.1308122763
              ],
              [
                71.435502967,
                51.131139144
              ],
              [
                71.4354430592,
                51.130991356
              ],
              [
                71.4338790174,
                51.1312342015
              ],
              [
                71.4342208422,
                51.1320998977
              ],
              [
                71.4356440141,
                51.1319316881
              ]
            ]
          ]
        ]
      },
      "properties": {
        "gid": 5214700,
        "kad_nomer": "21320072856",
        "geometryHash": "sha256:97de8719848d6a098d975f76bb2320aa68d78de6cb197be4c8e9a390890ccc2b"
      }
    },
    {
      "type": "Feature",
      "geometry": {
        "type": "MultiPolygon",
        "coordinates": [
          [
            [
              [
                71.4335511188,
                51.1304117068
              ],
              [
                71.433544218,
                51.1303942617
              ],
              [
                71.4335164953,
                51.1303985948
              ],
              [
                71.4335233948,
                51.1304160399
              ],
              [
                71.4335511188,
                51.1304117068
              ]
            ]
          ]
        ]
      },
      "properties": {
        "gid": 5633803,
        "kad_nomer": "21320072995",
        "geometryHash": "sha256:f0c68cd487ff5a301972c6525bfa1ec4ee724fc33085b4b9b2879c8e68de3124"
      }
    },
    {
      "type": "Feature",
      "geometry": {
        "type": "MultiPolygon",
        "coordinates": [
          [
            [
              [
                71.4329210805,
                51.1302139991
              ],
              [
                71.43291418,
                51.1301965568
              ],
              [
                71.4328864573,
                51.130200887
              ],
              [
                71.432893357,
                51.130218342
              ],
              [
                71.4329210805,
                51.1302139991
              ]
            ]
          ]
        ]
      },
      "properties": {
        "gid": 5640369,
        "kad_nomer": "21320072993",
        "geometryHash": "sha256:42ce70aea3f7aab2226a6d9da187f018475ab6ebef3aefde0a9e0044ca3e45e8"
      }
    },
    {
      "type": "Feature",
      "geometry": {
        "type": "MultiPolygon",
        "coordinates": [
          [
            [
              [
                71.4330297876,
                51.1304912866
              ],
              [
                71.4330229027,
                51.1304738412
              ],
              [
                71.4329951646,
                51.1304781817
              ],
              [
                71.4330020653,
                51.1304956267
              ],
              [
                71.4330297876,
                51.1304912866
              ]
            ]
          ]
        ]
      },
      "properties": {
        "gid": 5640574,
        "kad_nomer": "21320072996",
        "geometryHash": "sha256:a1ecac7dbda05807fb2c699de48a7c71ab07a9d0bcb476093c0a58cf94d69468"
      }
    },
    {
      "type": "Feature",
      "geometry": {
        "type": "MultiPolygon",
        "coordinates": [
          [
            [
              [
                71.4335760344,
                51.1319582109
              ],
              [
                71.4320240819,
                51.132223592
              ],
              [
                71.4305805726,
                51.132470411
              ],
              [
                71.430501316,
                51.1324839645
              ],
              [
                71.4305388429,
                51.1325789541
              ],
              [
                71.4309405972,
                51.1335958221
              ],
              [
                71.4312847917,
                51.1335408584
              ],
              [
                71.4319290939,
                51.1334303575
              ],
              [
                71.4324558036,
                51.1333412668
              ],
              [
                71.4330954247,
                51.1332304702
              ],
              [
                71.4331576723,
                51.1332196867
              ],
              [
                71.4339031315,
                51.1330902377
              ],
              [
                71.434015722,
                51.1330709152
              ],
              [
                71.4340069772,
                51.1330487823
              ],
              [
                71.4335760344,
                51.1319582109
              ]
            ]
          ]
        ]
      },
      "properties": {
        "gid": 5652333,
        "kad_nomer": "213200721417",
        "geometryHash": "sha256:d536c212e2ccf93be39451bf9d297c1b41329e5e560d7d8bda46e56fbc99cebd"
      }
    },
    {
      "type": "Feature",
      "geometry": {
        "type": "MultiPolygon",
        "coordinates": [
          [
            [
              [
                71.433441583,
                51.1301388045
              ],
              [
                71.4334346694,
                51.1301213597
              ],
              [
                71.4334069341,
                51.1301265916
              ],
              [
                71.4334138295,
                51.1301431463
              ],
              [
                71.433441583,
                51.1301388045
              ]
            ]
          ]
        ]
      },
      "properties": {
        "gid": 5891496,
        "kad_nomer": "21320072994",
        "geometryHash": "sha256:f3c3394b3ca0b6d70f2c1e23cd2ab617c494ad1e84de11f15db7c3a1a0af86df"
      }
    },
    {
      "type": "Feature",
      "geometry": {
        "type": "MultiPolygon",
        "coordinates": [
          [
            [
              [
                71.4347223888,
                51.1303519281
              ],
              [
                71.4346999458,
                51.130295119
              ],
              [
                71.4339623236,
                51.1304105154
              ],
              [
                71.4339847729,
                51.1304673236
              ],
              [
                71.4347223888,
                51.1303519281
              ]
            ]
          ]
        ]
      },
      "properties": {
        "gid": 5957177,
        "kad_nomer": "213200721291",
        "geometryHash": "sha256:733efede6843947477e8d7ac28c245985a62d80bd5623c21cb63f0efbdc32495"
      }
    },
    {
      "type": "Feature",
      "geometry": {
        "type": "MultiPolygon",
        "coordinates": [
          [
            [
              [
                71.4339818749,
                51.1311454752
              ],
              [
                71.433792397,
                51.1306659527
              ],
              [
                71.433662228,
                51.1306863138
              ],
              [
                71.4336203819,
                51.130692863
              ],
              [
                71.4338100964,
                51.1311723484
              ],
              [
                71.4338517076,
                51.1311658383
              ],
              [
                71.4339818749,
                51.1311454752
              ]
            ]
          ]
        ]
      },
      "properties": {
        "gid": 5958954,
        "kad_nomer": "213200721312",
        "geometryHash": "sha256:e429d6b31d296a1247680b57f98b9bc7acc65296bb570e9b7f29d4fc060cd67e"
      }
    },
    {
      "type": "Feature",
      "geometry": {
        "type": "MultiPolygon",
        "coordinates": [
          [
            [
              [
                71.4340030068,
                51.1316569953
              ],
              [
                71.4339191144,
                51.131444091
              ],
              [
                71.433787917,
                51.1314646175
              ],
              [
                71.4338720198,
                51.1316774275
              ],
              [
                71.4340030068,
                51.1316569953
              ]
            ]
          ]
        ]
      },
      "properties": {
        "gid": 5959052,
        "kad_nomer": "213200721316",
        "geometryHash": "sha256:1884bbf795db818ec8af74f4a3123fc5060b6b4c19b598e666c959731cdf57b6"
      }
    },
    {
      "type": "Feature",
      "geometry": {
        "type": "MultiPolygon",
        "coordinates": [
          [
            [
              [
                71.4341337751,
                51.131988854
              ],
              [
                71.4340562062,
                51.1317920011
              ],
              [
                71.4339253663,
                51.1318124106
              ],
              [
                71.4340031505,
                51.1320092348
              ],
              [
                71.4341337751,
                51.131988854
              ]
            ]
          ]
        ]
      },
      "properties": {
        "gid": 5959055,
        "kad_nomer": "213200721315",
        "geometryHash": "sha256:08e9c7a138b5b6df8d079d66b5ffe0a4f83d2ae8d66db30dbdf33f5154792fa1"
      }
    },
    {
      "type": "Feature",
      "geometry": {
        "type": "MultiPolygon",
        "coordinates": [
          [
            [
              [
                71.4320981007,
                51.1303961754
              ],
              [
                71.4320920616,
                51.1303796405
              ],
              [
                71.4320620632,
                51.1303841097
              ],
              [
                71.4320687803,
                51.1304004362
              ],
              [
                71.4320981007,
                51.1303961754
              ]
            ]
          ]
        ]
      },
      "properties": {
        "gid": 6241067,
        "kad_nomer": "213200721418",
        "geometryHash": "sha256:1cc2a4a7fb10bd399cf49faaf0e5ba923a16477664a37e6fcb5ea71056fbe5f2"
      }
    },
    {
      "type": "Feature",
      "geometry": {
        "type": "MultiPolygon",
        "coordinates": [
          [
            [
              [
                71.4336733781,
                51.1304378198
              ],
              [
                71.4336606665,
                51.1304108326
              ],
              [
                71.4336788872,
                51.1304066757
              ],
              [
                71.4336903184,
                51.1304337795
              ],
              [
                71.4336733781,
                51.1304378198
              ]
            ]
          ]
        ]
      },
      "properties": {
        "gid": 6628493,
        "kad_nomer": "213200721523",
        "geometryHash": "sha256:706eb08f3992213d1441cc8ec4aec8910b244d84ba6c6798feef8a2197589687"
      }
    },
    {
      "type": "Feature",
      "geometry": {
        "type": "MultiPolygon",
        "coordinates": [
          [
            [
              [
                71.4329617502,
                51.1301373942
              ],
              [
                71.4330034545,
                51.1301313096
              ],
              [
                71.4329937891,
                51.1301051583
              ],
              [
                71.4329520849,
                51.1301112429
              ],
              [
                71.4329617502,
                51.1301373942
              ]
            ]
          ]
        ]
      },
      "properties": {
        "gid": 6762688,
        "kad_nomer": "213200721529",
        "geometryHash": "sha256:714a4c24e71271de8e2c636c849f22233a09835f6d66a61020689b20239b5dcb"
      }
    },
    {
      "type": "Feature",
      "geometry": {
        "type": "MultiPolygon",
        "coordinates": [
          [
            [
              [
                71.4338970177,
                51.1300778995
              ],
              [
                71.4338613556,
                51.1300031823
              ],
              [
                71.4351166749,
                51.1298027323
              ],
              [
                71.435141339,
                51.1298802865
              ],
              [
                71.4338970177,
                51.1300778995
              ]
            ]
          ]
        ]
      },
      "properties": {
        "gid": 6869785,
        "kad_nomer": "213200721543",
        "geometryHash": "sha256:53d211307e862b64d30d730f740b39ef18f53e4532b173dedb892ed6e3d7ac39"
      }
    },
    {
      "type": "Feature",
      "geometry": {
        "type": "MultiPolygon",
        "coordinates": [
          [
            [
              [
                71.4336416958,
                51.1294764775
              ],
              [
                71.4380482883,
                51.128787503
              ],
              [
                71.4381506063,
                51.1290544007
              ],
              [
                71.4387489616,
                51.1289616478
              ],
              [
                71.4382460751,
                51.1277436561
              ],
              [
                71.4346664473,
                51.1282309112
              ],
              [
                71.4327560303,
                51.1284998255
              ],
              [
                71.4332563187,
                51.129813198
              ],
              [
                71.4337441966,
                51.129737547
              ],
              [
                71.4336416958,
                51.1294764775
              ]
            ]
          ]
        ]
      },
      "properties": {
        "gid": 7499846,
        "kad_nomer": "21320072681",
        "geometryHash": "sha256:78266b0709fb17139b6a373b9cd3adcdb85ea82a6887bdf1756066b700146bfc"
      }
    },
    {
      "type": "Feature",
      "geometry": {
        "type": "MultiPolygon",
        "coordinates": [
          [
            [
              [
                71.432735391,
                51.1302879931
              ],
              [
                71.4327400605,
                51.130300412
              ],
              [
                71.4327596628,
                51.1302974946
              ],
              [
                71.4327549904,
                51.130285074
              ],
              [
                71.432735391,
                51.1302879931
              ]
            ]
          ]
        ]
      },
      "properties": {
        "gid": 7623360,
        "kad_nomer": "213200721610",
        "geometryHash": "sha256:4287dc73e4efbd3383ab331062287bdac67dacade58910d64c6d4d214d8309f6"
      }
    },
    {
      "type": "Feature",
      "geometry": {
        "type": "MultiPolygon",
        "coordinates": [
          [
            [
              [
                71.4282042749,
                51.1271227709
              ],
              [
                71.4282030031,
                51.1271219581
              ],
              [
                71.4282344643,
                51.1272010868
              ],
              [
                71.4284987656,
                51.1278658161
              ],
              [
                71.4284990841,
                51.1278651583
              ],
              [
                71.4285438801,
                51.1277721306
              ],
              [
                71.4283226533,
                51.1271982213
              ],
              [
                71.4282042749,
                51.1271227709
              ]
            ]
          ]
        ]
      },
      "properties": {
        "gid": 5208819,
        "kad_nomer": "213200721214",
        "geometryHash": "sha256:37b98bfe1a9cb0994dc5fb9ef258261e85575c747b0e24266a2705ffd4c821d9"
      }
    },
    {
      "type": "Feature",
      "geometry": {
        "type": "MultiPolygon",
        "coordinates": [
          [
            [
              [
                71.4281325502,
                51.1281947714
              ],
              [
                71.4281292528,
                51.1281860267
              ],
              [
                71.4281153556,
                51.1281881007
              ],
              [
                71.428118653,
                51.1281968446
              ],
              [
                71.4281325502,
                51.1281947714
              ]
            ]
          ]
        ]
      },
      "properties": {
        "gid": 5211629,
        "kad_nomer": "213200721220",
        "geometryHash": "sha256:d7989fa3953562843887377fdca3f44ae7c9bf855b6b9da4c6b79e2a4d578e7e"
      }
    },
    {
      "type": "Feature",
      "geometry": {
        "type": "MultiPolygon",
        "coordinates": [
          [
            [
              [
                71.4285382866,
                51.1290223894
              ],
              [
                71.4285346701,
                51.1290136953
              ],
              [
                71.4285208519,
                51.1290159728
              ],
              [
                71.4285244699,
                51.1290246668
              ],
              [
                71.4285382866,
                51.1290223894
              ]
            ]
          ]
        ]
      },
      "properties": {
        "gid": 5212175,
        "kad_nomer": "213200721224",
        "geometryHash": "sha256:0f2d3150e7289c0a19a9e88b3ba3ec0467f59e747e8ff811f77ee44ae0f1576e"
      }
    },
    {
      "type": "Feature",
      "geometry": {
        "type": "MultiPolygon",
        "coordinates": [
          [
            [
              [
                71.4282902367,
                51.1285429896
              ],
              [
                71.4282863044,
                51.1285343498
              ],
              [
                71.4282725738,
                51.1285368224
              ],
              [
                71.4282765005,
                51.1285454651
              ],
              [
                71.4282902367,
                51.1285429896
              ]
            ]
          ]
        ]
      },
      "properties": {
        "gid": 5212428,
        "kad_nomer": "213200721133",
        "geometryHash": "sha256:e70d6d819b033a9cf81f122fa8485b2cc1dee614a4162efc660bbc8f66d486a3"
      }
    },
    {
      "type": "Feature",
      "geometry": {
        "type": "MultiPolygon",
        "coordinates": [
          [
            [
              [
                71.4282565781,
                51.1278372605
              ],
              [
                71.4281379889,
                51.1275358174
              ],
              [
                71.4280079455,
                51.127554637
              ],
              [
                71.4281282022,
                51.1278573372
              ],
              [
                71.4282565781,
                51.1278372605
              ]
            ]
          ]
        ]
      },
      "properties": {
        "gid": 5213975,
        "kad_nomer": "213200721216",
        "geometryHash": "sha256:a4026fc3f278f9c3d23859dc5451f2875a3f2e2b5458fe2fc495007f37bed7d1"
      }
    },
    {
      "type": "Feature",
      "geometry": {
        "type": "MultiPolygon",
        "coordinates": [
          [
            [
              [
                71.4293386755,
                51.1279959242
              ],
              [
                71.4293822718,
                51.1279347231
              ],
              [
                71.4294937262,
                51.1278205291
              ],
              [
                71.4295607524,
                51.1277683809
              ],
              [
                71.4296346614,
                51.1277200604
              ],
              [
                71.4297273055,
                51.1276702126
              ],
              [
                71.4296580415,
                51.1274945063
              ],
              [
                71.4295259674,
                51.127555496
              ],
              [
                71.4294105171,
                51.1276178678
              ],
              [
                71.4293118057,
                51.1276907339
              ],
              [
                71.4292857533,
                51.1277119409
              ],
              [
                71.4292098329,
                51.127805711
              ],
              [
                71.429146056,
                51.1279029972
              ],
              [
                71.4290948329,
                51.1280031767
              ],
              [
                71.4293069427,
                51.1280513042
              ],
              [
                71.4293386755,
                51.1279959242
              ]
            ],
            [
              [
                71.4291442667,
                51.1279915868
              ],
              [
                71.4291670196,
                51.1279489859
              ],
              [
                71.4292008643,
                51.1279561433
              ],
              [
                71.4291781186,
                51.1279987431
              ],
              [
                71.4291442667,
                51.1279915868
              ]
            ]
          ]
        ]
      },
      "properties": {
        "gid": 5213996,
        "kad_nomer": "213200721203",
        "geometryHash": "sha256:383650706ad0f26ecd89252e64716b463afedd2aa20e549a782b20f0e1c69cc6"
      }
    },
    {
      "type": "Feature",
      "geometry": {
        "type": "MultiPolygon",
        "coordinates": [
          [
            [
              [
                71.4281579941,
                51.1280423817
              ],
              [
                71.4279521826,
                51.1275214022
              ],
              [
                71.426690717,
                51.1277183775
              ],
              [
                71.426199138,
                51.1277951327
              ],
              [
                71.4264309893,
                51.1283353874
              ],
              [
                71.4281579941,
                51.1280423817
              ]
            ]
          ]
        ]
      },
      "properties": {
        "gid": 5214110,
        "kad_nomer": "21320072737",
        "geometryHash": "sha256:d07e14a42fd174d3416d848d92931b8b7a8df11fe5310353a907a38dbd02cda4"
      }
    },
    {
      "type": "Feature",
      "geometry": {
        "type": "MultiPolygon",
        "coordinates": [
          [
            [
              [
                71.4267478737,
                51.1293170263
              ],
              [
                71.4267166159,
                51.1292306628
              ],
              [
                71.4260018405,
                51.1293388961
              ],
              [
                71.4260291516,
                51.1294171275
              ],
              [
                71.4260347633,
                51.1294331867
              ],
              [
                71.4267526396,
                51.1293301989
              ],
              [
                71.4267478737,
                51.1293170263
              ]
            ]
          ]
        ]
      },
      "properties": {
        "gid": 5216143,
        "kad_nomer": "213200721206",
        "geometryHash": "sha256:444a89c1c7cdcde0298edea7716849ad577f1a41a0f1953bb2a1df29d4208f22"
      }
    },
    {
      "type": "Feature",
      "geometry": {
        "type": "MultiPolygon",
        "coordinates": [
          [
            [
              [
                71.4268302221,
                51.1289542539
              ],
              [
                71.4268262927,
                51.1289456113
              ],
              [
                71.4268125606,
                51.1289480865
              ],
              [
                71.4268164914,
                51.1289567272
              ],
              [
                71.4268302221,
                51.1289542539
              ]
            ]
          ]
        ]
      },
      "properties": {
        "gid": 5577984,
        "kad_nomer": "213200721175",
        "geometryHash": "sha256:3b6f9c24ae736c6368cab918aa1be736918dbb0584ca0fc653e6169fb19d3bfe"
      }
    },
    {
      "type": "Feature",
      "geometry": {
        "type": "MultiPolygon",
        "coordinates": [
          [
            [
              [
                71.4283654976,
                51.1287282838
              ],
              [
                71.4283615695,
                51.128719644
              ],
              [
                71.4283478318,
                51.1287221176
              ],
              [
                71.4283517671,
                51.1287307582
              ],
              [
                71.4283654976,
                51.1287282838
              ]
            ]
          ]
        ]
      },
      "properties": {
        "gid": 6262407,
        "kad_nomer": "213200721173",
        "geometryHash": "sha256:d2a0d97b32c6e9f50c53994d3d68ab16b7c1d5fe59be5be4ce17543417291176"
      }
    },
    {
      "type": "Feature",
      "geometry": {
        "type": "MultiPolygon",
        "coordinates": [
          [
            [
              [
                71.4267666328,
                51.1287790901
              ],
              [
                71.4267627021,
                51.1287704494
              ],
              [
                71.4267489714,
                51.1287729236
              ],
              [
                71.4267529021,
                51.1287815635
              ],
              [
                71.4267666328,
                51.1287790901
              ]
            ]
          ]
        ]
      },
      "properties": {
        "gid": 6303248,
        "kad_nomer": "213200721174",
        "geometryHash": "sha256:d0f8aeac0b62755c35056df1d9b0814519489dc295e1bf0176ff06a79ed26c9b"
      }
    },
    {
      "type": "Feature",
      "geometry": {
        "type": "MultiPolygon",
        "coordinates": [
          [
            [
              [
                71.4281649737,
                51.1278735621
              ],
              [
                71.4281642429,
                51.1278712937
              ],
              [
                71.4281423936,
                51.1278740851
              ],
              [
                71.4281431139,
                51.1278763726
              ],
              [
                71.4281649737,
                51.1278735621
              ]
            ]
          ]
        ]
      },
      "properties": {
        "gid": 6845876,
        "kad_nomer": "213200721402",
        "geometryHash": "sha256:afd3ece912099ef7d2bcd0ac71a992ad05d1926328eb638ae77532dbf15e4f71"
      }
    },
    {
      "type": "Feature",
      "geometry": {
        "type": "MultiPolygon",
        "coordinates": [
          [
            [
              [
                71.4267631175,
                51.1287867397
              ],
              [
                71.4267738401,
                51.1288222233
              ],
              [
                71.4268164479,
                51.1288170215
              ],
              [
                71.4268051541,
                51.1287815498
              ],
              [
                71.4267631175,
                51.1287867397
              ]
            ]
          ]
        ]
      },
      "properties": {
        "gid": 6958556,
        "kad_nomer": "213200721564",
        "geometryHash": "sha256:e8b16580dd674ff08b9f356fde07f56ef1df8ddf294ac83f8e6e7b746174544e"
      }
    },
    {
      "type": "Feature",
      "geometry": {
        "type": "MultiPolygon",
        "coordinates": [
          [
            [
              [
                71.4282643745,
                51.1285799077
              ],
              [
                71.428319772,
                51.1285705723
              ],
              [
                71.4283082676,
                51.1285447286
              ],
              [
                71.4282524512,
                51.1285542527
              ],
              [
                71.4282643745,
                51.1285799077
              ]
            ]
          ]
        ]
      },
      "properties": {
        "gid": 7034549,
        "kad_nomer": "213200721574",
        "geometryHash": "sha256:4cd40ff65216f959400d3379618055fc544b768f5315b2b585dca079618db46b"
      }
    },
    {
      "type": "Feature",
      "geometry": {
        "type": "MultiPolygon",
        "coordinates": [
          [
            [
              [
                71.4283271616,
                51.1287250258
              ],
              [
                71.4283821027,
                51.1287151602
              ],
              [
                71.4283703127,
                51.1286893225
              ],
              [
                71.4283150861,
                51.128699194
              ],
              [
                71.4283271616,
                51.1287250258
              ]
            ]
          ]
        ]
      },
      "properties": {
        "gid": 7113052,
        "kad_nomer": "213200721583",
        "geometryHash": "sha256:202d7dfc0d961673572cfd21c11ee99a075f8686ef7d31d31c03be4c5ab9844e"
      }
    },
    {
      "type": "Feature",
      "geometry": {
        "type": "MultiPolygon",
        "coordinates": [
          [
            [
              [
                71.4276986003,
                51.1281366686
              ],
              [
                71.4276946226,
                51.1281230758
              ],
              [
                71.4276904758,
                51.1281235046
              ],
              [
                71.4276945926,
                51.1281371889
              ],
              [
                71.4276986003,
                51.1281366686
              ]
            ]
          ]
        ]
      },
      "properties": {
        "gid": 7653799,
        "kad_nomer": "213200721385",
        "geometryHash": "sha256:27cd579912eb5c4d8697a41bb25a233fe367a6d3c183b17d4f7e6c317cbadd6a"
      }
    },
    {
      "type": "Feature",
      "geometry": {
        "type": "MultiPolygon",
        "coordinates": [
          [
            [
              [
                71.4283268729,
                51.1292071009
              ],
              [
                71.4283218147,
                51.1291937869
              ],
              [
                71.4283178867,
                51.129194383
              ],
              [
                71.4283227239,
                51.1292077097
              ],
              [
                71.4283268729,
                51.1292071009
              ]
            ]
          ]
        ]
      },
      "properties": {
        "gid": 7656508,
        "kad_nomer": "213200721386",
        "geometryHash": "sha256:983376ed95bae34adaf95bd6a0a7759b89fed47e6db38ecaca45f37b14263367"
      }
    },
    {
      "type": "Feature",
      "geometry": {
        "type": "MultiPolygon",
        "coordinates": [
          [
            [
              [
                71.4274973768,
                51.129322132
              ],
              [
                71.4274925447,
                51.1293086271
              ],
              [
                71.4274885373,
                51.1293092373
              ],
              [
                71.4274933691,
                51.1293226532
              ],
              [
                71.4274973768,
                51.129322132
              ]
            ]
          ]
        ]
      },
      "properties": {
        "gid": 7656519,
        "kad_nomer": "213200721387",
        "geometryHash": "sha256:e06ff2c80c3fdd4b3128aaecaa911f6e7cb68812eca6e205a66dcef5388f6f00"
      }
    },
    {
      "type": "Feature",
      "geometry": {
        "type": "MultiPolygon",
        "coordinates": [
          [
            [
              [
                71.427005354,
                51.1283240013
              ],
              [
                71.4270008127,
                51.1283099579
              ],
              [
                71.4269965222,
                51.1283105651
              ],
              [
                71.4270010618,
                51.1283245195
              ],
              [
                71.427005354,
                51.1283240013
              ]
            ]
          ]
        ]
      },
      "properties": {
        "gid": 7656532,
        "kad_nomer": "213200721384",
        "geometryHash": "sha256:87133ffd1a313b700f207842898426b89f111bc878480331558dd7842551e804"
      }
    },
    {
      "type": "Feature",
      "geometry": {
        "type": "MultiPolygon",
        "coordinates": [
          [
            [
              [
                71.4279521826,
                51.1275214022
              ],
              [
                71.4276420271,
                51.1267362095
              ],
              [
                71.426380661,
                51.1269334197
              ],
              [
                71.426690717,
                51.1277183775
              ],
              [
                71.4266907466,
                51.1277184506
              ],
              [
                71.4279521826,
                51.1275214022
              ]
            ]
          ]
        ]
      },
      "properties": {
        "gid": 7707378,
        "kad_nomer": "21320072619",
        "geometryHash": "sha256:98183fd76dff524ba4494d85eb3f7025cb72017636d52af0e9685b8fc7611a02"
      }
    },
    {
      "type": "Feature",
      "geometry": {
        "type": "MultiPolygon",
        "coordinates": [
          [
            [
              [
                71.4279714564,
                51.1274538265
              ],
              [
                71.4279667215,
                51.1274344078
              ],
              [
                71.4279862205,
                51.1274328336
              ],
              [
                71.4279908126,
                51.1274522552
              ],
              [
                71.4279714564,
                51.1274538265
              ]
            ]
          ]
        ]
      },
      "properties": {
        "gid": 8156880,
        "kad_nomer": "213200721630",
        "geometryHash": "sha256:a55b99302d61d4e9705dfb2b884a86a0b3ff19c0c162943d1234bbde932bf57e"
      }
    },
    {
      "type": "Feature",
      "geometry": {
        "type": "MultiPolygon",
        "coordinates": [
          [
            [
              [
                71.4316105226,
                51.1265328774
              ],
              [
                71.4315984224,
                51.1265024371
              ],
              [
                71.4315848138,
                51.1265208737
              ],
              [
                71.4315431363,
                51.1265773301
              ],
              [
                71.4315846337,
                51.1266976783
              ],
              [
                71.4318087328,
                51.1272601365
              ],
              [
                71.431884586,
                51.1272744984
              ],
              [
                71.4319069673,
                51.1272787384
              ],
              [
                71.4316105226,
                51.1265328774
              ]
            ]
          ]
        ]
      },
      "properties": {
        "gid": 5208283,
        "kad_nomer": "213201141069",
        "geometryHash": "sha256:fb84dbc3b9b4f672311c8bc50675643806fb5c15bf064efe44044f946ceb01bc"
      }
    },
    {
      "type": "Feature",
      "geometry": {
        "type": "MultiPolygon",
        "coordinates": [
          [
            [
              [
                71.4306409696,
                51.1273427492
              ],
              [
                71.4306305821,
                51.1273428987
              ],
              [
                71.4307048843,
                51.1275199774
              ],
              [
                71.4308066184,
                51.127534265
              ],
              [
                71.4308931033,
                51.1275515453
              ],
              [
                71.4309559073,
                51.1275655874
              ],
              [
                71.4310584263,
                51.1275984329
              ],
              [
                71.431148704,
                51.1276333029
              ],
              [
                71.431242313,
                51.1276775482
              ],
              [
                71.4312570034,
                51.1276850287
              ],
              [
                71.4312751289,
                51.1276942582
              ],
              [
                71.4312940533,
                51.1277038947
              ],
              [
                71.431317413,
                51.1277157909
              ],
              [
                71.4313231066,
                51.1277184687
              ],
              [
                71.4313234552,
                51.1277184119
              ],
              [
                71.4316238021,
                51.1276697724
              ],
              [
                71.4315939445,
                51.1276475623
              ],
              [
                71.4315093114,
                51.1275938496
              ],
              [
                71.4314183385,
                51.1275444159
              ],
              [
                71.4313215643,
                51.1274995558
              ],
              [
                71.4312195645,
                51.127459536
              ],
              [
                71.431112958,
                51.1274245973
              ],
              [
                71.4310771919,
                51.1274137588
              ],
              [
                71.4309970762,
                51.1273820285
              ],
              [
                71.4309103228,
                51.1273581873
              ],
              [
                71.4308188836,
                51.127342771
              ],
              [
                71.4307766509,
                51.1273407928
              ],
              [
                71.4306409696,
                51.1273427492
              ]
            ]
          ]
        ]
      },
      "properties": {
        "gid": 5211769,
        "kad_nomer": "213200721202",
        "geometryHash": "sha256:0ef2e6d81d8ba575b37e93756df6b60bdbaf08a4dbd27021c16fcab685a8ea18"
      }
    },
    {
      "type": "Feature",
      "geometry": {
        "type": "MultiPolygon",
        "coordinates": [
          [
            [
              [
                71.4319362769,
                51.1285193579
              ],
              [
                71.4319366644,
                51.1284910195
              ],
              [
                71.4317090246,
                51.1285243153
              ],
              [
                71.4316334527,
                51.1285353672
              ],
              [
                71.4316248208,
                51.1285644455
              ],
              [
                71.4316058018,
                51.1285923268
              ],
              [
                71.4315807473,
                51.1286251438
              ],
              [
                71.4315533099,
                51.1286571963
              ],
              [
                71.4315235416,
                51.128688415
              ],
              [
                71.4314859595,
                51.1287236943
              ],
              [
                71.4314513747,
                51.1287528816
              ],
              [
                71.4313693152,
                51.1288124813
              ],
              [
                71.4312781891,
                51.1288666113
              ],
              [
                71.4312333216,
                51.1288895997
              ],
              [
                71.4313157998,
                51.1290703133
              ],
              [
                71.4313945556,
                51.1290390443
              ],
              [
                71.431418204,
                51.129027747
              ],
              [
                71.4314536835,
                51.1290107972
              ],
              [
                71.4315377598,
                51.1289642787
              ],
              [
                71.4316011373,
                51.1289213476
              ],
              [
                71.431658386,
                51.1288751317
              ],
              [
                71.4316842913,
                51.1288537455
              ],
              [
                71.4317498669,
                51.1287918273
              ],
              [
                71.4318081356,
                51.128727083
              ],
              [
                71.4318588008,
                51.1286598527
              ],
              [
                71.4319015883,
                51.1285904902
              ],
              [
                71.4319362769,
                51.1285193579
              ]
            ]
          ]
        ]
      },
      "properties": {
        "gid": 5212412,
        "kad_nomer": "213200721201",
        "geometryHash": "sha256:78201d99caf40d9bab13b64b76de9b650e75ca3d2c755b687434cd3cf3d27794"
      }
    },
    {
      "type": "Feature",
      "geometry": {
        "type": "MultiPolygon",
        "coordinates": [
          [
            [
              [
                71.4297708265,
                51.1284409116
              ],
              [
                71.4297662049,
                51.1284324058
              ],
              [
                71.4297526846,
                51.1284353167
              ],
              [
                71.4297573104,
                51.1284438197
              ],
              [
                71.4297708265,
                51.1284409116
              ]
            ]
          ]
        ]
      },
      "properties": {
        "gid": 5212468,
        "kad_nomer": "213200721139",
        "geometryHash": "sha256:682d72769ac8bd5c854d9ab6a73c41fd797ab4fb75bf78d34e19cbcbb30f9d07"
      }
    },
    {
      "type": "Feature",
      "geometry": {
        "type": "MultiPolygon",
        "coordinates": [
          [
            [
              [
                71.4303933896,
                51.1290217008
              ],
              [
                71.4303791313,
                51.1290211474
              ],
              [
                71.4303783163,
                51.1290300684
              ],
              [
                71.4303925687,
                51.1290306732
              ],
              [
                71.4303933896,
                51.1290217008
              ]
            ]
          ]
        ]
      },
      "properties": {
        "gid": 5213962,
        "kad_nomer": "213200721223",
        "geometryHash": "sha256:375966294a3c6eb3f95ba847c7a53abbc1f3e334316aefa4d5fc395cd0fa5377"
      }
    },
    {
      "type": "Feature",
      "geometry": {
        "type": "MultiPolygon",
        "coordinates": [
          [
            [
              [
                71.430594501,
                51.1275152611
              ],
              [
                71.4305802176,
                51.1275151193
              ],
              [
                71.4305799949,
                51.1275241062
              ],
              [
                71.4305942739,
                51.1275242464
              ],
              [
                71.430594501,
                51.1275152611
              ]
            ]
          ]
        ]
      },
      "properties": {
        "gid": 5215614,
        "kad_nomer": "213200721222",
        "geometryHash": "sha256:eaa7b25cb11c4cdf3c1480c82449bea914068354018a5f764e96a92eb4da55c8"
      }
    },
    {
      "type": "Feature",
      "geometry": {
        "type": "MultiPolygon",
        "coordinates": [
          [
            [
              [
                71.4296822683,
                51.1288699178
              ],
              [
                71.4296437462,
                51.1288487435
              ],
              [
                71.4293328725,
                51.1288984735
              ],
              [
                71.4294203608,
                51.1289579466
              ],
              [
                71.4295156245,
                51.1290124831
              ],
              [
                71.4296179762,
                51.1290616746
              ],
              [
                71.4297266495,
                51.1291051645
              ],
              [
                71.4298408544,
                51.1291426312
              ],
              [
                71.4298858193,
                51.1291544194
              ],
              [
                71.4299597415,
                51.1291737991
              ],
              [
                71.4300824394,
                51.1291984353
              ],
              [
                71.4301810917,
                51.1292125159
              ],
              [
                71.430221862,
                51.1292175629
              ],
              [
                71.4303297279,
                51.1292269332
              ],
              [
                71.4303356238,
                51.1292274456
              ],
              [
                71.4302625954,
                51.1290400565
              ],
              [
                71.4300805012,
                51.1290106932
              ],
              [
                71.4299895384,
                51.1289887538
              ],
              [
                71.4299015823,
                51.1289623897
              ],
              [
                71.4298290042,
                51.1289363966
              ],
              [
                71.4297368703,
                51.1288970743
              ],
              [
                71.4296822683,
                51.1288699178
              ]
            ]
          ]
        ]
      },
      "properties": {
        "gid": 5216446,
        "kad_nomer": "213200721200",
        "geometryHash": "sha256:4b7e738c5b4c021e83ec3b65f32201bd5b722062b85ebadc80f19c8c6e6feafe"
      }
    },
    {
      "type": "Feature",
      "geometry": {
        "type": "MultiPolygon",
        "coordinates": [
          [
            [
              [
                71.4312091722,
                51.1282846141
              ],
              [
                71.4311948921,
                51.1282844857
              ],
              [
                71.4311946853,
                51.1282934733
              ],
              [
                71.4312089683,
                51.1282936016
              ],
              [
                71.4312091722,
                51.1282846141
              ]
            ]
          ]
        ]
      },
      "properties": {
        "gid": 5216742,
        "kad_nomer": "213200721166",
        "geometryHash": "sha256:b2fa39988d0f6a908ecccf27823d6425da23ab6c418885c1fb8ed8dead98a92a"
      }
    },
    {
      "type": "Feature",
      "geometry": {
        "type": "MultiPolygon",
        "coordinates": [
          [
            [
              [
                71.4305226882,
                51.1280580665
              ],
              [
                71.430455195,
                51.1280523449
              ],
              [
                71.4303893709,
                51.1280619117
              ],
              [
                71.4303291714,
                51.1280786961
              ],
              [
                71.4302617307,
                51.1281035358
              ],
              [
                71.4302084842,
                51.1281356327
              ],
              [
                71.4301651456,
                51.1281749688
              ],
              [
                71.4301374752,
                51.1282179788
              ],
              [
                71.4301226392,
                51.1282628472
              ],
              [
                71.4301276194,
                51.128322195
              ],
              [
                71.4301526781,
                51.1283753484
              ],
              [
                71.4301864476,
                51.1284168579
              ],
              [
                71.4302317133,
                51.1284530315
              ],
              [
                71.43028568,
                51.1284784633
              ],
              [
                71.4303497214,
                51.128497648
              ],
              [
                71.4304167337,
                51.1285078641
              ],
              [
                71.4304874019,
                51.1285109951
              ],
              [
                71.4305593343,
                51.1285044239
              ],
              [
                71.430624546,
                51.1284865854
              ],
              [
                71.4306862882,
                51.1284605499
              ],
              [
                71.430734756,
                51.1284339127
              ],
              [
                71.4307766289,
                51.1283972637
              ],
              [
                71.4308070771,
                51.1283605609
              ],
              [
                71.4308276739,
                51.1283121242
              ],
              [
                71.4308339054,
                51.1282699098
              ],
              [
                71.4308237611,
                51.1282237504
              ],
              [
                71.4307935439,
                51.1281834272
              ],
              [
                71.4307582887,
                51.1281464027
              ],
              [
                71.4307115534,
                51.1281138188
              ],
              [
                71.4306518753,
                51.1280883593
              ],
              [
                71.4305935444,
                51.1280691991
              ],
              [
                71.4305226882,
                51.1280580665
              ]
            ]
          ]
        ]
      },
      "properties": {
        "gid": 5884914,
        "kad_nomer": "21320072529",
        "geometryHash": "sha256:16dc5f1d351a453f13da42e68fc1dcbfe0910104b25dbd340428faca80b72a49"
      }
    },
    {
      "type": "Feature",
      "geometry": {
        "type": "MultiPolygon",
        "coordinates": [
          [
            [
              [
                71.4297280402,
                51.1282719176
              ],
              [
                71.4297137576,
                51.1282717954
              ],
              [
                71.4297135605,
                51.1282807827
              ],
              [
                71.4297278432,
                51.1282809049
              ],
              [
                71.4297280402,
                51.1282719176
              ]
            ]
          ]
        ]
      },
      "properties": {
        "gid": 6266571,
        "kad_nomer": "213200721168",
        "geometryHash": "sha256:67dfcbe287f0a1ba874f719e20f23da862e07dfaf854b44919923148f89a8320"
      }
    },
    {
      "type": "Feature",
      "geometry": {
        "type": "MultiPolygon",
        "coordinates": [
          [
            [
              [
                71.4311232057,
                51.1280671992
              ],
              [
                71.431116344,
                51.1280593183
              ],
              [
                71.4311038155,
                51.128063637
              ],
              [
                71.4311106816,
                51.1280715196
              ],
              [
                71.4311232057,
                51.1280671992
              ]
            ]
          ]
        ]
      },
      "properties": {
        "gid": 6448429,
        "kad_nomer": "213200721167",
        "geometryHash": "sha256:ff1f0a277661739bef70fd0fefdd5b7f2dbc5d6bcd608b0bdde9d0fc58c7ea87"
      }
    },
    {
      "type": "Feature",
      "geometry": {
        "type": "MultiPolygon",
        "coordinates": [
          [
            [
              [
                71.4298241771,
                51.1285151049
              ],
              [
                71.4298173142,
                51.1285072259
              ],
              [
                71.4298047855,
                51.1285115444
              ],
              [
                71.4298116527,
                51.1285194252
              ],
              [
                71.4298241771,
                51.1285151049
              ]
            ]
          ]
        ]
      },
      "properties": {
        "gid": 6565852,
        "kad_nomer": "213200721176",
        "geometryHash": "sha256:b1ed577a7329ad2dfc1d4d9114f490a9734f67b525ad01355151ec8be6cf27b7"
      }
    },
    {
      "type": "Feature",
      "geometry": {
        "type": "MultiPolygon",
        "coordinates": [
          [
            [
              [
                71.4293388216,
                51.1285583006
              ],
              [
                71.4293307489,
                51.1285406603
              ],
              [
                71.4293583974,
                51.1285363981
              ],
              [
                71.4293652181,
                51.128554694
              ],
              [
                71.4293388216,
                51.1285583006
              ]
            ]
          ]
        ]
      },
      "properties": {
        "gid": 6605428,
        "kad_nomer": "213200721514",
        "geometryHash": "sha256:ae2d093a6104d26461bb5ff4eb30c960cd536fe893f7200f6f3e199a89eca31d"
      }
    },
    {
      "type": "Feature",
      "geometry": {
        "type": "MultiPolygon",
        "coordinates": [
          [
            [
              [
                71.4310338902,
                51.1286298634
              ],
              [
                71.4310273077,
                51.1286173403
              ],
              [
                71.431023824,
                51.1286180685
              ],
              [
                71.4310304063,
                51.1286305879
              ],
              [
                71.4310338902,
                51.1286298634
              ]
            ]
          ]
        ]
      },
      "properties": {
        "gid": 6843442,
        "kad_nomer": "213200721361",
        "geometryHash": "sha256:4e5f7bec2f97f2d46900d988463628068b43b951003147f428838c626c516602"
      }
    },
    {
      "type": "Feature",
      "geometry": {
        "type": "MultiPolygon",
        "coordinates": [
          [
            [
              [
                71.4299426797,
                51.1279448475
              ],
              [
                71.4299375385,
                51.1279309651
              ],
              [
                71.4299329373,
                51.1279316408
              ],
              [
                71.4299380771,
                51.1279455233
              ],
              [
                71.4299426797,
                51.1279448475
              ]
            ]
          ]
        ]
      },
      "properties": {
        "gid": 6844901,
        "kad_nomer": "213200721362",
        "geometryHash": "sha256:442e2cff8f08b1add233ccc7e665f83f75287b56b4ddb9cbb5c8d95282ae5583"
      }
    },
    {
      "type": "Feature",
      "geometry": {
        "type": "MultiPolygon",
        "coordinates": [
          [
            [
              [
                71.4307152308,
                51.1278236835
              ],
              [
                71.4307084946,
                51.1278101347
              ],
              [
                71.4307041134,
                51.1278109984
              ],
              [
                71.4307108495,
                51.1278245463
              ],
              [
                71.4307152308,
                51.1278236835
              ]
            ]
          ]
        ]
      },
      "properties": {
        "gid": 6844973,
        "kad_nomer": "213200721360",
        "geometryHash": "sha256:dc160ab3bfbb294b027edb6f0bbcca71308327e5be891cd5674e9342907d94cc"
      }
    },
    {
      "type": "Feature",
      "geometry": {
        "type": "MultiPolygon",
        "coordinates": [
          [
            [
              [
                71.430260974,
                51.128751037
              ],
              [
                71.4302555585,
                51.1287371621
              ],
              [
                71.4302512909,
                51.1287378228
              ],
              [
                71.4302567049,
                51.1287516978
              ],
              [
                71.430260974,
                51.128751037
              ]
            ]
          ]
        ]
      },
      "properties": {
        "gid": 6845851,
        "kad_nomer": "213200721366",
        "geometryHash": "sha256:f3baef0791a8c27e68c03e29b950d37efe80fe152c114ba780d03ada77796578"
      }
    },
    {
      "type": "Feature",
      "geometry": {
        "type": "MultiPolygon",
        "coordinates": [
          [
            [
              [
                71.4323297599,
                51.1273797749
              ],
              [
                71.4324455593,
                51.1273600255
              ],
              [
                71.4324592148,
                51.1273646745
              ],
              [
                71.4324809704,
                51.1273610055
              ],
              [
                71.4324873547,
                51.127352948
              ],
              [
                71.4325939918,
                51.1273347706
              ],
              [
                71.4326077889,
                51.1273394203
              ],
              [
                71.4326294029,
                51.1273357506
              ],
              [
                71.4326357896,
                51.1273276022
              ],
              [
                71.4329555595,
                51.1272732485
              ],
              [
                71.4329715009,
                51.1272775504
              ],
              [
                71.4330536649,
                51.1272634751
              ],
              [
                71.4330636274,
                51.127254807
              ],
              [
                71.4332998045,
                51.127214606
              ],
              [
                71.4333157477,
                51.1272189978
              ],
              [
                71.4333979117,
                51.1272049249
              ],
              [
                71.4334078739,
                51.1271962541
              ],
              [
                71.4335485775,
                51.1271723102
              ],
              [
                71.4335646646,
                51.1271766099
              ],
              [
                71.4336466846,
                51.1271626298
              ],
              [
                71.433656645,
                51.1271538691
              ],
              [
                71.4337564134,
                51.1271369156
              ],
              [
                71.4338229691,
                51.1271256417
              ],
              [
                71.4338913912,
                51.1271139305
              ],
              [
                71.4339073344,
                51.1271183213
              ],
              [
                71.4339893522,
                51.1271042483
              ],
              [
                71.4339993143,
                51.1270955757
              ],
              [
                71.434234344,
                51.1270555478
              ],
              [
                71.4342504238,
                51.1270606606
              ],
              [
                71.434333872,
                51.1270465028
              ],
              [
                71.4343454197,
                51.1270366728
              ],
              [
                71.4344262894,
                51.1270229527
              ],
              [
                71.4344902688,
                51.127012296
              ],
              [
                71.4346673291,
                51.1269818732
              ],
              [
                71.4352948172,
                51.1268765087
              ],
              [
                71.4354577076,
                51.1268487139
              ],
              [
                71.4355254092,
                51.1268371769
              ],
              [
                71.4356112904,
                51.1268225807
              ],
              [
                71.4356309313,
                51.1268285194
              ],
              [
                71.435716386,
                51.1268138322
              ],
              [
                71.4357268009,
                51.126802825
              ],
              [
                71.4359601119,
                51.126763057
              ],
              [
                71.4359765955,
                51.1267700561
              ],
              [
                71.436060191,
                51.1267555397
              ],
              [
                71.4360717555,
                51.1267440003
              ],
              [
                71.4361387443,
                51.1267326396
              ],
              [
                71.436206161,
                51.1267211
              ],
              [
                71.4363000564,
                51.1267051041
              ],
              [
                71.436320025,
                51.1267111852
              ],
              [
                71.4364048598,
                51.126696621
              ],
              [
                71.436415712,
                51.1266853474
              ],
              [
                71.4365481103,
                51.126662797
              ],
              [
                71.4365687254,
                51.1266689698
              ],
              [
                71.4366532556,
                51.1266546214
              ],
              [
                71.4366646217,
                51.1266429557
              ],
              [
                71.4368932058,
                51.1266039715
              ],
              [
                71.4369134136,
                51.1266100897
              ],
              [
                71.4369977179,
                51.1265959355
              ],
              [
                71.437011148,
                51.126583867
              ],
              [
                71.4372590546,
                51.1265415552
              ],
              [
                71.4372771165,
                51.1265482056
              ],
              [
                71.437316761,
                51.1265415652
              ],
              [
                71.4373284738,
                51.1265297573
              ],
              [
                71.4374478482,
                51.1265093887
              ],
              [
                71.4374652929,
                51.1265167769
              ],
              [
                71.4375054109,
                51.1265095752
              ],
              [
                71.4375152619,
                51.1264979392
              ],
              [
                71.4376307734,
                51.1264781807
              ],
              [
                71.4376286858,
                51.126473497
              ],
              [
                71.4376452356,
                51.1264635121
              ],
              [
                71.4376342612,
                51.1264380225
              ],
              [
                71.4376120223,
                51.1264345892
              ],
              [
                71.437583409,
                51.1263678468
              ],
              [
                71.4375974015,
                51.1263565004
              ],
              [
                71.4375836462,
                51.1263246147
              ],
              [
                71.4375624298,
                51.1263192111
              ],
              [
                71.4375263157,
                51.1262349059
              ],
              [
                71.437405276,
                51.1259304172
              ],
              [
                71.4372772402,
                51.1259507568
              ],
              [
                71.437042971,
                51.1259876478
              ],
              [
                71.437143588,
                51.1262408831
              ],
              [
                71.4353248642,
                51.1265449899
              ],
              [
                71.4349785433,
                51.1265167094
              ],
              [
                71.4346708466,
                51.1265657329
              ],
              [
                71.4343331366,
                51.1267209444
              ],
              [
                71.4326608819,
                51.1270054952
              ],
              [
                71.4325890108,
                51.1270771434
              ],
              [
                71.4322582124,
                51.1271330289
              ],
              [
                71.4322263149,
                51.1271378479
              ],
              [
                71.4323297599,
                51.1273797749
              ]
            ]
          ]
        ]
      },
      "properties": {
        "gid": 5213826,
        "kad_nomer": "213201141022",
        "geometryHash": "sha256:97c148f1dca3eac246203435e5119aa41ea953ed1b91f7959afaa7c6a2a37a50"
      }
    },
    {
      "type": "Feature",
      "geometry": {
        "type": "MultiPolygon",
        "coordinates": [
          [
            [
              [
                71.4327732429,
                51.1285670779
              ],
              [
                71.432769797,
                51.1285583544
              ],
              [
                71.4327559378,
                51.1285605235
              ],
              [
                71.4327593174,
                51.1285690739
              ],
              [
                71.4327732429,
                51.1285670779
              ]
            ]
          ]
        ]
      },
      "properties": {
        "gid": 5214285,
        "kad_nomer": "213200721221",
        "geometryHash": "sha256:11b62c869da582733eac714c6b9d0fc42e9750c3b330213d0dc5ab0e558e1ac6"
      }
    },
    {
      "type": "Feature",
      "geometry": {
        "type": "MultiPolygon",
        "coordinates": [
          [
            [
              [
                71.4324281247,
                51.1286002794
              ],
              [
                71.4323697936,
                51.1284504424
              ],
              [
                71.4323690266,
                51.1284505617
              ],
              [
                71.4322864889,
                51.1284635542
              ],
              [
                71.4323428715,
                51.1286124938
              ],
              [
                71.432343672,
                51.128614615
              ],
              [
                71.4325743254,
                51.1292238985
              ],
              [
                71.4326814933,
                51.1292510596
              ],
              [
                71.4326735612,
                51.1292306833
              ],
              [
                71.4324289504,
                51.1286023929
              ],
              [
                71.4324281247,
                51.1286002794
              ]
            ]
          ]
        ]
      },
      "properties": {
        "gid": 5215313,
        "kad_nomer": "213200721215",
        "geometryHash": "sha256:d8af754d904fa30d6f7b766fc0ede228981a0a4f775d77be1fd2608c22e3c9b1"
      }
    },
    {
      "type": "Feature",
      "geometry": {
        "type": "MultiPolygon",
        "coordinates": [
          [
            [
              [
                71.432208961,
                51.1272916892
              ],
              [
                71.4322054275,
                51.127282981
              ],
              [
                71.4321915857,
                51.1272852045
              ],
              [
                71.4321951192,
                51.1272939128
              ],
              [
                71.432208961,
                51.1272916892
              ]
            ]
          ]
        ]
      },
      "properties": {
        "gid": 5215700,
        "kad_nomer": "213201141072",
        "geometryHash": "sha256:18b3ca3a8a2f9aec2fcc2d6da28f3cc30ed3f8432a92a3700decae1d058eb6df"
      }
    },
    {
      "type": "Feature",
      "geometry": {
        "type": "MultiPolygon",
        "coordinates": [
          [
            [
              [
                71.4326077191,
                51.1282816909
              ],
              [
                71.432602549,
                51.1282686061
              ],
              [
                71.4325651194,
                51.1282744613
              ],
              [
                71.4325702924,
                51.1282875451
              ],
              [
                71.4326077191,
                51.1282816909
              ]
            ]
          ]
        ]
      },
      "properties": {
        "gid": 5893463,
        "kad_nomer": "21320072879",
        "geometryHash": "sha256:47bdb26fa76814a064a99549afc4835ed4650a16c5c91c3dcdf90c5b5cb749cf"
      }
    },
    {
      "type": "Feature",
      "geometry": {
        "type": "MultiPolygon",
        "coordinates": [
          [
            [
              [
                71.4349521883,
                51.128150984
              ],
              [
                71.4349471019,
                51.1281368695
              ],
              [
                71.4332683732,
                51.1283756319
              ],
              [
                71.4332727252,
                51.1283877228
              ],
              [
                71.4332785841,
                51.1284039798
              ],
              [
                71.4349570673,
                51.1281645254
              ],
              [
                71.4349521883,
                51.128150984
              ]
            ]
          ]
        ]
      },
      "properties": {
        "gid": 6049413,
        "kad_nomer": "213201141084",
        "geometryHash": "sha256:0c4d8c8bc701755822eefc0439b49e0eb3248243b05aa9ac0b6da38d9b731183"
      }
    },
    {
      "type": "Feature",
      "geometry": {
        "type": "MultiPolygon",
        "coordinates": [
          [
            [
              [
                71.4344902226,
                51.1271048086
              ],
              [
                71.4344811686,
                51.1270808815
              ],
              [
                71.4343514189,
                51.1271003236
              ],
              [
                71.4339293323,
                51.1271635645
              ],
              [
                71.4338263949,
                51.1271855146
              ],
              [
                71.4328223717,
                51.1273573861
              ],
              [
                71.4328223249,
                51.1273573933
              ],
              [
                71.4328335479,
                51.1273834151
              ],
              [
                71.433838906,
                51.1272113161
              ],
              [
                71.4339411962,
                51.1271895062
              ],
              [
                71.4343613458,
                51.1271265539
              ],
              [
                71.4343729234,
                51.1271248188
              ],
              [
                71.4344910955,
                51.1271071118
              ],
              [
                71.4344902226,
                51.1271048086
              ]
            ]
          ]
        ]
      },
      "properties": {
        "gid": 6049974,
        "kad_nomer": "213201141082",
        "geometryHash": "sha256:8edac1f4f5c9dae1b03319592553064a381db727f130eb0c218d3aea62ff6eb1"
      }
    },
    {
      "type": "Feature",
      "geometry": {
        "type": "MultiPolygon",
        "coordinates": [
          [
            [
              [
                71.4338349174,
                51.1276455459
              ],
              [
                71.4338319651,
                51.1276367528
              ],
              [
                71.4338179885,
                51.1276386133
              ],
              [
                71.4338209479,
                51.1276474063
              ],
              [
                71.4338349174,
                51.1276455459
              ]
            ]
          ]
        ]
      },
      "properties": {
        "gid": 6447470,
        "kad_nomer": "213201141058",
        "geometryHash": "sha256:35f6f3d3c908cdbbf1dc668a73071ddfaab33c2fc43af5c5a1df37d718015a44"
      }
    },
    {
      "type": "Feature",
      "geometry": {
        "type": "MultiPolygon",
        "coordinates": [
          [
            [
              [
                71.4321732584,
                51.1284529555
              ],
              [
                71.4321722844,
                51.1284501426
              ],
              [
                71.4321533793,
                51.1284527692
              ],
              [
                71.4321543436,
                51.1284555616
              ],
              [
                71.4321732584,
                51.1284529555
              ]
            ]
          ]
        ]
      },
      "properties": {
        "gid": 6843554,
        "kad_nomer": "213200721373",
        "geometryHash": "sha256:2f2a16cb8a01517b6737f7f480430dbc79f0ebcfd427479ce9cbeec32b122712"
      }
    },
    {
      "type": "Feature",
      "geometry": {
        "type": "MultiPolygon",
        "coordinates": [
          [
            [
              [
                71.4339885529,
                51.1276344239
              ],
              [
                71.4339827447,
                51.1276205204
              ],
              [
                71.4339783053,
                51.1276212542
              ],
              [
                71.4339841152,
                51.1276351638
              ],
              [
                71.4339885529,
                51.1276344239
              ]
            ]
          ]
        ]
      },
      "properties": {
        "gid": 6844129,
        "kad_nomer": "213201141095",
        "geometryHash": "sha256:aefbcc0a878f07966b4b3ba2a71d449d3cde46c0a2498bbb4b037f62a5715f29"
      }
    },
    {
      "type": "Feature",
      "geometry": {
        "type": "MultiPolygon",
        "coordinates": [
          [
            [
              [
                71.4324728472,
                51.1275921248
              ],
              [
                71.4324717246,
                51.12758953
              ],
              [
                71.4324507824,
                51.127593066
              ],
              [
                71.4324519158,
                51.1275956489
              ],
              [
                71.4324728472,
                51.1275921248
              ]
            ]
          ]
        ]
      },
      "properties": {
        "gid": 6844892,
        "kad_nomer": "213201141103",
        "geometryHash": "sha256:6d699e55885c7028e7a5c3f747e617d58627ec0981c60f62b62700fc6de6e063"
      }
    },
    {
      "type": "Feature",
      "geometry": {
        "type": "MultiPolygon",
        "coordinates": [
          [
            [
              [
                71.4330203115,
                51.127786489
              ],
              [
                71.4330146085,
                51.1277728127
              ],
              [
                71.4330102288,
                51.1277735154
              ],
              [
                71.4330157789,
                51.1277872183
              ],
              [
                71.4330203115,
                51.127786489
              ]
            ]
          ]
        ]
      },
      "properties": {
        "gid": 6844893,
        "kad_nomer": "213201141101",
        "geometryHash": "sha256:f7d7546fae25d25934617a12a2727f2ed177f68d7f99f2d6ca4e939c49cab3b0"
      }
    },
    {
      "type": "Feature",
      "geometry": {
        "type": "MultiPolygon",
        "coordinates": [
          [
            [
              [
                71.4318480497,
                51.127656184
              ],
              [
                71.4318469436,
                51.1276530321
              ],
              [
                71.4318430817,
                51.1276535523
              ],
              [
                71.4318254821,
                51.1276560734
              ],
              [
                71.4318265854,
                51.1276592263
              ],
              [
                71.4318443295,
                51.1276567066
              ],
              [
                71.4318480497,
                51.127656184
              ]
            ]
          ]
        ]
      },
      "properties": {
        "gid": 6844980,
        "kad_nomer": "213200721374",
        "geometryHash": "sha256:37857f84a52b06585bd91f55dc364145c65b68db7c5dd29c8e5808e0005a3733"
      }
    },
    {
      "type": "Feature",
      "geometry": {
        "type": "MultiPolygon",
        "coordinates": [
          [
            [
              [
                71.4318852084,
                51.1277009458
              ],
              [
                71.4318840838,
                51.1276982027
              ],
              [
                71.431862199,
                51.127702002
              ],
              [
                71.4318634516,
                51.1277047047
              ],
              [
                71.4318852084,
                51.1277009458
              ]
            ]
          ]
        ]
      },
      "properties": {
        "gid": 6848337,
        "kad_nomer": "213200721372",
        "geometryHash": "sha256:b1f6f83fae1fce7f2973f62b18d59abee0a67d75fa741a071a35764c349f2f2a"
      }
    },
    {
      "type": "Feature",
      "geometry": {
        "type": "MultiPolygon",
        "coordinates": [
          [
            [
              [
                71.4335039388,
                51.1277104776
              ],
              [
                71.4334986056,
                51.127696906
              ],
              [
                71.4334941979,
                51.1276975914
              ],
              [
                71.4334995282,
                51.127711163
              ],
              [
                71.4335039388,
                51.1277104776
              ]
            ]
          ]
        ]
      },
      "properties": {
        "gid": 6848338,
        "kad_nomer": "213201141093",
        "geometryHash": "sha256:c7966e5b0722a8d56b8d44ff1f5969dee2fdde4d2108ba9ad0a35e31e4df3cd9"
      }
    },
    {
      "type": "Feature",
      "geometry": {
        "type": "MultiPolygon",
        "coordinates": [
          [
            [
              [
                71.4340687765,
                51.1278360838
              ],
              [
                71.4340630061,
                51.1278230619
              ],
              [
                71.4340584967,
                51.1278238519
              ],
              [
                71.4340642672,
                51.1278368747
              ],
              [
                71.4340687765,
                51.1278360838
              ]
            ]
          ]
        ]
      },
      "properties": {
        "gid": 6848584,
        "kad_nomer": "213201141098",
        "geometryHash": "sha256:593f24271538a30281b1dcfbd8e264ae7ce343f6e2a52eda4be0fa675b48fe98"
      }
    },
    {
      "type": "Feature",
      "geometry": {
        "type": "MultiPolygon",
        "coordinates": [
          [
            [
              [
                71.4331000758,
                51.1279883488
              ],
              [
                71.4330947879,
                51.1279744957
              ],
              [
                71.4330909435,
                51.1279750758
              ],
              [
                71.4330962328,
                51.1279889298
              ],
              [
                71.4331000758,
                51.1279883488
              ]
            ]
          ]
        ]
      },
      "properties": {
        "gid": 6848715,
        "kad_nomer": "213201141100",
        "geometryHash": "sha256:91ac6d2a416201795cdaddb7861d697d559114b8aa1349b881b24d5cbc40b721"
      }
    },
    {
      "type": "Feature",
      "geometry": {
        "type": "MultiPolygon",
        "coordinates": [
          [
            [
              [
                71.4335847848,
                51.1279120493
              ],
              [
                71.4335786352,
                51.1278987996
              ],
              [
                71.4335751626,
                51.1278994377
              ],
              [
                71.4335813122,
                51.1279126882
              ],
              [
                71.4335847848,
                51.1279120493
              ]
            ]
          ]
        ]
      },
      "properties": {
        "gid": 7473246,
        "kad_nomer": "213201141097",
        "geometryHash": "sha256:f373a989fc789b4c903123f2e52e164e3f2e2cf54c00821023bd5a546c93490e"
      }
    },
    {
      "type": "Feature",
      "geometry": {
        "type": "MultiPolygon",
        "coordinates": [
          [
            [
              [
                71.4266326314,
                51.1254820442
              ],
              [
                71.4265617017,
                51.1253055711
              ],
              [
                71.4259406616,
                51.1254062183
              ],
              [
                71.4260102305,
                51.125579296
              ],
              [
                71.4266326314,
                51.1254820442
              ]
            ]
          ]
        ]
      },
      "properties": {
        "gid": 5209844,
        "kad_nomer": "213200721419",
        "geometryHash": "sha256:1391973577b37bb107f7a604866ef64cbfd866980b362bcb4f2466e8c556ba94"
      }
    },
    {
      "type": "Feature",
      "geometry": {
        "type": "MultiPolygon",
        "coordinates": [
          [
            [
              [
                71.4280664393,
                51.1261287378
              ],
              [
                71.4280597672,
                51.126109416
              ],
              [
                71.4280346422,
                51.1261128502
              ],
              [
                71.4280413157,
                51.126132172
              ],
              [
                71.4280664393,
                51.1261287378
              ]
            ]
          ]
        ]
      },
      "properties": {
        "gid": 5212460,
        "kad_nomer": "21320072806",
        "geometryHash": "sha256:fc41224b7f6996e3d9291c234935f15291ee26904b9216351fc0dd71836418b0"
      }
    },
    {
      "type": "Feature",
      "geometry": {
        "type": "MultiPolygon",
        "coordinates": [
          [
            [
              [
                71.4267493068,
                51.1252751734
              ],
              [
                71.4267036402,
                51.1252825721
              ],
              [
                71.4267088226,
                51.125294592
              ],
              [
                71.4267542582,
                51.125286905
              ],
              [
                71.4267493068,
                51.1252751734
              ]
            ]
          ]
        ]
      },
      "properties": {
        "gid": 5213542,
        "kad_nomer": "21320072869",
        "geometryHash": "sha256:91c2ea2404cbdae8311c27af48fe5c245324b7ef996c33232b0b04b08d4af47b"
      }
    },
    {
      "type": "Feature",
      "geometry": {
        "type": "MultiPolygon",
        "coordinates": [
          [
            [
              [
                71.4310113904,
                51.1254682435
              ],
              [
                71.4301427908,
                51.1232893246
              ],
              [
                71.427059571,
                51.1237717367
              ],
              [
                71.4279184918,
                51.1259520244
              ],
              [
                71.4310113904,
                51.1254682435
              ]
            ]
          ]
        ]
      },
      "properties": {
        "gid": 5215373,
        "kad_nomer": "213201281263",
        "geometryHash": "sha256:46c6701b6cb403037d344507362dd2d55599fba2a48448b23fc38317f7372f0a"
      }
    },
    {
      "type": "Feature",
      "geometry": {
        "type": "MultiPolygon",
        "coordinates": [
          [
            [
              [
                71.4259406616,
                51.1254062183
              ],
              [
                71.4265617017,
                51.1253055711
              ],
              [
                71.4267036402,
                51.1252825721
              ],
              [
                71.4267493068,
                51.1252751734
              ],
              [
                71.4270097818,
                51.1252329552
              ],
              [
                71.4267348596,
                51.1245620718
              ],
              [
                71.426698673,
                51.1245677932
              ],
              [
                71.4265785356,
                51.1245867924
              ],
              [
                71.426466296,
                51.1246045401
              ],
              [
                71.4263655139,
                51.1246204768
              ],
              [
                71.4255368705,
                51.1247515069
              ],
              [
                71.4258254567,
                51.1254248877
              ],
              [
                71.4259406616,
                51.1254062183
              ]
            ]
          ]
        ]
      },
      "properties": {
        "gid": 5215382,
        "kad_nomer": "21320072540",
        "geometryHash": "sha256:c6ba6d5de7d3f8b607f3feb1a05d8ee662d488826dae9eef4f4496b9162c39f8"
      }
    },
    {
      "type": "Feature",
      "geometry": {
        "type": "MultiPolygon",
        "coordinates": [
          [
            [
              [
                71.4267739504,
                51.124538088
              ],
              [
                71.4265052638,
                51.1238577046
              ],
              [
                71.4261726126,
                51.1239097323
              ],
              [
                71.4260753431,
                51.1239249833
              ],
              [
                71.4261666518,
                51.1241536684
              ],
              [
                71.4261083779,
                51.1241627055
              ],
              [
                71.4262163657,
                51.124442232
              ],
              [
                71.4261677916,
                51.1244496333
              ],
              [
                71.4262065932,
                51.1245501337
              ],
              [
                71.426329823,
                51.1245312335
              ],
              [
                71.426413016,
                51.1245185203
              ],
              [
                71.4264412946,
                51.1245901165
              ],
              [
                71.4267739504,
                51.124538088
              ]
            ]
          ]
        ]
      },
      "properties": {
        "gid": 5216023,
        "kad_nomer": "21320072903",
        "geometryHash": "sha256:11d3cc66447b8cb091d791f801be2b594d2b08d63ecc4bb95cdf168ff4ccef29"
      }
    },
    {
      "type": "Feature",
      "geometry": {
        "type": "MultiPolygon",
        "coordinates": [
          [
            [
              [
                71.426698673,
                51.1245677932
              ],
              [
                71.4266982352,
                51.1245667482
              ],
              [
                71.4265784422,
                51.124586565
              ],
              [
                71.4265785356,
                51.1245867924
              ],
              [
                71.426698673,
                51.1245677932
              ]
            ]
          ]
        ]
      },
      "properties": {
        "gid": 5216137,
        "kad_nomer": "213200721432",
        "geometryHash": "sha256:4dd5b8496d8ea16c6387e77410eec1fad1e1bad256189615ed404dd0d6055f99"
      }
    },
    {
      "type": "Feature",
      "geometry": {
        "type": "MultiPolygon",
        "coordinates": [
          [
            [
              [
                71.4274414926,
                51.1264153821
              ],
              [
                71.4274347939,
                51.1263960663
              ],
              [
                71.4274096751,
                51.1263995146
              ],
              [
                71.4274163739,
                51.1264188322
              ],
              [
                71.4274414926,
                51.1264153821
              ]
            ]
          ]
        ]
      },
      "properties": {
        "gid": 5216471,
        "kad_nomer": "21320072801",
        "geometryHash": "sha256:ec0f02595385c4972338cba9cdc7d9d54e5f067fe0bfd4c3420bf0c284382346"
      }
    },
    {
      "type": "Feature",
      "geometry": {
        "type": "MultiPolygon",
        "coordinates": [
          [
            [
              [
                71.4276040659,
                51.1264649255
              ],
              [
                71.4275971667,
                51.1264474846
              ],
              [
                71.4275694471,
                51.1264518135
              ],
              [
                71.4275763465,
                51.1264692589
              ],
              [
                71.4276040659,
                51.1264649255
              ]
            ]
          ]
        ]
      },
      "properties": {
        "gid": 5891589,
        "kad_nomer": "21320072998",
        "geometryHash": "sha256:b1eb5c72d6f2ad9d4b7648098a920250fa2f3d95dd58115cd9e351ba29c06858"
      }
    },
    {
      "type": "Feature",
      "geometry": {
        "type": "MultiPolygon",
        "coordinates": [
          [
            [
              [
                71.4272035012,
                51.126064927
              ],
              [
                71.427200506,
                51.1260654011
              ],
              [
                71.4243685936,
                51.1265124851
              ],
              [
                71.4243665938,
                51.1265074873
              ],
              [
                71.4243169911,
                51.1265152436
              ],
              [
                71.4243522683,
                51.1266045734
              ],
              [
                71.4245897043,
                51.1265666934
              ],
              [
                71.4249465118,
                51.1265097694
              ],
              [
                71.4249593552,
                51.1265077203
              ],
              [
                71.4249900554,
                51.1264936319
              ],
              [
                71.4249905035,
                51.1264934265
              ],
              [
                71.4252946896,
                51.12644531
              ],
              [
                71.4253639159,
                51.1264343597
              ],
              [
                71.4253670403,
                51.1264426782
              ],
              [
                71.4254171704,
                51.1264346793
              ],
              [
                71.4255158417,
                51.1264189375
              ],
              [
                71.4272319943,
                51.1261451213
              ],
              [
                71.4272349836,
                51.1261446437
              ],
              [
                71.4272035012,
                51.126064927
              ]
            ]
          ]
        ]
      },
      "properties": {
        "gid": 5956393,
        "kad_nomer": "213200721286",
        "geometryHash": "sha256:c8e671488706b7e4365f605626653f1379904cd3de2077d68d0ec1261054a8c5"
      }
    },
    {
      "type": "Feature",
      "geometry": {
        "type": "MultiPolygon",
        "coordinates": [
          [
            [
              [
                71.4300507555,
                51.1260636787
              ],
              [
                71.4300185962,
                51.1259801444
              ],
              [
                71.4293768335,
                51.1260779741
              ],
              [
                71.4291992288,
                51.1261050481
              ],
              [
                71.4291995087,
                51.126105751
              ],
              [
                71.4292343201,
                51.1261928684
              ],
              [
                71.429293522,
                51.126183502
              ],
              [
                71.4300351134,
                51.1260661535
              ],
              [
                71.4300507555,
                51.1260636787
              ]
            ]
          ]
        ]
      },
      "properties": {
        "gid": 6049358,
        "kad_nomer": "213200721293",
        "geometryHash": "sha256:70bc03b3861269ca2c191cf49bc451639163456ccd7691d4075ce08b0c612c3a"
      }
    },
    {
      "type": "Feature",
      "geometry": {
        "type": "MultiPolygon",
        "coordinates": [
          [
            [
              [
                71.4280559717,
                51.1263910822
              ],
              [
                71.4280490864,
                51.1263736374
              ],
              [
                71.4280213547,
                51.1263779784
              ],
              [
                71.4280282512,
                51.1263954211
              ],
              [
                71.4280559717,
                51.1263910822
              ]
            ]
          ]
        ]
      },
      "properties": {
        "gid": 6270794,
        "kad_nomer": "21320072999",
        "geometryHash": "sha256:7e66ba693e284598b2844a5dad107f98f86a445d02ec1e4ff1ff3a3ba5e5ecbb"
      }
    },
    {
      "type": "Feature",
      "geometry": {
        "type": "MultiPolygon",
        "coordinates": [
          [
            [
              [
                71.4266326314,
                51.1254820442
              ],
              [
                71.4267622915,
                51.125804662
              ],
              [
                71.4271354012,
                51.125748499
              ],
              [
                71.4270068285,
                51.1254235781
              ],
              [
                71.4266326314,
                51.1254820442
              ]
            ]
          ]
        ]
      },
      "properties": {
        "gid": 6293886,
        "kad_nomer": "21320072471",
        "geometryHash": "sha256:2186bfe09ad78869c3a480749025bf82820d633e56f39a45866e7ddf78529057"
      }
    },
    {
      "type": "Feature",
      "geometry": {
        "type": "MultiPolygon",
        "coordinates": [
          [
            [
              [
                71.4273573978,
                51.1260326408
              ],
              [
                71.4273545546,
                51.1260284898
              ],
              [
                71.4273362562,
                51.1260333236
              ],
              [
                71.4273390533,
                51.1260374936
              ],
              [
                71.4273573978,
                51.1260326408
              ]
            ]
          ]
        ]
      },
      "properties": {
        "gid": 6843441,
        "kad_nomer": "213200721371",
        "geometryHash": "sha256:a38f60639e0cd12d67125bf1e01ce235c9fdd3773ef449cb0fb275f24da078fb"
      }
    },
    {
      "type": "Feature",
      "geometry": {
        "type": "MultiPolygon",
        "coordinates": [
          [
            [
              [
                71.4282359434,
                51.1266497797
              ],
              [
                71.4282351047,
                51.1266472779
              ],
              [
                71.428215312,
                51.1266496498
              ],
              [
                71.4282160367,
                51.1266521837
              ],
              [
                71.4282359434,
                51.1266497797
              ]
            ]
          ]
        ]
      },
      "properties": {
        "gid": 6844352,
        "kad_nomer": "213200721377",
        "geometryHash": "sha256:0d9279d30b3021827c64cc0636b40e0c7d97175825cc3624c825f99702a037e8"
      }
    },
    {
      "type": "Feature",
      "geometry": {
        "type": "MultiPolygon",
        "coordinates": [
          [
            [
              [
                71.4290318876,
                51.1262684556
              ],
              [
                71.4290190833,
                51.1262374738
              ],
              [
                71.4290113415,
                51.1262387383
              ],
              [
                71.4290241378,
                51.1262697311
              ],
              [
                71.4290318876,
                51.1262684556
              ]
            ]
          ]
        ]
      },
      "properties": {
        "gid": 6848339,
        "kad_nomer": "213200721403",
        "geometryHash": "sha256:7ce617c969d91e1a3b300e711b71684d0f5e5f01256ab3885f8318db9b3e8c37"
      }
    },
    {
      "type": "Feature",
      "geometry": {
        "type": "MultiPolygon",
        "coordinates": [
          [
            [
              [
                71.4267605439,
                51.1265261665
              ],
              [
                71.4267579571,
                51.1265196276
              ],
              [
                71.4267441071,
                51.1265218039
              ],
              [
                71.4267466792,
                51.1265283341
              ],
              [
                71.4267605439,
                51.1265261665
              ]
            ]
          ]
        ]
      },
      "properties": {
        "gid": 7100801,
        "kad_nomer": "21320072931",
        "geometryHash": "sha256:25d5a3f6374100c86bf4dbc9c9c21658f1e7cd59892f8e3e50676544c68196a8"
      }
    },
    {
      "type": "Feature",
      "geometry": {
        "type": "MultiPolygon",
        "coordinates": [
          [
            [
              [
                71.427265117,
                51.1260551994
              ],
              [
                71.4271564224,
                51.1257789102
              ],
              [
                71.4242555634,
                51.1262300612
              ],
              [
                71.4243685936,
                51.1265124851
              ],
              [
                71.427265117,
                51.1260551994
              ]
            ]
          ]
        ]
      },
      "properties": {
        "gid": 7129392,
        "kad_nomer": "21320072538",
        "geometryHash": "sha256:e8c476d11a8c062988d54a6495322407586cf04dd28af17ff49f241755ac3623"
      }
    },
    {
      "type": "Feature",
      "geometry": {
        "type": "MultiPolygon",
        "coordinates": [
          [
            [
              [
                71.4267639886,
                51.1265348911
              ],
              [
                71.4267501243,
                51.1265370677
              ],
              [
                71.4267527111,
                51.1265436066
              ],
              [
                71.4267665754,
                51.12654143
              ],
              [
                71.4267639886,
                51.1265348911
              ]
            ]
          ]
        ]
      },
      "properties": {
        "gid": 7688546,
        "kad_nomer": "21320072932",
        "geometryHash": "sha256:e31127259c6447f10775f69e5b8986da762eae3f8afcbdadbbd6e08885df74ea"
      }
    },
    {
      "type": "Feature",
      "geometry": {
        "type": "MultiPolygon",
        "coordinates": [
          [
            [
              [
                71.4298479161,
                51.1263911478
              ],
              [
                71.4298340574,
                51.1263933175
              ],
              [
                71.4298374981,
                51.1264020394
              ],
              [
                71.4298513612,
                51.1263998715
              ],
              [
                71.4298479161,
                51.1263911478
              ]
            ]
          ]
        ]
      },
      "properties": {
        "gid": 5209131,
        "kad_nomer": "213200721138",
        "geometryHash": "sha256:e6b88a049efc63180bfe629ba8bd61dd2f96101e4b0408d78bc0fb92fd9239de"
      }
    },
    {
      "type": "Feature",
      "geometry": {
        "type": "MultiPolygon",
        "coordinates": [
          [
            [
              [
                71.4296152522,
                51.1264275399
              ],
              [
                71.4296013891,
                51.1264297088
              ],
              [
                71.4296048342,
                51.1264384315
              ],
              [
                71.4296186973,
                51.1264362636
              ],
              [
                71.4296152522,
                51.1264275399
              ]
            ]
          ]
        ]
      },
      "properties": {
        "gid": 5211340,
        "kad_nomer": "213200721151",
        "geometryHash": "sha256:007c109f25ed778ec01db2956caf34daebfcc4f518ad6caf330aa6dee21a688e"
      }
    },
    {
      "type": "Feature",
      "geometry": {
        "type": "MultiPolygon",
        "coordinates": [
          [
            [
              [
                71.4321208559,
                51.1255412474
              ],
              [
                71.4316142854,
                51.1255302619
              ],
              [
                71.4315922731,
                51.1257602463
              ],
              [
                71.4321066981,
                51.1257740545
              ],
              [
                71.4321208559,
                51.1255412474
              ]
            ]
          ]
        ]
      },
      "properties": {
        "gid": 5212030,
        "kad_nomer": "21320114007",
        "geometryHash": "sha256:09ff54dd4cf1d2f54702e1e12b1408247787242303da3d1773aaedff5885de8b"
      }
    },
    {
      "type": "Feature",
      "geometry": {
        "type": "MultiPolygon",
        "coordinates": [
          [
            [
              [
                71.4314764565,
                51.1262155801
              ],
              [
                71.4310049719,
                51.1261991545
              ],
              [
                71.4309505537,
                51.1264725803
              ],
              [
                71.431095305,
                51.1265559446
              ],
              [
                71.4313172804,
                51.1265888549
              ],
              [
                71.4314141394,
                51.1265293952
              ],
              [
                71.4314303261,
                51.1264437772
              ],
              [
                71.4314764565,
                51.1262155801
              ]
            ]
          ]
        ]
      },
      "properties": {
        "gid": 5212878,
        "kad_nomer": "21320114054",
        "geometryHash": "sha256:832a1789657dd02276bcc3436f8c3c241d2f93c3b0c1aa0dcd76d41d9ca8d0c6"
      }
    },
    {
      "type": "Feature",
      "geometry": {
        "type": "MultiPolygon",
        "coordinates": [
          [
            [
              [
                71.4331765432,
                51.1244900829
              ],
              [
                71.4331761107,
                51.1244889776
              ],
              [
                71.4331369962,
                51.1243897738
              ],
              [
                71.4331368408,
                51.1243893732
              ],
              [
                71.4330196238,
                51.124092056
              ],
              [
                71.4328993371,
                51.1237869346
              ],
              [
                71.432898114,
                51.12378384
              ],
              [
                71.4328980813,
                51.1237838443
              ],
              [
                71.4310495025,
                51.1240729918
              ],
              [
                71.4315663195,
                51.1253814149
              ],
              [
                71.4334139802,
                51.1250923317
              ],
              [
                71.4331765432,
                51.1244900829
              ]
            ]
          ]
        ]
      },
      "properties": {
        "gid": 5214506,
        "kad_nomer": "21320128654",
        "geometryHash": "sha256:2725f27d9c01143e0e4952603504aba33098626b0b220795dc1ad17de11dbfd1"
      }
    },
    {
      "type": "Feature",
      "geometry": {
        "type": "MultiPolygon",
        "coordinates": [
          [
            [
              [
                71.4307811709,
                51.1256995847
              ],
              [
                71.4305156671,
                51.1256554726
              ],
              [
                71.4303988732,
                51.1259310954
              ],
              [
                71.4306604568,
                51.1259718086
              ],
              [
                71.4307811709,
                51.1256995847
              ]
            ]
          ]
        ]
      },
      "properties": {
        "gid": 5216256,
        "kad_nomer": "21320114657",
        "geometryHash": "sha256:3e8a407b6a1cb8caba2ea9aa06ccd1b9a2f7f1bf63eaceda6fbb480f612b5147"
      }
    },
    {
      "type": "Feature",
      "geometry": {
        "type": "MultiPolygon",
        "coordinates": [
          [
            [
              [
                71.4311425641,
                51.1258455979
              ],
              [
                71.4311356706,
                51.1258281526
              ],
              [
                71.4311079477,
                51.1258324887
              ],
              [
                71.4311148384,
                51.1258499341
              ],
              [
                71.4311425641,
                51.1258455979
              ]
            ]
          ]
        ]
      },
      "properties": {
        "gid": 5633793,
        "kad_nomer": "213201141045",
        "geometryHash": "sha256:077b49bdd08fd665f36e01bc163f37c693ce4d327e29392ca8d8e1adf2611d0d"
      }
    },
    {
      "type": "Feature",
      "geometry": {
        "type": "MultiPolygon",
        "coordinates": [
          [
            [
              [
                71.4315472764,
                51.1255432645
              ],
              [
                71.4315403871,
                51.1255258209
              ],
              [
                71.4315126645,
                51.1255301571
              ],
              [
                71.4315195553,
                51.1255476025
              ],
              [
                71.4315472764,
                51.1255432645
              ]
            ]
          ]
        ]
      },
      "properties": {
        "gid": 5640583,
        "kad_nomer": "213201141046",
        "geometryHash": "sha256:d9bd05db34741ec3ac5956d0f1fb9942b4c1a497d385289a141954f8446f2243"
      }
    },
    {
      "type": "Feature",
      "geometry": {
        "type": "MultiPolygon",
        "coordinates": [
          [
            [
              [
                71.4310897134,
                51.125590642
              ],
              [
                71.4310896562,
                51.1255905056
              ],
              [
                71.4310619361,
                51.1255948371
              ],
              [
                71.4310653788,
                51.1256035653
              ],
              [
                71.4310688284,
                51.125612287
              ],
              [
                71.4310864449,
                51.1256095299
              ],
              [
                71.4310965496,
                51.12560795
              ],
              [
                71.4310897134,
                51.125590642
              ]
            ]
          ]
        ]
      },
      "properties": {
        "gid": 5888935,
        "kad_nomer": "213201141044",
        "geometryHash": "sha256:b04e9190c026b5a1fd47f8c4d2578e84774ce88dab7c4ad1c24d9bf2add50c9c"
      }
    },
    {
      "type": "Feature",
      "geometry": {
        "type": "MultiPolygon",
        "coordinates": [
          [
            [
              [
                71.4305413685,
                51.1260247353
              ],
              [
                71.4305344751,
                51.1260072881
              ],
              [
                71.4304235876,
                51.1260246356
              ],
              [
                71.4304304737,
                51.1260420811
              ],
              [
                71.4305413685,
                51.1260247353
              ]
            ]
          ]
        ]
      },
      "properties": {
        "gid": 5889166,
        "kad_nomer": "213201141020",
        "geometryHash": "sha256:93f4622e353ae54ced26de78f4d4cb4b2b722562f0308baa65822b1ddf731f63"
      }
    },
    {
      "type": "Feature",
      "geometry": {
        "type": "MultiPolygon",
        "coordinates": [
          [
            [
              [
                71.4316525684,
                51.1258095806
              ],
              [
                71.4316456735,
                51.125792138
              ],
              [
                71.4316179549,
                51.1257964733
              ],
              [
                71.4316248458,
                51.1258139186
              ],
              [
                71.4316525684,
                51.1258095806
              ]
            ]
          ]
        ]
      },
      "properties": {
        "gid": 5891624,
        "kad_nomer": "213201141047",
        "geometryHash": "sha256:f9f33b74f20ac6c5426b482de4d549f738eb981d4b9b6f356c60bbfbbb8a09a4"
      }
    },
    {
      "type": "Feature",
      "geometry": {
        "type": "MultiPolygon",
        "coordinates": [
          [
            [
              [
                71.4296152522,
                51.1264275399
              ],
              [
                71.4296118043,
                51.1264188191
              ],
              [
                71.4295979441,
                51.1264209869
              ],
              [
                71.4296013891,
                51.1264297088
              ],
              [
                71.4296152522,
                51.1264275399
              ]
            ]
          ]
        ]
      },
      "properties": {
        "gid": 6254332,
        "kad_nomer": "213200721152",
        "geometryHash": "sha256:444e6f0c74496c8a34ebc588c739b6ca55a15465265c28ad72c9658299b28050"
      }
    },
    {
      "type": "Feature",
      "geometry": {
        "type": "MultiPolygon",
        "coordinates": [
          [
            [
              [
                71.4304464416,
                51.125973059
              ],
              [
                71.4304405728,
                51.1259647267
              ],
              [
                71.4304539615,
                51.1259611205
              ],
              [
                71.4304598208,
                51.1259692731
              ],
              [
                71.4304464416,
                51.125973059
              ]
            ]
          ]
        ]
      },
      "properties": {
        "gid": 7457033,
        "kad_nomer": "213201141124",
        "geometryHash": "sha256:2b0058785facad18c4ee12dbdcea46a6a233f4b60f05265ba46d2c062319a4d0"
      }
    },
    {
      "type": "Feature",
      "geometry": {
        "type": "MultiPolygon",
        "coordinates": [
          [
            [
              [
                71.4298479161,
                51.1263911478
              ],
              [
                71.429844471,
                51.126382426
              ],
              [
                71.4298306092,
                51.1263845921
              ],
              [
                71.4298340574,
                51.1263933175
              ],
              [
                71.4298479161,
                51.1263911478
              ]
            ]
          ]
        ]
      },
      "properties": {
        "gid": 7848709,
        "kad_nomer": "213200721153",
        "geometryHash": "sha256:5e092a71383854c2a1b7e9c6c882dd90a824988004177cb6108c9e1e5dca2a85"
      }
    },
    {
      "type": "Feature",
      "geometry": {
        "type": "MultiPolygon",
        "coordinates": [
          [
            [
              [
                71.4342229377,
                51.1257899216
              ],
              [
                71.4337437618,
                51.1257887314
              ],
              [
                71.4337288657,
                51.1260093268
              ],
              [
                71.4342021936,
                51.1260131464
              ],
              [
                71.4342229377,
                51.1257899216
              ]
            ]
          ]
        ]
      },
      "properties": {
        "gid": 5208597,
        "kad_nomer": "21320114105",
        "geometryHash": "sha256:260cd7b8df5308449d9b838e42a331f8997964e559dc2a5f59a2eb4956923a68"
      }
    },
    {
      "type": "Feature",
      "geometry": {
        "type": "MultiPolygon",
        "coordinates": [
          [
            [
              [
                71.433591138,
                51.1250595143
              ],
              [
                71.4353931275,
                51.1247775547
              ],
              [
                71.4351174037,
                51.1240798164
              ],
              [
                71.4333154542,
                51.1243617532
              ],
              [
                71.433591138,
                51.1250595143
              ]
            ]
          ]
        ]
      },
      "properties": {
        "gid": 5213710,
        "kad_nomer": "21320128526",
        "geometryHash": "sha256:a0bddb4b7785ea2e0fab5ac2fd43ff406bedc39375bfd41af07f63f0e2c5b3d5"
      }
    },
    {
      "type": "Feature",
      "geometry": {
        "type": "MultiPolygon",
        "coordinates": [
          [
            [
              [
                71.4347290266,
                51.1256275739
              ],
              [
                71.4347290151,
                51.1256275454
              ],
              [
                71.4342049558,
                51.1257095541
              ],
              [
                71.4343165396,
                51.1259884535
              ],
              [
                71.4348407601,
                51.1259064931
              ],
              [
                71.4347290266,
                51.1256275739
              ]
            ]
          ]
        ]
      },
      "properties": {
        "gid": 5214241,
        "kad_nomer": "213201141051",
        "geometryHash": "sha256:fe9209a3226e3dd3d0c76ccb6b942f2dc946f4210dd9a3877562853e4ac2cb3e"
      }
    },
    {
      "type": "Feature",
      "geometry": {
        "type": "MultiPolygon",
        "coordinates": [
          [
            [
              [
                71.4338856192,
                51.1257373735
              ],
              [
                71.4338508087,
                51.1256454329
              ],
              [
                71.4325022523,
                51.125856453
              ],
              [
                71.4325430175,
                51.1259485021
              ],
              [
                71.4338856192,
                51.1257373735
              ]
            ]
          ]
        ]
      },
      "properties": {
        "gid": 5958932,
        "kad_nomer": "213201141080",
        "geometryHash": "sha256:ec228ce536bd581e4e34cbf08b27bc68ddf034d485951c8ea6e26efd79ef86ae"
      }
    },
    {
      "type": "Feature",
      "geometry": {
        "type": "MultiPolygon",
        "coordinates": [
          [
            [
              [
                71.4325747129,
                51.1253769631
              ],
              [
                71.4325678814,
                51.1253595094
              ],
              [
                71.4324569341,
                51.1253767116
              ],
              [
                71.4324637699,
                51.1253941644
              ],
              [
                71.4325747129,
                51.1253769631
              ]
            ]
          ]
        ]
      },
      "properties": {
        "gid": 5988203,
        "kad_nomer": "213201141026",
        "geometryHash": "sha256:fddd9c9acba625e3c84a1cb092e16bb209562a0d40a50bb46f6a76a2cc074411"
      }
    },
    {
      "type": "Feature",
      "geometry": {
        "type": "MultiPolygon",
        "coordinates": [
          [
            [
              [
                71.4340039418,
                51.1252621629
              ],
              [
                71.4339562504,
                51.1251570266
              ],
              [
                71.4351037496,
                51.1249851734
              ],
              [
                71.4351394557,
                51.1250906489
              ],
              [
                71.4340039418,
                51.1252621629
              ]
            ]
          ]
        ]
      },
      "properties": {
        "gid": 6873848,
        "kad_nomer": "213201281641",
        "geometryHash": "sha256:ef49069369a85cd5c262da15b74981b1666a43d63bbccb1c8f9fa62f23d180cc"
      }
    },
    {
      "type": "Feature",
      "geometry": {
        "type": "MultiPolygon",
        "coordinates": [
          [
            [
              [
                71.4326509987,
                51.1253759528
              ],
              [
                71.4326684412,
                51.1253733413
              ],
              [
                71.4326714596,
                51.1253818228
              ],
              [
                71.4326548737,
                51.1253844165
              ],
              [
                71.4326509987,
                51.1253759528
              ]
            ]
          ]
        ]
      },
      "properties": {
        "gid": 7443416,
        "kad_nomer": "213201141123",
        "geometryHash": "sha256:d5ea36a62da910d4b1116ac27f15b525fcb6017244b6b5073d7c05f00bf91e85"
      }
    },
    {
      "type": "Feature",
      "geometry": {
        "type": "MultiPolygon",
        "coordinates": [
          [
            [
              [
                71.433591138,
                51.1250595143
              ],
              [
                71.4333093668,
                51.1243627254
              ],
              [
                71.4333092339,
                51.124362399
              ],
              [
                71.433327098,
                51.124359605
              ],
              [
                71.4333271688,
                51.1243595936
              ],
              [
                71.4339599055,
                51.1242605898
              ],
              [
                71.4340429072,
                51.1242476026
              ],
              [
                71.434035624,
                51.1242291762
              ],
              [
                71.4340149508,
                51.124176837
              ],
              [
                71.4338369894,
                51.1237263869
              ],
              [
                71.4338076724,
                51.1236521824
              ],
              [
                71.4338036939,
                51.1236421065
              ],
              [
                71.4337206821,
                51.1236550982
              ],
              [
                71.4335735349,
                51.1236781171
              ],
              [
                71.4335730983,
                51.1236781847
              ],
              [
                71.4335707339,
                51.1236785559
              ],
              [
                71.4335647334,
                51.1236794939
              ],
              [
                71.4331383983,
                51.1237461952
              ],
              [
                71.4328980588,
                51.1237837971
              ],
              [
                71.4328980813,
                51.1237838443
              ],
              [
                71.432898114,
                51.12378384
              ],
              [
                71.4328993371,
                51.1237869346
              ],
              [
                71.4330196238,
                51.124092056
              ],
              [
                71.4331368408,
                51.1243893732
              ],
              [
                71.4331369962,
                51.1243897738
              ],
              [
                71.4331761107,
                51.1244889776
              ],
              [
                71.4331765432,
                51.1244900829
              ],
              [
                71.4334140091,
                51.1250923114
              ],
              [
                71.4335930716,
                51.1250642957
              ],
              [
                71.433591138,
                51.1250595143
              ]
            ]
          ]
        ]
      },
      "properties": {
        "gid": 7710683,
        "kad_nomer": "213201281344",
        "geometryHash": "sha256:2ad1635ad07b9af9bef26b022185f7371c324f4742ab440489ca24a1abf2825d"
      }
    },
    {
      "type": "Feature",
      "geometry": {
        "type": "MultiPolygon",
        "coordinates": [
          [
            [
              [
                71.4336493462,
                51.1251670149
              ],
              [
                71.4357876749,
                51.1248310652
              ],
              [
                71.4357454457,
                51.1247320216
              ],
              [
                71.4336041715,
                51.1250662331
              ],
              [
                71.4336493462,
                51.1251670149
              ]
            ]
          ]
        ]
      },
      "properties": {
        "gid": 7733183,
        "kad_nomer": "213201281698",
        "geometryHash": "sha256:ff2e2521db3c934b20a619c9253c599b666fa38a41966554cf2ccf877bfcab1e"
      }
    },
    {
      "type": "Feature",
      "geometry": {
        "type": "MultiPolygon",
        "coordinates": [
          [
            [
              [
                71.4326657667,
                51.1263786101
              ],
              [
                71.4326155083,
                51.1262604404
              ],
              [
                71.4324994393,
                51.1262791109
              ],
              [
                71.4325506969,
                51.1263972878
              ],
              [
                71.4326657667,
                51.1263786101
              ]
            ]
          ]
        ]
      },
      "properties": {
        "gid": 7910786,
        "kad_nomer": "213201141106",
        "geometryHash": "sha256:abf53863753bed975ff388196b1a377175f761414c3bd0f1f8553bc6ac1c176f"
      }
    },
    {
      "type": "Feature",
      "geometry": {
        "type": "MultiPolygon",
        "coordinates": [
          [
            [
              [
                71.4329811825,
                51.1267021912
              ],
              [
                71.4329648082,
                51.1266629232
              ],
              [
                71.4328462999,
                51.1266825713
              ],
              [
                71.4328626697,
                51.1267218384
              ],
              [
                71.4329811825,
                51.1267021912
              ]
            ]
          ]
        ]
      },
      "properties": {
        "gid": 7917473,
        "kad_nomer": "213201141107",
        "geometryHash": "sha256:4a5beb68444ccd2338556643b7e3cccf5841adf89dbf6ba4cf66c5b54f8990a8"
      }
    }
  ]
}
