{
  "type": "FeatureCollection",
  "crs": "EPSG:4326",
  "source": "Cadastre.kg public WFS ENI_AREA via public viewer proxy",
  "filter": "NAZNACHENI = земельный участок",
  "features": [
    {
      "type": "Feature",
      "geometry": {
        "type": "MultiPolygon",
        "coordinates": [
          [
            [
              [
                74.56609864,
                42.87584628
              ],
              [
                74.56603193,
                42.87584543
              ],
              [
                74.56602772,
                42.87562456
              ],
              [
                74.56579715,
                42.87559185
              ],
              [
                74.56576267,
                42.87583692
              ],
              [
                74.565726,
                42.87583754
              ],
              [
                74.56567457,
                42.87615074
              ],
              [
                74.56571768,
                42.87622411
              ],
              [
                74.56607298,
                42.87622354
              ],
              [
                74.56637255,
                42.87622466
              ],
              [
                74.56652569,
                42.87597313
              ],
              [
                74.56634797,
                42.87597435
              ],
              [
                74.56634797,
                42.87596044
              ],
              [
                74.56620074,
                42.87596069
              ],
              [
                74.56620036,
                42.87595194
              ],
              [
                74.56610537,
                42.87595442
              ],
              [
                74.56609864,
                42.87584628
              ]
            ]
          ]
        ]
      },
      "properties": {
        "PROPCODE": "1-01-02-0011-0317",
        "DOMCODE": "36/в",
        "NAZNACHENI": "земельный участок"
      }
    },
    {
      "type": "Feature",
      "geometry": {
        "type": "MultiPolygon",
        "coordinates": [
          [
            [
              [
                74.5665495,
                42.87699334
              ],
              [
                74.56647378,
                42.87707878
              ],
              [
                74.56637353,
                42.87715848
              ],
              [
                74.56621841,
                42.87722859
              ],
              [
                74.56616174,
                42.87725391
              ],
              [
                74.56591656,
                42.87736347
              ],
              [
                74.56598284,
                42.87735246
              ],
              [
                74.56620578,
                42.87727428
              ],
              [
                74.56637759,
                42.87721865
              ],
              [
                74.56640824,
                42.87725325
              ],
              [
                74.56651257,
                42.87717956
              ],
              [
                74.56661079,
                42.8770788
              ],
              [
                74.5666865,
                42.87699308
              ],
              [
                74.5665495,
                42.87699334
              ]
            ]
          ]
        ]
      },
      "properties": {
        "PROPCODE": "1-01-02-0011-0084",
        "DOMCODE": "226/2",
        "NAZNACHENI": "земельный участок"
      }
    },
    {
      "type": "Feature",
      "geometry": {
        "type": "MultiPolygon",
        "coordinates": [
          [
            [
              [
                74.56761029,
                42.87768226
              ],
              [
                74.56761396,
                42.87776617
              ],
              [
                74.56761653,
                42.8778214
              ],
              [
                74.56763635,
                42.87793892
              ],
              [
                74.56765102,
                42.87807659
              ],
              [
                74.56765496,
                42.87811904
              ],
              [
                74.56765641,
                42.87813474
              ],
              [
                74.56766509,
                42.87818491
              ],
              [
                74.56792165,
                42.87817677
              ],
              [
                74.56791976,
                42.87793304
              ],
              [
                74.56789253,
                42.8779337
              ],
              [
                74.56789078,
                42.87767922
              ],
              [
                74.56761029,
                42.87768226
              ]
            ]
          ]
        ]
      },
      "properties": {
        "PROPCODE": "1-01-02-0011-0257",
        "DOMCODE": "529",
        "NAZNACHENI": "земельный участок"
      }
    },
    {
      "type": "Feature",
      "geometry": {
        "type": "MultiPolygon",
        "coordinates": [
          [
            [
              [
                74.56730665,
                42.87818202
              ],
              [
                74.56730748,
                42.87818907
              ],
              [
                74.56766392,
                42.87817857
              ],
              [
                74.56765496,
                42.87811904
              ],
              [
                74.56746565,
                42.87813471
              ],
              [
                74.56730633,
                42.87812572
              ],
              [
                74.56730609,
                42.87810335
              ],
              [
                74.56716416,
                42.87811986
              ],
              [
                74.56710905,
                42.87812604
              ],
              [
                74.56711165,
                42.87815884
              ],
              [
                74.56712266,
                42.87815857
              ],
              [
                74.56712521,
                42.87819543
              ],
              [
                74.56730665,
                42.87818202
              ]
            ]
          ]
        ]
      },
      "properties": {
        "PROPCODE": "1-01-02-0011-0181",
        "DOMCODE": "19б",
        "NAZNACHENI": "земельный участок"
      }
    },
    {
      "type": "Feature",
      "geometry": {
        "type": "MultiPolygon",
        "coordinates": [
          [
            [
              [
                74.56841235,
                42.87588304
              ],
              [
                74.56840441,
                42.87588344
              ],
              [
                74.56841352,
                42.87606154
              ],
              [
                74.56851939,
                42.87606084
              ],
              [
                74.56851931,
                42.87602679
              ],
              [
                74.5684214,
                42.87602691
              ],
              [
                74.56841235,
                42.87588304
              ],
              [
                74.56841235,
                42.87588304
              ]
            ]
          ]
        ]
      },
      "properties": {
        "PROPCODE": "1-01-02-0011-1004",
        "DOMCODE": "17/1",
        "NAZNACHENI": "земельный участок"
      }
    },
    {
      "type": "Feature",
      "geometry": {
        "type": "MultiPolygon",
        "coordinates": [
          [
            [
              [
                74.56671789,
                42.87627068
              ],
              [
                74.56682145,
                42.87582754
              ],
              [
                74.56688893,
                42.87570245
              ],
              [
                74.56692835,
                42.87565215
              ],
              [
                74.56773311,
                42.87488489
              ],
              [
                74.56757102,
                42.87454781
              ],
              [
                74.5670088,
                42.87507017
              ],
              [
                74.56717756,
                42.87506501
              ],
              [
                74.56669848,
                42.87558981
              ],
              [
                74.56653514,
                42.87559543
              ],
              [
                74.56652476,
                42.8755902
              ],
              [
                74.56647648,
                42.8756358
              ],
              [
                74.56651075,
                42.87563534
              ],
              [
                74.56654058,
                42.87624344
              ],
              [
                74.56671789,
                42.87627068
              ]
            ]
          ]
        ]
      },
      "properties": {
        "PROPCODE": "1-01-02-0011-1024",
        "DOMCODE": "",
        "NAZNACHENI": "земельный участок"
      }
    },
    {
      "type": "Feature",
      "geometry": {
        "type": "MultiPolygon",
        "coordinates": [
          [
            [
              [
                74.56789302,
                42.87759284
              ],
              [
                74.5678748,
                42.8773679
              ],
              [
                74.56767327,
                42.87737752
              ],
              [
                74.56767578,
                42.87741799
              ],
              [
                74.56782246,
                42.87741235
              ],
              [
                74.56783883,
                42.87763707
              ],
              [
                74.56804667,
                42.87762991
              ],
              [
                74.56804498,
                42.87758942
              ],
              [
                74.56789302,
                42.87759284
              ]
            ]
          ]
        ]
      },
      "properties": {
        "PROPCODE": "1-01-02-0011-1037",
        "DOMCODE": "",
        "NAZNACHENI": "земельный участок"
      }
    },
    {
      "type": "Feature",
      "geometry": {
        "type": "MultiPolygon",
        "coordinates": [
          [
            [
              [
                74.56859052,
                42.87586266
              ],
              [
                74.56859045,
                42.87599769
              ],
              [
                74.56862004,
                42.8760006
              ],
              [
                74.56862005,
                42.87597607
              ],
              [
                74.56863779,
                42.87597608
              ],
              [
                74.5686378,
                42.87596445
              ],
              [
                74.56868538,
                42.87596506
              ],
              [
                74.56868485,
                42.87590694
              ],
              [
                74.56877977,
                42.87590612
              ],
              [
                74.5687799,
                42.87585978
              ],
              [
                74.56859052,
                42.87586266
              ]
            ]
          ]
        ]
      },
      "properties": {
        "PROPCODE": "1-01-02-0011-0374",
        "DOMCODE": "233/2",
        "NAZNACHENI": "земельный участок"
      }
    },
    {
      "type": "Feature",
      "geometry": {
        "type": "MultiPolygon",
        "coordinates": [
          [
            [
              [
                74.5689752,
                42.87771679
              ],
              [
                74.56898636,
                42.87771686
              ],
              [
                74.5689868,
                42.87775477
              ],
              [
                74.56900998,
                42.87775422
              ],
              [
                74.56901532,
                42.87787859
              ],
              [
                74.56902508,
                42.87787774
              ],
              [
                74.5690253,
                42.87787785
              ],
              [
                74.56925599,
                42.87786615
              ],
              [
                74.56923206,
                42.87762387
              ],
              [
                74.5689758,
                42.87763682
              ],
              [
                74.5689752,
                42.87771679
              ]
            ]
          ]
        ]
      },
      "properties": {
        "PROPCODE": "1-01-02-0011-0953",
        "DOMCODE": "523",
        "NAZNACHENI": "земельный участок"
      }
    },
    {
      "type": "Feature",
      "geometry": {
        "type": "MultiPolygon",
        "coordinates": [
          [
            [
              [
                74.56960142,
                42.87785422
              ],
              [
                74.56960319,
                42.87793253
              ],
              [
                74.56962888,
                42.87793306
              ],
              [
                74.56962839,
                42.87795673
              ],
              [
                74.56961615,
                42.87795676
              ],
              [
                74.56961878,
                42.87800756
              ],
              [
                74.56962913,
                42.87800783
              ],
              [
                74.56962963,
                42.87799884
              ],
              [
                74.56971499,
                42.87800279
              ],
              [
                74.56973445,
                42.87800538
              ],
              [
                74.56985593,
                42.87800984
              ],
              [
                74.56985578,
                42.87801309
              ],
              [
                74.56991594,
                42.87801231
              ],
              [
                74.57001197,
                42.87801107
              ],
              [
                74.57000685,
                42.87796466
              ],
              [
                74.57000687,
                42.87793532
              ],
              [
                74.56989902,
                42.87793801
              ],
              [
                74.56989838,
                42.87789236
              ],
              [
                74.56986289,
                42.87789637
              ],
              [
                74.56980086,
                42.87789128
              ],
              [
                74.56979903,
                42.87784819
              ],
              [
                74.56960142,
                42.87785422
              ]
            ]
          ]
        ]
      },
      "properties": {
        "PROPCODE": "1-01-02-0011-0130",
        "DOMCODE": "28",
        "NAZNACHENI": "земельный участок"
      }
    },
    {
      "type": "Feature",
      "geometry": {
        "type": "MultiPolygon",
        "coordinates": [
          [
            [
              [
                74.56979903,
                42.87784819
              ],
              [
                74.56980086,
                42.87789128
              ],
              [
                74.56986289,
                42.87789637
              ],
              [
                74.56989838,
                42.87789236
              ],
              [
                74.56989902,
                42.87793801
              ],
              [
                74.57000687,
                42.87793532
              ],
              [
                74.57000587,
                42.87786958
              ],
              [
                74.57001514,
                42.87786958
              ],
              [
                74.5700201,
                42.8778458
              ],
              [
                74.56999559,
                42.87784581
              ],
              [
                74.56979903,
                42.87784819
              ]
            ]
          ]
        ]
      },
      "properties": {
        "PROPCODE": "1-01-02-0011-0792",
        "DOMCODE": "28",
        "NAZNACHENI": "земельный участок"
      }
    },
    {
      "type": "Feature",
      "geometry": {
        "type": "MultiPolygon",
        "coordinates": [
          [
            [
              [
                74.57075901,
                42.87593585
              ],
              [
                74.5707617,
                42.87599973
              ],
              [
                74.57086613,
                42.87599716
              ],
              [
                74.57086263,
                42.87593275
              ],
              [
                74.57075901,
                42.87593585
              ]
            ]
          ]
        ]
      },
      "properties": {
        "PROPCODE": "1-01-02-0011-0752",
        "DOMCODE": "252",
        "NAZNACHENI": "земельный участок"
      }
    },
    {
      "type": "Feature",
      "geometry": {
        "type": "MultiPolygon",
        "coordinates": [
          [
            [
              [
                74.57022502,
                42.87560838
              ],
              [
                74.57022685,
                42.87563271
              ],
              [
                74.57011659,
                42.87564081
              ],
              [
                74.57012207,
                42.87570434
              ],
              [
                74.57005959,
                42.87570433
              ],
              [
                74.5700559,
                42.87573137
              ],
              [
                74.56992726,
                42.87574081
              ],
              [
                74.56992355,
                42.8758084
              ],
              [
                74.57000441,
                42.87580841
              ],
              [
                74.57001354,
                42.8759179
              ],
              [
                74.57014218,
                42.87591116
              ],
              [
                74.570144,
                42.87594225
              ],
              [
                74.570144,
                42.8759436
              ],
              [
                74.57071735,
                42.87591258
              ],
              [
                74.57070826,
                42.87571388
              ],
              [
                74.57064764,
                42.87566926
              ],
              [
                74.57061645,
                42.87557734
              ],
              [
                74.57056134,
                42.87552867
              ],
              [
                74.57053011,
                42.87552732
              ],
              [
                74.57043459,
                42.87543945
              ],
              [
                74.57034822,
                42.87544484
              ],
              [
                74.57034632,
                42.87557325
              ],
              [
                74.57025995,
                42.8755773
              ],
              [
                74.5702232,
                42.87557729
              ],
              [
                74.57022502,
                42.87560838
              ]
            ]
          ]
        ]
      },
      "properties": {
        "PROPCODE": "1-01-02-0011-0703",
        "DOMCODE": "254",
        "NAZNACHENI": "земельный участок"
      }
    },
    {
      "type": "Feature",
      "geometry": {
        "type": "MultiPolygon",
        "coordinates": [
          [
            [
              [
                74.5703767,
                42.87827829
              ],
              [
                74.5703822,
                42.87832014
              ],
              [
                74.57072851,
                42.8782994
              ],
              [
                74.57091466,
                42.87829152
              ],
              [
                74.57091061,
                42.87817655
              ],
              [
                74.57072558,
                42.87818572
              ],
              [
                74.57072915,
                42.87826083
              ],
              [
                74.5703767,
                42.87827829
              ]
            ]
          ]
        ]
      },
      "properties": {
        "PROPCODE": "1-01-02-0011-0873",
        "DOMCODE": "37/1",
        "NAZNACHENI": "земельный участок"
      }
    },
    {
      "type": "Feature",
      "geometry": {
        "type": "MultiPolygon",
        "coordinates": [
          [
            [
              [
                74.5686748,
                42.87733847
              ],
              [
                74.56922458,
                42.87731849
              ],
              [
                74.56907084,
                42.87722336
              ],
              [
                74.56898618,
                42.87714755
              ],
              [
                74.56890826,
                42.87706681
              ],
              [
                74.56886738,
                42.87700636
              ],
              [
                74.56886147,
                42.87693144
              ],
              [
                74.56888609,
                42.87676503
              ],
              [
                74.56895973,
                42.87667282
              ],
              [
                74.56908788,
                42.87658261
              ],
              [
                74.56927538,
                42.87650024
              ],
              [
                74.56954294,
                42.87631989
              ],
              [
                74.56967443,
                42.87641445
              ],
              [
                74.56983287,
                42.87639622
              ],
              [
                74.56982331,
                42.87626404
              ],
              [
                74.56859174,
                42.87632197
              ],
              [
                74.5686748,
                42.87733847
              ]
            ]
          ]
        ]
      },
      "properties": {
        "PROPCODE": "1-01-02-0011-0064",
        "DOMCODE": "400",
        "NAZNACHENI": "земельный участок"
      }
    },
    {
      "type": "Feature",
      "geometry": {
        "type": "MultiPolygon",
        "coordinates": [
          [
            [
              [
                74.56999559,
                42.87784581
              ],
              [
                74.57002029,
                42.87784581
              ],
              [
                74.57001504,
                42.8776926
              ],
              [
                74.5699915,
                42.87769315
              ],
              [
                74.56999559,
                42.87784609
              ],
              [
                74.56999559,
                42.87784581
              ]
            ]
          ]
        ]
      },
      "properties": {
        "PROPCODE": "1-01-02-0011-0925",
        "DOMCODE": "283",
        "NAZNACHENI": "земельный участок"
      }
    },
    {
      "type": "Feature",
      "geometry": {
        "type": "MultiPolygon",
        "coordinates": [
          [
            [
              [
                74.56954898,
                42.87760289
              ],
              [
                74.56955166,
                42.87774733
              ],
              [
                74.56955166,
                42.87774733
              ],
              [
                74.56968872,
                42.87774537
              ],
              [
                74.56968927,
                42.87771477
              ],
              [
                74.56965071,
                42.87771481
              ],
              [
                74.56965076,
                42.8776536
              ],
              [
                74.56965872,
                42.8776535
              ],
              [
                74.56965852,
                42.87760097
              ],
              [
                74.56954898,
                42.87760289
              ]
            ]
          ]
        ]
      },
      "properties": {
        "PROPCODE": "1-01-02-0011-1006",
        "DOMCODE": "515",
        "NAZNACHENI": "земельный участок"
      }
    },
    {
      "type": "Feature",
      "geometry": {
        "type": "MultiPolygon",
        "coordinates": [
          [
            [
              [
                74.57321431,
                42.87745838
              ],
              [
                74.57310701,
                42.87746525
              ],
              [
                74.57311999,
                42.87767695
              ],
              [
                74.57321904,
                42.87767531
              ],
              [
                74.57321971,
                42.87770058
              ],
              [
                74.57336736,
                42.87769823
              ],
              [
                74.5733663,
                42.87781585
              ],
              [
                74.5733689,
                42.877821
              ],
              [
                74.57340805,
                42.87782156
              ],
              [
                74.57340943,
                42.87785427
              ],
              [
                74.57433593,
                42.87785102
              ],
              [
                74.57432923,
                42.87761216
              ],
              [
                74.57434967,
                42.87760214
              ],
              [
                74.57434291,
                42.87746684
              ],
              [
                74.57429977,
                42.87746517
              ],
              [
                74.57430206,
                42.87741339
              ],
              [
                74.57321431,
                42.87745838
              ]
            ]
          ]
        ]
      },
      "properties": {
        "PROPCODE": "1-01-02-0011-0306",
        "DOMCODE": "499",
        "NAZNACHENI": "земельный участок"
      }
    },
    {
      "type": "Feature",
      "geometry": {
        "type": "MultiPolygon",
        "coordinates": [
          [
            [
              [
                74.57194899,
                42.87716546
              ],
              [
                74.57240349,
                42.87715238
              ],
              [
                74.57240586,
                42.87716901
              ],
              [
                74.57248558,
                42.87716464
              ],
              [
                74.57248677,
                42.87714714
              ],
              [
                74.57280326,
                42.87713405
              ],
              [
                74.57278906,
                42.87695726
              ],
              [
                74.57274505,
                42.8769485
              ],
              [
                74.57274505,
                42.87694763
              ],
              [
                74.5727332,
                42.87684261
              ],
              [
                74.57223705,
                42.87687669
              ],
              [
                74.57208478,
                42.87683816
              ],
              [
                74.57192178,
                42.87684339
              ],
              [
                74.57194899,
                42.87716546
              ]
            ]
          ]
        ]
      },
      "properties": {
        "PROPCODE": "1-01-02-0011-0329",
        "DOMCODE": "394",
        "NAZNACHENI": "земельный участок"
      }
    },
    {
      "type": "Feature",
      "geometry": {
        "type": "MultiPolygon",
        "coordinates": [
          [
            [
              [
                74.57198724,
                42.87634845
              ],
              [
                74.57188295,
                42.876355
              ],
              [
                74.57189562,
                42.87644106
              ],
              [
                74.57200029,
                42.87643468
              ],
              [
                74.57198724,
                42.87634845
              ]
            ]
          ]
        ]
      },
      "properties": {
        "PROPCODE": "1-01-02-0011-0271",
        "DOMCODE": "33",
        "NAZNACHENI": "земельный участок"
      }
    },
    {
      "type": "Feature",
      "geometry": {
        "type": "MultiPolygon",
        "coordinates": [
          [
            [
              [
                74.57302963,
                42.87628711
              ],
              [
                74.57306521,
                42.87628642
              ],
              [
                74.57306281,
                42.87623155
              ],
              [
                74.5730268,
                42.8762314
              ],
              [
                74.57302963,
                42.87628711
              ]
            ]
          ]
        ]
      },
      "properties": {
        "PROPCODE": "1-01-02-0011-0068",
        "DOMCODE": "203",
        "NAZNACHENI": "земельный участок"
      }
    },
    {
      "type": "Feature",
      "geometry": {
        "type": "MultiPolygon",
        "coordinates": [
          [
            [
              [
                74.5726911,
                42.87617358
              ],
              [
                74.5726979,
                42.87630418
              ],
              [
                74.57279898,
                42.87630232
              ],
              [
                74.57279075,
                42.87616795
              ],
              [
                74.5726911,
                42.87617358
              ]
            ]
          ]
        ]
      },
      "properties": {
        "PROPCODE": "1-01-02-0011-0797",
        "DOMCODE": "203",
        "NAZNACHENI": "земельный участок"
      }
    },
    {
      "type": "Feature",
      "geometry": {
        "type": "MultiPolygon",
        "coordinates": [
          [
            [
              [
                74.57289127,
                42.8761862
              ],
              [
                74.57289776,
                42.8762915
              ],
              [
                74.57302976,
                42.87628711
              ],
              [
                74.5730272,
                42.87623776
              ],
              [
                74.57306282,
                42.87623695
              ],
              [
                74.57306521,
                42.87628639
              ],
              [
                74.57339951,
                42.87627642
              ],
              [
                74.57339493,
                42.87618463
              ],
              [
                74.57305968,
                42.87619219
              ],
              [
                74.57306235,
                42.87623095
              ],
              [
                74.57302256,
                42.87623189
              ],
              [
                74.57302151,
                42.8761849
              ],
              [
                74.57289127,
                42.8761862
              ]
            ]
          ]
        ]
      },
      "properties": {
        "PROPCODE": "1-01-02-0011-0469",
        "DOMCODE": "203",
        "NAZNACHENI": "земельный участок"
      }
    },
    {
      "type": "Feature",
      "geometry": {
        "type": "MultiPolygon",
        "coordinates": [
          [
            [
              [
                74.57195878,
                42.87648865
              ],
              [
                74.57188812,
                42.87649368
              ],
              [
                74.5719137,
                42.8766494
              ],
              [
                74.57198372,
                42.87664458
              ],
              [
                74.57195878,
                42.87648865
              ]
            ]
          ]
        ]
      },
      "properties": {
        "PROPCODE": "1-01-02-0011-0835",
        "DOMCODE": "б/н",
        "NAZNACHENI": "земельный участок"
      }
    },
    {
      "type": "Feature",
      "geometry": {
        "type": "MultiPolygon",
        "coordinates": [
          [
            [
              [
                74.57256083,
                42.87587566
              ],
              [
                74.57333072,
                42.87584429
              ],
              [
                74.57330353,
                42.87549019
              ],
              [
                74.57287592,
                42.87550886
              ],
              [
                74.57287756,
                42.87553133
              ],
              [
                74.57282869,
                42.87553343
              ],
              [
                74.57282601,
                42.87550199
              ],
              [
                74.57262464,
                42.87551319
              ],
              [
                74.57249431,
                42.87561037
              ],
              [
                74.57250639,
                42.87584875
              ],
              [
                74.57255896,
                42.87584689
              ],
              [
                74.57256083,
                42.87587566
              ]
            ]
          ]
        ]
      },
      "properties": {
        "PROPCODE": "1-01-02-0011-0327",
        "DOMCODE": "250",
        "NAZNACHENI": "земельный участок"
      }
    },
    {
      "type": "Feature",
      "geometry": {
        "type": "MultiPolygon",
        "coordinates": [
          [
            [
              [
                74.57341732,
                42.87587988
              ],
              [
                74.57355713,
                42.87587328
              ],
              [
                74.57355341,
                42.87583771
              ],
              [
                74.57341338,
                42.87584436
              ],
              [
                74.57341732,
                42.87587988
              ]
            ]
          ]
        ]
      },
      "properties": {
        "PROPCODE": "1-01-02-0011-0882",
        "DOMCODE": "248",
        "NAZNACHENI": "земельный участок"
      }
    },
    {
      "type": "Feature",
      "geometry": {
        "type": "MultiPolygon",
        "coordinates": [
          [
            [
              [
                74.57161491,
                42.87774054
              ],
              [
                74.57160211,
                42.87765001
              ],
              [
                74.57123701,
                42.87766504
              ],
              [
                74.57123684,
                42.87765334
              ],
              [
                74.57109977,
                42.8776576
              ],
              [
                74.57111589,
                42.87778292
              ],
              [
                74.57161491,
                42.87774054
              ],
              [
                74.57161491,
                42.87774054
              ]
            ]
          ]
        ]
      },
      "properties": {
        "PROPCODE": "1-01-02-0011-0904",
        "DOMCODE": "44а",
        "NAZNACHENI": "земельный участок"
      }
    },
    {
      "type": "Feature",
      "geometry": {
        "type": "MultiPolygon",
        "coordinates": [
          [
            [
              [
                74.57265783,
                42.87587192
              ],
              [
                74.57296899,
                42.87585897
              ],
              [
                74.57265739,
                42.87587192
              ],
              [
                74.57296899,
                42.87585897
              ],
              [
                74.57297278,
                42.87591471
              ],
              [
                74.57266118,
                42.87592767
              ],
              [
                74.57265783,
                42.87587192
              ]
            ]
          ]
        ]
      },
      "properties": {
        "PROPCODE": "1-01-02-0011-0988",
        "DOMCODE": "250",
        "NAZNACHENI": "земельный участок"
      }
    },
    {
      "type": "Feature",
      "geometry": {
        "type": "MultiPolygon",
        "coordinates": [
          [
            [
              [
                74.57339728,
                42.87623481
              ],
              [
                74.57345082,
                42.87623243
              ],
              [
                74.57345007,
                42.87616934
              ],
              [
                74.57339469,
                42.87617113
              ],
              [
                74.57339728,
                42.87623481
              ]
            ]
          ]
        ]
      },
      "properties": {
        "PROPCODE": "1-01-02-0011-0069",
        "DOMCODE": "203",
        "NAZNACHENI": "земельный участок"
      }
    },
    {
      "type": "Feature",
      "geometry": {
        "type": "MultiPolygon",
        "coordinates": [
          [
            [
              [
                74.57320112,
                42.87745932
              ],
              [
                74.57334165,
                42.87745353
              ],
              [
                74.57334115,
                42.87743553
              ],
              [
                74.57320054,
                42.87744017
              ],
              [
                74.57320193,
                42.87745812
              ],
              [
                74.57320193,
                42.87745812
              ],
              [
                74.57320112,
                42.87745932
              ]
            ]
          ]
        ]
      },
      "properties": {
        "PROPCODE": "1-01-02-0011-0995",
        "DOMCODE": "499",
        "NAZNACHENI": "земельный участок"
      }
    },
    {
      "type": "Feature",
      "geometry": {
        "type": "MultiPolygon",
        "coordinates": [
          [
            [
              [
                74.57186235,
                42.87625816
              ],
              [
                74.57219121,
                42.87623427
              ],
              [
                74.57218709,
                42.87620472
              ],
              [
                74.57185823,
                42.87622861
              ],
              [
                74.57186235,
                42.87625816
              ]
            ]
          ]
        ]
      },
      "properties": {
        "PROPCODE": "1-01-02-0011-0996",
        "DOMCODE": "33",
        "NAZNACHENI": "земельный участок"
      }
    },
    {
      "type": "Feature",
      "geometry": {
        "type": "MultiPolygon",
        "coordinates": [
          [
            [
              [
                74.5715524,
                42.87705058
              ],
              [
                74.57191661,
                42.87703628
              ],
              [
                74.57197957,
                42.87761955
              ],
              [
                74.57161535,
                42.87763385
              ],
              [
                74.5715524,
                42.87705058
              ],
              [
                74.5715524,
                42.87705058
              ]
            ]
          ]
        ]
      },
      "properties": {
        "PROPCODE": "1-01-02-0011-1017",
        "DOMCODE": "",
        "NAZNACHENI": "земельный участок"
      }
    },
    {
      "type": "Feature",
      "geometry": {
        "type": "MultiPolygon",
        "coordinates": [
          [
            [
              [
                74.57111212,
                42.87752546
              ],
              [
                74.57111182,
                42.87752547
              ],
              [
                74.57111214,
                42.87752559
              ],
              [
                74.57111212,
                42.87752546
              ]
            ]
          ],
          [
            [
              [
                74.57111212,
                42.87752546
              ],
              [
                74.5713749,
                42.8775151
              ],
              [
                74.57137364,
                42.87750267
              ],
              [
                74.57111087,
                42.87751293
              ],
              [
                74.57111212,
                42.87752546
              ]
            ]
          ]
        ]
      },
      "properties": {
        "PROPCODE": "1-01-02-0011-1039",
        "DOMCODE": "503",
        "NAZNACHENI": "земельный участок"
      }
    },
    {
      "type": "Feature",
      "geometry": {
        "type": "MultiPolygon",
        "coordinates": [
          [
            [
              [
                74.5678766,
                42.87389292
              ],
              [
                74.56782383,
                42.87396177
              ],
              [
                74.56785294,
                42.87397096
              ],
              [
                74.56781547,
                42.87402451
              ],
              [
                74.56784667,
                42.87403828
              ],
              [
                74.56789038,
                42.87398014
              ],
              [
                74.56786127,
                42.87396637
              ],
              [
                74.56790759,
                42.8739064
              ],
              [
                74.5678766,
                42.87389292
              ]
            ]
          ]
        ]
      },
      "properties": {
        "PROPCODE": "1-01-02-0011-0046",
        "DOMCODE": "б/н",
        "NAZNACHENI": "земельный участок"
      }
    },
    {
      "type": "Feature",
      "geometry": {
        "type": "MultiPolygon",
        "coordinates": [
          [
            [
              [
                74.56807523,
                42.87541973
              ],
              [
                74.56804006,
                42.87540765
              ],
              [
                74.5679544,
                42.87541358
              ],
              [
                74.56795918,
                42.87554198
              ],
              [
                74.5681399,
                42.87553964
              ],
              [
                74.56807523,
                42.87541973
              ]
            ]
          ]
        ]
      },
      "properties": {
        "PROPCODE": "1-01-02-0011-0325",
        "DOMCODE": "4/1",
        "NAZNACHENI": "земельный участок"
      }
    },
    {
      "type": "Feature",
      "geometry": {
        "type": "MultiPolygon",
        "coordinates": [
          [
            [
              [
                74.56801651,
                42.87489841
              ],
              [
                74.56822882,
                42.87533172
              ],
              [
                74.56843969,
                42.8753234
              ],
              [
                74.56841149,
                42.87481657
              ],
              [
                74.56844316,
                42.87481583
              ],
              [
                74.56842471,
                42.87474301
              ],
              [
                74.56843959,
                42.87470776
              ],
              [
                74.56847534,
                42.87460861
              ],
              [
                74.56855028,
                42.87453028
              ],
              [
                74.56860595,
                42.8745125
              ],
              [
                74.5691246,
                42.87395951
              ],
              [
                74.56900656,
                42.87389099
              ],
              [
                74.56801651,
                42.87489841
              ]
            ]
          ]
        ]
      },
      "properties": {
        "PROPCODE": "1-01-02-0011-0795",
        "DOMCODE": "17",
        "NAZNACHENI": "земельный участок"
      }
    },
    {
      "type": "Feature",
      "geometry": {
        "type": "MultiPolygon",
        "coordinates": [
          [
            [
              [
                74.56792921,
                42.87471593
              ],
              [
                74.56794637,
                42.87476662
              ],
              [
                74.5684368,
                42.87425406
              ],
              [
                74.569033,
                42.87359441
              ],
              [
                74.56860401,
                42.87337436
              ],
              [
                74.56843417,
                42.87367574
              ],
              [
                74.56859862,
                42.8734864
              ],
              [
                74.56892203,
                42.87365028
              ],
              [
                74.56792921,
                42.87471593
              ]
            ]
          ]
        ]
      },
      "properties": {
        "PROPCODE": "1-01-02-0011-0907",
        "DOMCODE": "13/1",
        "NAZNACHENI": "земельный участок"
      }
    },
    {
      "type": "Feature",
      "geometry": {
        "type": "MultiPolygon",
        "coordinates": [
          [
            [
              [
                74.56849002,
                42.87541182
              ],
              [
                74.56849068,
                42.87539472
              ],
              [
                74.5683787,
                42.87539591
              ],
              [
                74.56840007,
                42.87580474
              ],
              [
                74.56851196,
                42.87580134
              ],
              [
                74.56851292,
                42.8757703
              ],
              [
                74.5684123,
                42.87577286
              ],
              [
                74.56839211,
                42.8754122
              ],
              [
                74.56849002,
                42.87541182
              ]
            ]
          ]
        ]
      },
      "properties": {
        "PROPCODE": "1-01-02-0011-1005",
        "DOMCODE": "17/1",
        "NAZNACHENI": "земельный участок"
      }
    },
    {
      "type": "Feature",
      "geometry": {
        "type": "MultiPolygon",
        "coordinates": [
          [
            [
              [
                74.56581972,
                42.87559448
              ],
              [
                74.56583294,
                42.87550898
              ],
              [
                74.56605933,
                42.87550601
              ],
              [
                74.56606245,
                42.87553396
              ],
              [
                74.56640588,
                42.8755302
              ],
              [
                74.56652476,
                42.8755902
              ],
              [
                74.56647647,
                42.87563581
              ],
              [
                74.56602829,
                42.87564433
              ],
              [
                74.56602789,
                42.87562461
              ],
              [
                74.56581972,
                42.87559448
              ],
              [
                74.56581972,
                42.87559448
              ]
            ]
          ]
        ]
      },
      "properties": {
        "PROPCODE": "1-01-02-0011-1023",
        "DOMCODE": "",
        "NAZNACHENI": "земельный участок"
      }
    },
    {
      "type": "Feature",
      "geometry": {
        "type": "MultiPolygon",
        "coordinates": [
          [
            [
              [
                74.56603897,
                42.87523997
              ],
              [
                74.56585048,
                42.87523373
              ],
              [
                74.56591219,
                42.87502571
              ],
              [
                74.56603131,
                42.87495093
              ],
              [
                74.56742704,
                42.87447501
              ],
              [
                74.5675513,
                42.87450681
              ],
              [
                74.56757102,
                42.87454781
              ],
              [
                74.5670088,
                42.87507017
              ],
              [
                74.56602767,
                42.87509009
              ],
              [
                74.56603897,
                42.87523997
              ],
              [
                74.56603897,
                42.87523997
              ]
            ]
          ]
        ]
      },
      "properties": {
        "PROPCODE": "1-01-02-0011-1022",
        "DOMCODE": "",
        "NAZNACHENI": "земельный участок"
      }
    },
    {
      "type": "Feature",
      "geometry": {
        "type": "MultiPolygon",
        "coordinates": [
          [
            [
              [
                74.57074914,
                42.87512222
              ],
              [
                74.57074933,
                42.87517776
              ],
              [
                74.57080635,
                42.87517507
              ],
              [
                74.57080657,
                42.87512055
              ],
              [
                74.57074914,
                42.87512222
              ]
            ]
          ],
          [
            [
              [
                74.57062084,
                42.87535528
              ],
              [
                74.57062035,
                42.87538964
              ],
              [
                74.57064335,
                42.87538939
              ],
              [
                74.57064483,
                42.87535603
              ],
              [
                74.57062084,
                42.87535528
              ]
            ]
          ]
        ]
      },
      "properties": {
        "PROPCODE": "1-01-02-0011-0211",
        "DOMCODE": "б/н",
        "NAZNACHENI": "земельный участок"
      }
    },
    {
      "type": "Feature",
      "geometry": {
        "type": "MultiPolygon",
        "coordinates": [
          [
            [
              [
                74.56908918,
                42.87441265
              ],
              [
                74.56907079,
                42.87441324
              ],
              [
                74.56907794,
                42.87450973
              ],
              [
                74.56924432,
                42.87450387
              ],
              [
                74.56923477,
                42.87440679
              ],
              [
                74.56921773,
                42.87440651
              ],
              [
                74.56922147,
                42.87449096
              ],
              [
                74.56909794,
                42.87449503
              ],
              [
                74.56908918,
                42.87441265
              ]
            ]
          ]
        ]
      },
      "properties": {
        "PROPCODE": "1-01-02-0011-0826",
        "DOMCODE": "15/2",
        "NAZNACHENI": "земельный участок"
      }
    },
    {
      "type": "Feature",
      "geometry": {
        "type": "MultiPolygon",
        "coordinates": [
          [
            [
              [
                74.57008131,
                42.87406851
              ],
              [
                74.57014095,
                42.87406301
              ],
              [
                74.57013317,
                42.87393418
              ],
              [
                74.5700732,
                42.87393818
              ],
              [
                74.57008131,
                42.87406851
              ]
            ]
          ]
        ]
      },
      "properties": {
        "PROPCODE": "1-01-02-0011-0045",
        "DOMCODE": "259/10",
        "NAZNACHENI": "земельный участок"
      }
    },
    {
      "type": "Feature",
      "geometry": {
        "type": "MultiPolygon",
        "coordinates": [
          [
            [
              [
                74.56940339,
                42.87523724
              ],
              [
                74.56961511,
                42.87522147
              ],
              [
                74.56960615,
                42.87506412
              ],
              [
                74.5693912,
                42.87507925
              ],
              [
                74.56940339,
                42.87523724
              ]
            ]
          ]
        ]
      },
      "properties": {
        "PROPCODE": "1-01-02-0011-0073",
        "DOMCODE": "20",
        "NAZNACHENI": "земельный участок"
      }
    },
    {
      "type": "Feature",
      "geometry": {
        "type": "MultiPolygon",
        "coordinates": [
          [
            [
              [
                74.56967955,
                42.87521696
              ],
              [
                74.57007843,
                42.87519445
              ],
              [
                74.57006317,
                42.87503194
              ],
              [
                74.56991248,
                42.8750422
              ],
              [
                74.56966742,
                42.87505981
              ],
              [
                74.56967955,
                42.87521696
              ]
            ]
          ]
        ]
      },
      "properties": {
        "PROPCODE": "1-01-02-0011-0074",
        "DOMCODE": "20",
        "NAZNACHENI": "земельный участок"
      }
    },
    {
      "type": "Feature",
      "geometry": {
        "type": "MultiPolygon",
        "coordinates": [
          [
            [
              [
                74.57009991,
                42.87518994
              ],
              [
                74.57014286,
                42.87518543
              ],
              [
                74.57013067,
                42.8750297
              ],
              [
                74.57009078,
                42.87503195
              ],
              [
                74.57009991,
                42.87518994
              ]
            ]
          ]
        ]
      },
      "properties": {
        "PROPCODE": "1-01-02-0011-0075",
        "DOMCODE": "20",
        "NAZNACHENI": "земельный участок"
      }
    },
    {
      "type": "Feature",
      "geometry": {
        "type": "MultiPolygon",
        "coordinates": [
          [
            [
              [
                74.57079723,
                42.87555436
              ],
              [
                74.57085676,
                42.87558865
              ],
              [
                74.57106539,
                42.87558269
              ],
              [
                74.57106595,
                42.87556199
              ],
              [
                74.57106503,
                42.87557208
              ],
              [
                74.57103396,
                42.8755718
              ],
              [
                74.57103395,
                42.87557588
              ],
              [
                74.57093038,
                42.87557587
              ],
              [
                74.57093104,
                42.8755606
              ],
              [
                74.57088082,
                42.87556008
              ],
              [
                74.57084126,
                42.8755345
              ],
              [
                74.57082101,
                42.87551852
              ],
              [
                74.57079032,
                42.87555043
              ],
              [
                74.57079723,
                42.87555436
              ]
            ]
          ]
        ]
      },
      "properties": {
        "PROPCODE": "1-01-02-0011-0198",
        "DOMCODE": "б/н",
        "NAZNACHENI": "земельный участок"
      }
    },
    {
      "type": "Feature",
      "geometry": {
        "type": "MultiPolygon",
        "coordinates": [
          [
            [
              [
                74.57079032,
                42.87555043
              ],
              [
                74.57082101,
                42.87551852
              ],
              [
                74.57082092,
                42.87551845
              ],
              [
                74.57074082,
                42.87550727
              ],
              [
                74.57073214,
                42.87551735
              ],
              [
                74.57079032,
                42.87555043
              ]
            ]
          ]
        ]
      },
      "properties": {
        "PROPCODE": "1-01-02-0011-0196",
        "DOMCODE": "б/н",
        "NAZNACHENI": "земельный участок"
      }
    },
    {
      "type": "Feature",
      "geometry": {
        "type": "MultiPolygon",
        "coordinates": [
          [
            [
              [
                74.57093104,
                42.8755606
              ],
              [
                74.57093038,
                42.87557587
              ],
              [
                74.57103395,
                42.87557588
              ],
              [
                74.57103396,
                42.8755718
              ],
              [
                74.57106503,
                42.87557208
              ],
              [
                74.57106595,
                42.87556199
              ],
              [
                74.57094386,
                42.87556073
              ],
              [
                74.57093104,
                42.8755606
              ]
            ]
          ]
        ]
      },
      "properties": {
        "PROPCODE": "1-01-02-0011-0197",
        "DOMCODE": "б/н",
        "NAZNACHENI": "земельный участок"
      }
    },
    {
      "type": "Feature",
      "geometry": {
        "type": "MultiPolygon",
        "coordinates": [
          [
            [
              [
                74.56921288,
                42.87539784
              ],
              [
                74.56918613,
                42.87539655
              ],
              [
                74.56918385,
                42.87537223
              ],
              [
                74.56910066,
                42.87537302
              ],
              [
                74.56910063,
                42.87543204
              ],
              [
                74.56921286,
                42.87543334
              ],
              [
                74.56921288,
                42.87539784
              ]
            ]
          ]
        ]
      },
      "properties": {
        "PROPCODE": "1-01-02-0011-0709",
        "DOMCODE": "233/3",
        "NAZNACHENI": "земельный участок"
      }
    },
    {
      "type": "Feature",
      "geometry": {
        "type": "MultiPolygon",
        "coordinates": [
          [
            [
              [
                74.57018122,
                42.87490406
              ],
              [
                74.5702022,
                42.87514833
              ],
              [
                74.57042104,
                42.87514081
              ],
              [
                74.57042359,
                42.87517226
              ],
              [
                74.57072429,
                42.87515665
              ],
              [
                74.57071887,
                42.8751064
              ],
              [
                74.57077994,
                42.87510926
              ],
              [
                74.57078066,
                42.87504985
              ],
              [
                74.57094847,
                42.87505636
              ],
              [
                74.5709374,
                42.87482543
              ],
              [
                74.57070489,
                42.87482848
              ],
              [
                74.57070514,
                42.87488417
              ],
              [
                74.57018122,
                42.87490406
              ]
            ]
          ]
        ]
      },
      "properties": {
        "PROPCODE": "1-01-02-0011-0313",
        "DOMCODE": "36/1",
        "NAZNACHENI": "земельный участок"
      }
    },
    {
      "type": "Feature",
      "geometry": {
        "type": "MultiPolygon",
        "coordinates": [
          [
            [
              [
                74.56894001,
                42.87422057
              ],
              [
                74.56901623,
                42.87421254
              ],
              [
                74.56899207,
                42.87416048
              ],
              [
                74.56894876,
                42.87414378
              ],
              [
                74.56893854,
                42.874155
              ],
              [
                74.56894001,
                42.87422057
              ]
            ]
          ]
        ]
      },
      "properties": {
        "PROPCODE": "1-01-02-0011-0262",
        "DOMCODE": "259а",
        "NAZNACHENI": "земельный участок"
      }
    },
    {
      "type": "Feature",
      "geometry": {
        "type": "MultiPolygon",
        "coordinates": [
          [
            [
              [
                74.57084573,
                42.87430088
              ],
              [
                74.57026879,
                42.87433074
              ],
              [
                74.57027371,
                42.87439339
              ],
              [
                74.57034739,
                42.87438856
              ],
              [
                74.57094925,
                42.87435804
              ],
              [
                74.57095237,
                42.87439425
              ],
              [
                74.57117188,
                42.87438417
              ],
              [
                74.57117189,
                42.87436316
              ],
              [
                74.57126454,
                42.8743611
              ],
              [
                74.57125846,
                42.87432676
              ],
              [
                74.57114425,
                42.87433054
              ],
              [
                74.57114143,
                42.87428072
              ],
              [
                74.57084573,
                42.87430088
              ]
            ]
          ]
        ]
      },
      "properties": {
        "PROPCODE": "1-01-02-0011-0298",
        "DOMCODE": "257",
        "NAZNACHENI": "земельный участок"
      }
    },
    {
      "type": "Feature",
      "geometry": {
        "type": "MultiPolygon",
        "coordinates": [
          [
            [
              [
                74.5693697,
                42.87487869
              ],
              [
                74.5693912,
                42.87507925
              ],
              [
                74.56956921,
                42.8750637
              ],
              [
                74.56966735,
                42.87505898
              ],
              [
                74.57006317,
                42.87503194
              ],
              [
                74.57003305,
                42.87483943
              ],
              [
                74.5693697,
                42.87487869
              ]
            ]
          ]
        ]
      },
      "properties": {
        "PROPCODE": "1-01-02-0011-0888",
        "DOMCODE": "20",
        "NAZNACHENI": "земельный участок"
      }
    },
    {
      "type": "Feature",
      "geometry": {
        "type": "MultiPolygon",
        "coordinates": [
          [
            [
              [
                74.56935021,
                42.87469689
              ],
              [
                74.5693697,
                42.87487869
              ],
              [
                74.57003305,
                42.87483943
              ],
              [
                74.57000465,
                42.87465789
              ],
              [
                74.56935021,
                42.87469689
              ]
            ]
          ]
        ]
      },
      "properties": {
        "PROPCODE": "1-01-02-0011-0889",
        "DOMCODE": "20",
        "NAZNACHENI": "земельный участок"
      }
    },
    {
      "type": "Feature",
      "geometry": {
        "type": "MultiPolygon",
        "coordinates": [
          [
            [
              [
                74.56997702,
                42.87448128
              ],
              [
                74.56994024,
                42.87448376
              ],
              [
                74.56933014,
                42.87450966
              ],
              [
                74.56935021,
                42.87469689
              ],
              [
                74.57000465,
                42.87465789
              ],
              [
                74.56997702,
                42.87448128
              ]
            ]
          ]
        ]
      },
      "properties": {
        "PROPCODE": "1-01-02-0011-0890",
        "DOMCODE": "20",
        "NAZNACHENI": "земельный участок"
      }
    },
    {
      "type": "Feature",
      "geometry": {
        "type": "MultiPolygon",
        "coordinates": [
          [
            [
              [
                74.57008773,
                42.87500035
              ],
              [
                74.57012455,
                42.8749981
              ],
              [
                74.57011542,
                42.87484011
              ],
              [
                74.57008167,
                42.87484236
              ],
              [
                74.57008773,
                42.87500035
              ]
            ]
          ]
        ]
      },
      "properties": {
        "PROPCODE": "1-01-02-0011-0076",
        "DOMCODE": "20",
        "NAZNACHENI": "земельный участок"
      }
    },
    {
      "type": "Feature",
      "geometry": {
        "type": "MultiPolygon",
        "coordinates": [
          [
            [
              [
                74.57006635,
                42.87481076
              ],
              [
                74.57010316,
                42.87481077
              ],
              [
                74.57008176,
                42.87465955
              ],
              [
                74.57005108,
                42.87466406
              ],
              [
                74.57006635,
                42.87481076
              ]
            ]
          ]
        ]
      },
      "properties": {
        "PROPCODE": "1-01-02-0011-0077",
        "DOMCODE": "20",
        "NAZNACHENI": "земельный участок"
      }
    },
    {
      "type": "Feature",
      "geometry": {
        "type": "MultiPolygon",
        "coordinates": [
          [
            [
              [
                74.57113451,
                42.87302071
              ],
              [
                74.57113451,
                42.87302071
              ],
              [
                74.57116922,
                42.87350079
              ],
              [
                74.57113451,
                42.87302071
              ]
            ]
          ],
          [
            [
              [
                74.57113451,
                42.87302071
              ],
              [
                74.57109075,
                42.87241143
              ],
              [
                74.57089268,
                42.87241153
              ],
              [
                74.57077842,
                42.87241999
              ],
              [
                74.57078275,
                42.87302233
              ],
              [
                74.57113441,
                42.87301933
              ],
              [
                74.57113451,
                42.87302071
              ]
            ]
          ],
          [
            [
              [
                74.56988495,
                42.87355028
              ],
              [
                74.56955108,
                42.87333222
              ],
              [
                74.56952476,
                42.87355642
              ],
              [
                74.56988572,
                42.87355079
              ],
              [
                74.56988495,
                42.87355028
              ]
            ]
          ]
        ]
      },
      "properties": {
        "PROPCODE": "1-01-02-0011-0118",
        "DOMCODE": "256",
        "NAZNACHENI": "земельный участок"
      }
    },
    {
      "type": "Feature",
      "geometry": {
        "type": "MultiPolygon",
        "coordinates": [
          [
            [
              [
                74.57004496,
                42.87462343
              ],
              [
                74.57007258,
                42.87462344
              ],
              [
                74.57005118,
                42.87447222
              ],
              [
                74.57002816,
                42.87447447
              ],
              [
                74.57004496,
                42.87462343
              ]
            ]
          ]
        ]
      },
      "properties": {
        "PROPCODE": "1-01-02-0011-0078",
        "DOMCODE": "20",
        "NAZNACHENI": "земельный участок"
      }
    },
    {
      "type": "Feature",
      "geometry": {
        "type": "MultiPolygon",
        "coordinates": [
          [
            [
              [
                74.56882768,
                42.87483663
              ],
              [
                74.56885764,
                42.87483795
              ],
              [
                74.56901093,
                42.87484471
              ],
              [
                74.5689832,
                42.87490684
              ],
              [
                74.56894444,
                42.87490744
              ],
              [
                74.56894442,
                42.87493596
              ],
              [
                74.56898815,
                42.87493536
              ],
              [
                74.5689939,
                42.87496692
              ],
              [
                74.56903762,
                42.87496571
              ],
              [
                74.56903681,
                42.87493901
              ],
              [
                74.5690525,
                42.8749111
              ],
              [
                74.56910035,
                42.8749105
              ],
              [
                74.56910363,
                42.87493174
              ],
              [
                74.56913294,
                42.87492926
              ],
              [
                74.56915564,
                42.87492833
              ],
              [
                74.56914643,
                42.87485083
              ],
              [
                74.56913519,
                42.87466814
              ],
              [
                74.56901865,
                42.87467176
              ],
              [
                74.56901707,
                42.87468392
              ],
              [
                74.56883659,
                42.87469178
              ],
              [
                74.56883908,
                42.87475306
              ],
              [
                74.56882768,
                42.87483663
              ]
            ]
          ]
        ]
      },
      "properties": {
        "PROPCODE": "1-01-02-0011-0715",
        "DOMCODE": "15/1",
        "NAZNACHENI": "земельный участок"
      }
    },
    {
      "type": "Feature",
      "geometry": {
        "type": "MultiPolygon",
        "coordinates": [
          [
            [
              [
                74.57104324,
                42.87350704
              ],
              [
                74.56988203,
                42.87355039
              ],
              [
                74.56952476,
                42.87355642
              ],
              [
                74.56955108,
                42.87333222
              ],
              [
                74.56944951,
                42.87354383
              ],
              [
                74.5696593,
                42.87361332
              ],
              [
                74.57005671,
                42.8736011
              ],
              [
                74.57008351,
                42.87358398
              ],
              [
                74.57025218,
                42.87357859
              ],
              [
                74.57104565,
                42.87355201
              ],
              [
                74.57104324,
                42.87350704
              ]
            ]
          ]
        ]
      },
      "properties": {
        "PROPCODE": "1-01-02-0011-0966",
        "DOMCODE": "256",
        "NAZNACHENI": "земельный участок"
      }
    },
    {
      "type": "Feature",
      "geometry": {
        "type": "MultiPolygon",
        "coordinates": [
          [
            [
              [
                74.56913496,
                42.87392885
              ],
              [
                74.56947418,
                42.87392494
              ],
              [
                74.56947224,
                42.87383304
              ],
              [
                74.56932596,
                42.87374778
              ],
              [
                74.56913534,
                42.87392885
              ],
              [
                74.56913496,
                42.87392885
              ]
            ]
          ]
        ]
      },
      "properties": {
        "PROPCODE": "1-01-02-0011-1026",
        "DOMCODE": "259",
        "NAZNACHENI": "земельный участок"
      }
    },
    {
      "type": "Feature",
      "geometry": {
        "type": "MultiPolygon",
        "coordinates": [
          [
            [
              [
                74.57342355,
                42.87371845
              ],
              [
                74.57342628,
                42.8737494
              ],
              [
                74.57353203,
                42.8737452
              ],
              [
                74.57353066,
                42.87371517
              ],
              [
                74.57342355,
                42.87371845
              ]
            ]
          ]
        ]
      },
      "properties": {
        "PROPCODE": "1-01-02-0011-0794",
        "DOMCODE": "245",
        "NAZNACHENI": "земельный участок"
      }
    },
    {
      "type": "Feature",
      "geometry": {
        "type": "MultiPolygon",
        "coordinates": [
          [
            [
              [
                74.57130213,
                42.87569575
              ],
              [
                74.57140953,
                42.87569572
              ],
              [
                74.57139801,
                42.87561013
              ],
              [
                74.57130004,
                42.87560909
              ],
              [
                74.57130213,
                42.87569575
              ]
            ]
          ]
        ]
      },
      "properties": {
        "PROPCODE": "1-01-02-0011-0382",
        "DOMCODE": "36а",
        "NAZNACHENI": "земельный участок"
      }
    },
    {
      "type": "Feature",
      "geometry": {
        "type": "MultiPolygon",
        "coordinates": [
          [
            [
              [
                74.57208091,
                42.87413501
              ],
              [
                74.57210094,
                42.87435716
              ],
              [
                74.57219635,
                42.87435266
              ],
              [
                74.57218505,
                42.8741904
              ],
              [
                74.5721973,
                42.87418976
              ],
              [
                74.57219294,
                42.87412988
              ],
              [
                74.57208091,
                42.87413501
              ]
            ]
          ]
        ]
      },
      "properties": {
        "PROPCODE": "1-01-02-0011-0682",
        "DOMCODE": "б/н",
        "NAZNACHENI": "земельный участок"
      }
    },
    {
      "type": "Feature",
      "geometry": {
        "type": "MultiPolygon",
        "coordinates": [
          [
            [
              [
                74.57282417,
                42.87529834
              ],
              [
                74.5728274,
                42.87533885
              ],
              [
                74.57293109,
                42.87533093
              ],
              [
                74.57292894,
                42.8752904
              ],
              [
                74.57282417,
                42.87529834
              ]
            ]
          ]
        ]
      },
      "properties": {
        "PROPCODE": "1-01-02-0011-0679",
        "DOMCODE": "б/н",
        "NAZNACHENI": "земельный участок"
      }
    },
    {
      "type": "Feature",
      "geometry": {
        "type": "MultiPolygon",
        "coordinates": [
          [
            [
              [
                74.57210477,
                42.87440263
              ],
              [
                74.57211057,
                42.8745912
              ],
              [
                74.57230707,
                42.8745846
              ],
              [
                74.57230233,
                42.87444391
              ],
              [
                74.57244981,
                42.87444073
              ],
              [
                74.57244545,
                42.87428482
              ],
              [
                74.57270343,
                42.87427967
              ],
              [
                74.57269809,
                42.87414756
              ],
              [
                74.57222471,
                42.87415488
              ],
              [
                74.5722402,
                42.87440108
              ],
              [
                74.57210477,
                42.87440263
              ]
            ]
          ]
        ]
      },
      "properties": {
        "PROPCODE": "1-01-02-0011-0968",
        "DOMCODE": "23",
        "NAZNACHENI": "земельный участок"
      }
    },
    {
      "type": "Feature",
      "geometry": {
        "type": "MultiPolygon",
        "coordinates": [
          [
            [
              [
                74.57178903,
                42.87468907
              ],
              [
                74.57202666,
                42.87468153
              ],
              [
                74.57194999,
                42.87388117
              ],
              [
                74.57171653,
                42.87389133
              ],
              [
                74.57176146,
                42.87426402
              ],
              [
                74.57172369,
                42.87426581
              ],
              [
                74.57172936,
                42.8743196
              ],
              [
                74.57176553,
                42.87431929
              ],
              [
                74.57177525,
                42.87440441
              ],
              [
                74.57172824,
                42.87440709
              ],
              [
                74.57173313,
                42.87448364
              ],
              [
                74.57178135,
                42.87448362
              ],
              [
                74.57178301,
                42.8745451
              ],
              [
                74.57172515,
                42.87454749
              ],
              [
                74.57172844,
                42.87463557
              ],
              [
                74.57178872,
                42.87463495
              ],
              [
                74.57178903,
                42.87468907
              ]
            ]
          ]
        ]
      },
      "properties": {
        "PROPCODE": "1-01-02-0011-0338",
        "DOMCODE": "23",
        "NAZNACHENI": "земельный участок"
      }
    },
    {
      "type": "Feature",
      "geometry": {
        "type": "MultiPolygon",
        "coordinates": [
          [
            [
              [
                74.57283011,
                42.873724
              ],
              [
                74.57298784,
                42.87371901
              ],
              [
                74.57298585,
                42.87370069
              ],
              [
                74.5729332,
                42.87368879
              ],
              [
                74.57288915,
                42.87368956
              ],
              [
                74.57282954,
                42.8736997
              ],
              [
                74.57283011,
                42.873724
              ]
            ]
          ]
        ]
      },
      "properties": {
        "PROPCODE": "1-01-02-0011-0091",
        "DOMCODE": "247",
        "NAZNACHENI": "земельный участок"
      }
    },
    {
      "type": "Feature",
      "geometry": {
        "type": "MultiPolygon",
        "coordinates": [
          [
            [
              [
                74.57122626,
                42.87565455
              ],
              [
                74.57130086,
                42.87565456
              ],
              [
                74.57130146,
                42.8756097
              ],
              [
                74.57122724,
                42.87560941
              ],
              [
                74.57122626,
                42.87565455
              ]
            ]
          ]
        ]
      },
      "properties": {
        "PROPCODE": "1-01-02-0011-0767",
        "DOMCODE": "б/н",
        "NAZNACHENI": "земельный участок"
      }
    },
    {
      "type": "Feature",
      "geometry": {
        "type": "MultiPolygon",
        "coordinates": [
          [
            [
              [
                74.57133158,
                42.87576256
              ],
              [
                74.57123401,
                42.87576255
              ],
              [
                74.57123465,
                42.87580713
              ],
              [
                74.57125263,
                42.87581497
              ],
              [
                74.57133088,
                42.87581425
              ],
              [
                74.57133158,
                42.87576256
              ]
            ]
          ]
        ]
      },
      "properties": {
        "PROPCODE": "1-01-02-0011-0728",
        "DOMCODE": "бн",
        "NAZNACHENI": "земельный участок"
      }
    },
    {
      "type": "Feature",
      "geometry": {
        "type": "MultiPolygon",
        "coordinates": [
          [
            [
              [
                74.57349827,
                42.87514414
              ],
              [
                74.57346416,
                42.87514554
              ],
              [
                74.57346588,
                42.87517006
              ],
              [
                74.57348419,
                42.87516926
              ],
              [
                74.57348313,
                42.87516002
              ],
              [
                74.57349953,
                42.87515925
              ],
              [
                74.57349827,
                42.87514414
              ]
            ]
          ]
        ]
      },
      "properties": {
        "PROPCODE": "1-01-02-0011-0272",
        "DOMCODE": "207",
        "NAZNACHENI": "земельный участок"
      }
    },
    {
      "type": "Feature",
      "geometry": {
        "type": "MultiPolygon",
        "coordinates": [
          [
            [
              [
                74.5720086,
                42.87570064
              ],
              [
                74.57196919,
                42.87570216
              ],
              [
                74.57197222,
                42.87575824
              ],
              [
                74.5720126,
                42.87575626
              ],
              [
                74.5720086,
                42.87570064
              ]
            ]
          ]
        ]
      },
      "properties": {
        "PROPCODE": "1-01-02-0011-0273",
        "DOMCODE": "31",
        "NAZNACHENI": "земельный участок"
      }
    },
    {
      "type": "Feature",
      "geometry": {
        "type": "MultiPolygon",
        "coordinates": [
          [
            [
              [
                74.57169479,
                42.87501455
              ],
              [
                74.57176097,
                42.87500859
              ],
              [
                74.57175695,
                42.87496001
              ],
              [
                74.57169088,
                42.87496345
              ],
              [
                74.57169479,
                42.87501455
              ]
            ]
          ]
        ]
      },
      "properties": {
        "PROPCODE": "1-01-02-0011-0829",
        "DOMCODE": "29",
        "NAZNACHENI": "земельный участок"
      }
    },
    {
      "type": "Feature",
      "geometry": {
        "type": "MultiPolygon",
        "coordinates": [
          [
            [
              [
                74.57112971,
                42.87446018
              ],
              [
                74.57113583,
                42.87452735
              ],
              [
                74.57122169,
                42.87452867
              ],
              [
                74.57127522,
                42.87452802
              ],
              [
                74.57127051,
                42.87445413
              ],
              [
                74.57117857,
                42.8744575
              ],
              [
                74.57112971,
                42.87446018
              ]
            ]
          ]
        ]
      },
      "properties": {
        "PROPCODE": "1-01-02-0011-0093",
        "DOMCODE": "22",
        "NAZNACHENI": "земельный участок"
      }
    },
    {
      "type": "Feature",
      "geometry": {
        "type": "MultiPolygon",
        "coordinates": [
          [
            [
              [
                74.5735198,
                42.87487684
              ],
              [
                74.57299073,
                42.87489169
              ],
              [
                74.57299191,
                42.87493431
              ],
              [
                74.57246567,
                42.87494935
              ],
              [
                74.57248841,
                42.87522562
              ],
              [
                74.57290039,
                42.8752084
              ],
              [
                74.57293214,
                42.87527064
              ],
              [
                74.57293754,
                42.87535162
              ],
              [
                74.5733561,
                42.87533884
              ],
              [
                74.5733515,
                42.87526284
              ],
              [
                74.57349893,
                42.87520372
              ],
              [
                74.57354255,
                42.87516673
              ],
              [
                74.5735399,
                42.87516673
              ],
              [
                74.5735198,
                42.87487684
              ]
            ],
            [
              [
                74.57346588,
                42.87517006
              ],
              [
                74.57346416,
                42.87514554
              ],
              [
                74.57349827,
                42.87514414
              ],
              [
                74.57349953,
                42.87515925
              ],
              [
                74.57348313,
                42.87516002
              ],
              [
                74.57348419,
                42.87516926
              ],
              [
                74.57346588,
                42.87517006
              ]
            ]
          ]
        ]
      },
      "properties": {
        "PROPCODE": "1-01-02-0011-0011",
        "DOMCODE": "207",
        "NAZNACHENI": "земельный участок"
      }
    },
    {
      "type": "Feature",
      "geometry": {
        "type": "MultiPolygon",
        "coordinates": [
          [
            [
              [
                74.57129963,
                42.87476801
              ],
              [
                74.57124095,
                42.87476975
              ],
              [
                74.57122749,
                42.87457677
              ],
              [
                74.57128029,
                42.87457454
              ],
              [
                74.57129963,
                42.87476801
              ]
            ]
          ]
        ]
      },
      "properties": {
        "PROPCODE": "1-01-02-0011-0856",
        "DOMCODE": "22/2",
        "NAZNACHENI": "земельный участок"
      }
    },
    {
      "type": "Feature",
      "geometry": {
        "type": "MultiPolygon",
        "coordinates": [
          [
            [
              [
                74.57173558,
                42.87474596
              ],
              [
                74.57180828,
                42.87474277
              ],
              [
                74.57180541,
                42.87468863
              ],
              [
                74.57173212,
                42.87469201
              ],
              [
                74.57173558,
                42.87474596
              ]
            ]
          ]
        ]
      },
      "properties": {
        "PROPCODE": "1-01-02-0011-0903",
        "DOMCODE": "",
        "NAZNACHENI": "земельный участок"
      }
    },
    {
      "type": "Feature",
      "geometry": {
        "type": "MultiPolygon",
        "coordinates": [
          [
            [
              [
                74.57114444,
                42.87433067
              ],
              [
                74.57125828,
                42.87432663
              ],
              [
                74.57125368,
                42.8742756
              ],
              [
                74.57114137,
                42.87428071
              ],
              [
                74.57114444,
                42.87433067
              ]
            ]
          ]
        ]
      },
      "properties": {
        "PROPCODE": "1-01-02-0011-0893",
        "DOMCODE": "22/3",
        "NAZNACHENI": "земельный участок"
      }
    },
    {
      "type": "Feature",
      "geometry": {
        "type": "MultiPolygon",
        "coordinates": [
          [
            [
              [
                74.57129804,
                42.87557349
              ],
              [
                74.57139736,
                42.87557403
              ],
              [
                74.57139087,
                42.87549808
              ],
              [
                74.57129409,
                42.87549825
              ],
              [
                74.57129804,
                42.87557349
              ]
            ]
          ]
        ]
      },
      "properties": {
        "PROPCODE": "1-01-02-0011-0314",
        "DOMCODE": "38",
        "NAZNACHENI": "земельный участок"
      }
    },
    {
      "type": "Feature",
      "geometry": {
        "type": "MultiPolygon",
        "coordinates": [
          [
            [
              [
                74.5734138,
                42.875844
              ],
              [
                74.57390553,
                42.87582445
              ],
              [
                74.57389292,
                42.8756294
              ],
              [
                74.57337909,
                42.87564591
              ],
              [
                74.57338687,
                42.87584553
              ],
              [
                74.5734138,
                42.875844
              ]
            ]
          ]
        ]
      },
      "properties": {
        "PROPCODE": "1-01-02-0011-0394",
        "DOMCODE": "248",
        "NAZNACHENI": "земельный участок"
      }
    },
    {
      "type": "Feature",
      "geometry": {
        "type": "MultiPolygon",
        "coordinates": [
          [
            [
              [
                74.57209849,
                42.87523699
              ],
              [
                74.5724026,
                42.87522995
              ],
              [
                74.57238913,
                42.8749263
              ],
              [
                74.57208615,
                42.87493061
              ],
              [
                74.57209849,
                42.87523699
              ]
            ]
          ]
        ]
      },
      "properties": {
        "PROPCODE": "1-01-02-0011-0392",
        "DOMCODE": "29а",
        "NAZNACHENI": "земельный участок"
      }
    },
    {
      "type": "Feature",
      "geometry": {
        "type": "MultiPolygon",
        "coordinates": [
          [
            [
              [
                74.57198556,
                42.87479311
              ],
              [
                74.57238922,
                42.87478331
              ],
              [
                74.57238913,
                42.8749263
              ],
              [
                74.57208615,
                42.87493061
              ],
              [
                74.57209849,
                42.87523699
              ],
              [
                74.5724026,
                42.87522995
              ],
              [
                74.57240477,
                42.87529564
              ],
              [
                74.5720117,
                42.87531026
              ],
              [
                74.57198727,
                42.87482693
              ],
              [
                74.57198556,
                42.87479311
              ]
            ]
          ]
        ]
      },
      "properties": {
        "PROPCODE": "1-01-02-0011-0920",
        "DOMCODE": "29.29а",
        "NAZNACHENI": "земельный участок"
      }
    },
    {
      "type": "Feature",
      "geometry": {
        "type": "MultiPolygon",
        "coordinates": [
          [
            [
              [
                74.57328611,
                42.87375348
              ],
              [
                74.57337267,
                42.87375081
              ],
              [
                74.57336998,
                42.87371009
              ],
              [
                74.57328414,
                42.87371274
              ],
              [
                74.57328611,
                42.87375348
              ]
            ]
          ]
        ]
      },
      "properties": {
        "PROPCODE": "1-01-02-0011-1003",
        "DOMCODE": "245",
        "NAZNACHENI": "земельный участок"
      }
    },
    {
      "type": "Feature",
      "geometry": {
        "type": "MultiPolygon",
        "coordinates": [
          [
            [
              [
                74.57294742,
                42.87342949
              ],
              [
                74.57297695,
                42.87342866
              ],
              [
                74.57297524,
                42.87332245
              ],
              [
                74.57294467,
                42.87332329
              ],
              [
                74.57294742,
                42.87342949
              ],
              [
                74.57294742,
                42.87342949
              ]
            ]
          ]
        ]
      },
      "properties": {
        "PROPCODE": "1-01-02-0011-1027",
        "DOMCODE": "",
        "NAZNACHENI": "земельный участок"
      }
    },
    {
      "type": "Feature",
      "geometry": {
        "type": "MultiPolygon",
        "coordinates": [
          [
            [
              [
                74.57188052,
                42.8747402
              ],
              [
                74.57187992,
                42.87468472
              ],
              [
                74.57199343,
                42.87468234
              ],
              [
                74.5719946,
                42.87473707
              ],
              [
                74.57188052,
                42.8747402
              ]
            ]
          ]
        ]
      },
      "properties": {
        "PROPCODE": "1-01-02-0011-1036",
        "DOMCODE": "23/1",
        "NAZNACHENI": "земельный участок"
      }
    },
    {
      "type": "Feature",
      "geometry": {
        "type": "MultiPolygon",
        "coordinates": [
          [
            [
              [
                74.56827187,
                42.8722958
              ],
              [
                74.5678544,
                42.87242482
              ],
              [
                74.56800213,
                42.87267205
              ],
              [
                74.5684196,
                42.87254302
              ],
              [
                74.56827187,
                42.8722958
              ]
            ]
          ]
        ]
      },
      "properties": {
        "PROPCODE": "1-01-02-0011-0819",
        "DOMCODE": "235",
        "NAZNACHENI": "земельный участок"
      }
    },
    {
      "type": "Feature",
      "geometry": {
        "type": "MultiPolygon",
        "coordinates": [
          [
            [
              [
                74.56922776,
                42.87152517
              ],
              [
                74.56911139,
                42.87155305
              ],
              [
                74.56911589,
                42.87156292
              ],
              [
                74.56923165,
                42.87153371
              ],
              [
                74.56922776,
                42.87152517
              ]
            ]
          ]
        ]
      },
      "properties": {
        "PROPCODE": "1-01-02-0011-0957",
        "DOMCODE": "262",
        "NAZNACHENI": "земельный участок"
      }
    },
    {
      "type": "Feature",
      "geometry": {
        "type": "MultiPolygon",
        "coordinates": [
          [
            [
              [
                74.56890717,
                42.87296839
              ],
              [
                74.56914287,
                42.87305312
              ],
              [
                74.56967205,
                42.87174337
              ],
              [
                74.56910978,
                42.87186639
              ],
              [
                74.56890717,
                42.87296839
              ]
            ]
          ]
        ]
      },
      "properties": {
        "PROPCODE": "1-01-02-0011-0315",
        "DOMCODE": "233",
        "NAZNACHENI": "земельный участок"
      }
    },
    {
      "type": "Feature",
      "geometry": {
        "type": "MultiPolygon",
        "coordinates": [
          [
            [
              [
                74.5710588,
                42.87197346
              ],
              [
                74.570995,
                42.8714105
              ],
              [
                74.57018916,
                42.87164118
              ],
              [
                74.56998147,
                42.87201229
              ],
              [
                74.5710588,
                42.87197346
              ]
            ]
          ]
        ]
      },
      "properties": {
        "PROPCODE": "1-01-02-0011-0072",
        "DOMCODE": "10",
        "NAZNACHENI": "земельный участок"
      }
    },
    {
      "type": "Feature",
      "geometry": {
        "type": "MultiPolygon",
        "coordinates": [
          [
            [
              [
                74.56928542,
                42.87151073
              ],
              [
                74.56954952,
                42.87146148
              ],
              [
                74.56952145,
                42.87141138
              ],
              [
                74.56922579,
                42.87139123
              ],
              [
                74.56928542,
                42.87151073
              ]
            ]
          ]
        ]
      },
      "properties": {
        "PROPCODE": "1-01-02-0011-0404",
        "DOMCODE": "260",
        "NAZNACHENI": "земельный участок"
      }
    },
    {
      "type": "Feature",
      "geometry": {
        "type": "MultiPolygon",
        "coordinates": [
          [
            [
              [
                74.56913959,
                42.87306156
              ],
              [
                74.56890717,
                42.87296839
              ],
              [
                74.56886581,
                42.87327289
              ],
              [
                74.5690204,
                42.87332664
              ],
              [
                74.56913959,
                42.87306156
              ]
            ]
          ]
        ]
      },
      "properties": {
        "PROPCODE": "1-01-02-0011-0793",
        "DOMCODE": "13/2",
        "NAZNACHENI": "земельный участок"
      }
    },
    {
      "type": "Feature",
      "geometry": {
        "type": "MultiPolygon",
        "coordinates": [
          [
            [
              [
                74.5689123,
                42.87293352
              ],
              [
                74.568776,
                42.87292673
              ],
              [
                74.56897646,
                42.8718676
              ],
              [
                74.56973065,
                42.87166814
              ],
              [
                74.56967205,
                42.87174337
              ],
              [
                74.56910978,
                42.87186639
              ],
              [
                74.5689123,
                42.87293352
              ]
            ]
          ]
        ]
      },
      "properties": {
        "PROPCODE": "1-01-02-0011-0946",
        "DOMCODE": "б/н",
        "NAZNACHENI": "земельный участок"
      }
    },
    {
      "type": "Feature",
      "geometry": {
        "type": "MultiPolygon",
        "coordinates": [
          [
            [
              [
                74.56909634,
                42.8716629
              ],
              [
                74.56932677,
                42.87160354
              ],
              [
                74.5692898,
                42.87151868
              ],
              [
                74.569111,
                42.87156598
              ],
              [
                74.56909441,
                42.87157071
              ],
              [
                74.56908671,
                42.87157776
              ],
              [
                74.56908571,
                42.87158543
              ],
              [
                74.56909634,
                42.8716629
              ]
            ]
          ]
        ]
      },
      "properties": {
        "PROPCODE": "1-01-02-0011-0958",
        "DOMCODE": "262",
        "NAZNACHENI": "земельный участок"
      }
    },
    {
      "type": "Feature",
      "geometry": {
        "type": "MultiPolygon",
        "coordinates": [
          [
            [
              [
                74.56966924,
                42.87133584
              ],
              [
                74.56967056,
                42.87120307
              ],
              [
                74.5700168,
                42.87119691
              ],
              [
                74.56995987,
                42.87131652
              ],
              [
                74.56973062,
                42.87134512
              ],
              [
                74.56973099,
                42.87133432
              ],
              [
                74.56966924,
                42.87133584
              ]
            ]
          ]
        ]
      },
      "properties": {
        "PROPCODE": "1-01-02-0011-0940",
        "DOMCODE": "14",
        "NAZNACHENI": "земельный участок"
      }
    },
    {
      "type": "Feature",
      "geometry": {
        "type": "MultiPolygon",
        "coordinates": [
          [
            [
              [
                74.56905553,
                42.87133125
              ],
              [
                74.56902713,
                42.87133334
              ],
              [
                74.56903574,
                42.87137276
              ],
              [
                74.56904059,
                42.87139793
              ],
              [
                74.56906295,
                42.87139577
              ],
              [
                74.56905553,
                42.87133125
              ]
            ]
          ]
        ]
      },
      "properties": {
        "PROPCODE": "1-01-02-0011-0956",
        "DOMCODE": "262",
        "NAZNACHENI": "земельный участок"
      }
    },
    {
      "type": "Feature",
      "geometry": {
        "type": "MultiPolygon",
        "coordinates": [
          [
            [
              [
                74.570995,
                42.8714105
              ],
              [
                74.57089131,
                42.87137329
              ],
              [
                74.57021758,
                42.87158174
              ],
              [
                74.57018916,
                42.87164118
              ],
              [
                74.570995,
                42.8714105
              ]
            ]
          ]
        ]
      },
      "properties": {
        "PROPCODE": "1-01-02-0011-0967",
        "DOMCODE": "256",
        "NAZNACHENI": "земельный участок"
      }
    },
    {
      "type": "Feature",
      "geometry": {
        "type": "MultiPolygon",
        "coordinates": [
          [
            [
              [
                74.56906295,
                42.87139577
              ],
              [
                74.56904059,
                42.87139793
              ],
              [
                74.56903181,
                42.87139881
              ],
              [
                74.56907053,
                42.8715308
              ],
              [
                74.56907876,
                42.87153024
              ],
              [
                74.56906295,
                42.87139577
              ]
            ]
          ]
        ]
      },
      "properties": {
        "PROPCODE": "1-01-02-0011-1016",
        "DOMCODE": "",
        "NAZNACHENI": "земельный участок"
      }
    },
    {
      "type": "Feature",
      "geometry": {
        "type": "MultiPolygon",
        "coordinates": [
          [
            [
              [
                74.5695508,
                42.87142388
              ],
              [
                74.56959902,
                42.87141368
              ],
              [
                74.56959815,
                42.87129952
              ],
              [
                74.56940073,
                42.87130282
              ],
              [
                74.56924656,
                42.87130723
              ],
              [
                74.56924709,
                42.87134708
              ],
              [
                74.56925001,
                42.87135526
              ],
              [
                74.56948164,
                42.87136738
              ],
              [
                74.56952381,
                42.87135864
              ],
              [
                74.56952863,
                42.87136984
              ],
              [
                74.56954018,
                42.87137044
              ],
              [
                74.5695508,
                42.87142388
              ]
            ]
          ]
        ]
      },
      "properties": {
        "PROPCODE": "1-01-02-0011-0422",
        "DOMCODE": "13а",
        "NAZNACHENI": "земельный участок"
      }
    },
    {
      "type": "Feature",
      "geometry": {
        "type": "MultiPolygon",
        "coordinates": [
          [
            [
              [
                74.57354694,
                42.87209286
              ],
              [
                74.57353826,
                42.87194717
              ],
              [
                74.57338137,
                42.87195177
              ],
              [
                74.57338605,
                42.87203776
              ],
              [
                74.57340807,
                42.87203738
              ],
              [
                74.57342536,
                42.8721709
              ],
              [
                74.57355364,
                42.87216531
              ],
              [
                74.57354694,
                42.87209286
              ]
            ]
          ]
        ]
      },
      "properties": {
        "PROPCODE": "1-01-02-0011-0372",
        "DOMCODE": "300-302",
        "NAZNACHENI": "земельный участок"
      }
    },
    {
      "type": "Feature",
      "geometry": {
        "type": "MultiPolygon",
        "coordinates": [
          [
            [
              [
                74.57151914,
                42.87211125
              ],
              [
                74.5715131,
                42.87200412
              ],
              [
                74.57148629,
                42.87200516
              ],
              [
                74.57149156,
                42.87211138
              ],
              [
                74.57151914,
                42.87211125
              ]
            ]
          ]
        ]
      },
      "properties": {
        "PROPCODE": "1-01-02-0011-0974",
        "DOMCODE": "15/1",
        "NAZNACHENI": "земельный участок"
      }
    },
    {
      "type": "Feature",
      "geometry": {
        "type": "MultiPolygon",
        "coordinates": [
          [
            [
              [
                74.5729123,
                42.87243435
              ],
              [
                74.57294526,
                42.87280882
              ],
              [
                74.57295101,
                42.87284027
              ],
              [
                74.57297832,
                42.8729896
              ],
              [
                74.57326289,
                42.87298232
              ],
              [
                74.57322804,
                42.8724747
              ],
              [
                74.57319882,
                42.87243882
              ],
              [
                74.573193,
                42.87237713
              ],
              [
                74.57302341,
                42.87238572
              ],
              [
                74.5730273,
                42.8724259
              ],
              [
                74.5729123,
                42.87243435
              ]
            ]
          ]
        ]
      },
      "properties": {
        "PROPCODE": "1-01-02-0011-0367",
        "DOMCODE": "8",
        "NAZNACHENI": "земельный участок"
      }
    },
    {
      "type": "Feature",
      "geometry": {
        "type": "MultiPolygon",
        "coordinates": [
          [
            [
              [
                74.57220196,
                42.87093048
              ],
              [
                74.57212715,
                42.87093383
              ],
              [
                74.5719563,
                42.87094148
              ],
              [
                74.57220109,
                42.87094581
              ],
              [
                74.57220196,
                42.87093048
              ]
            ]
          ]
        ]
      },
      "properties": {
        "PROPCODE": "1-01-02-0011-0167",
        "DOMCODE": "250",
        "NAZNACHENI": "земельный участок"
      }
    },
    {
      "type": "Feature",
      "geometry": {
        "type": "MultiPolygon",
        "coordinates": [
          [
            [
              [
                74.57418516,
                42.87255475
              ],
              [
                74.57417103,
                42.87238811
              ],
              [
                74.57324712,
                42.87244159
              ],
              [
                74.5732598,
                42.8726334
              ],
              [
                74.57333925,
                42.87263363
              ],
              [
                74.57346072,
                42.87272961
              ],
              [
                74.57372554,
                42.8727173
              ],
              [
                74.57373111,
                42.87277953
              ],
              [
                74.57399041,
                42.87276587
              ],
              [
                74.57398852,
                42.872705
              ],
              [
                74.57424966,
                42.87269269
              ],
              [
                74.57423813,
                42.87255445
              ],
              [
                74.57418516,
                42.87255475
              ]
            ]
          ]
        ]
      },
      "properties": {
        "PROPCODE": "1-01-02-0011-0017",
        "DOMCODE": "275",
        "NAZNACHENI": "земельный участок"
      }
    },
    {
      "type": "Feature",
      "geometry": {
        "type": "MultiPolygon",
        "coordinates": [
          [
            [
              [
                74.57176222,
                42.87172154
              ],
              [
                74.57184576,
                42.87172016
              ],
              [
                74.57184265,
                42.87157919
              ],
              [
                74.57175623,
                42.87158021
              ],
              [
                74.57176222,
                42.87172154
              ]
            ]
          ]
        ]
      },
      "properties": {
        "PROPCODE": "1-01-02-0011-0180",
        "DOMCODE": "225",
        "NAZNACHENI": "земельный участок"
      }
    },
    {
      "type": "Feature",
      "geometry": {
        "type": "MultiPolygon",
        "coordinates": [
          [
            [
              [
                74.57289482,
                42.87312885
              ],
              [
                74.57292261,
                42.87318223
              ],
              [
                74.57294155,
                42.87318153
              ],
              [
                74.57300886,
                42.87318075
              ],
              [
                74.57300851,
                42.87316275
              ],
              [
                74.57322144,
                42.87316297
              ],
              [
                74.57322143,
                42.87316117
              ],
              [
                74.57330098,
                42.87316109
              ],
              [
                74.57330108,
                42.87299006
              ],
              [
                74.57301353,
                42.87299419
              ],
              [
                74.57301341,
                42.87299149
              ],
              [
                74.57295356,
                42.87299421
              ],
              [
                74.57295177,
                42.87301036
              ],
              [
                74.5729144,
                42.87302512
              ],
              [
                74.57289441,
                42.87304243
              ],
              [
                74.57289482,
                42.87312885
              ]
            ]
          ]
        ]
      },
      "properties": {
        "PROPCODE": "1-01-02-0011-0366",
        "DOMCODE": "9",
        "NAZNACHENI": "земельный участок"
      }
    },
    {
      "type": "Feature",
      "geometry": {
        "type": "MultiPolygon",
        "coordinates": [
          [
            [
              [
                74.57153277,
                42.87273244
              ],
              [
                74.57157143,
                42.8732776
              ],
              [
                74.57196524,
                42.87326075
              ],
              [
                74.57195897,
                42.87314626
              ],
              [
                74.5719437,
                42.87314348
              ],
              [
                74.57193753,
                42.87295176
              ],
              [
                74.57192094,
                42.8729529
              ],
              [
                74.57190032,
                42.87275722
              ],
              [
                74.57173976,
                42.87276252
              ],
              [
                74.57174068,
                42.87273167
              ],
              [
                74.57153277,
                42.87273244
              ]
            ]
          ]
        ]
      },
      "properties": {
        "PROPCODE": "1-01-02-0011-0346",
        "DOMCODE": "19",
        "NAZNACHENI": "земельный участок"
      }
    },
    {
      "type": "Feature",
      "geometry": {
        "type": "MultiPolygon",
        "coordinates": [
          [
            [
              [
                74.57340916,
                42.87218739
              ],
              [
                74.57341768,
                42.87237551
              ],
              [
                74.57425725,
                42.8723526
              ],
              [
                74.57425151,
                42.87216039
              ],
              [
                74.57341055,
                42.87218637
              ],
              [
                74.57341195,
                42.87218739
              ],
              [
                74.57340916,
                42.87218739
              ]
            ]
          ]
        ]
      },
      "properties": {
        "PROPCODE": "1-01-02-0011-0753",
        "DOMCODE": "275/1",
        "NAZNACHENI": "земельный участок"
      }
    },
    {
      "type": "Feature",
      "geometry": {
        "type": "MultiPolygon",
        "coordinates": [
          [
            [
              [
                74.57141711,
                42.87134008
              ],
              [
                74.57141711,
                42.87134008
              ],
              [
                74.57232377,
                42.87119943
              ],
              [
                74.57267717,
                42.87118115
              ],
              [
                74.5730314,
                42.87116894
              ],
              [
                74.57348612,
                42.87116012
              ],
              [
                74.57290353,
                42.87114011
              ],
              [
                74.57290351,
                42.87112128
              ],
              [
                74.57140917,
                42.87119049
              ],
              [
                74.57141711,
                42.87134008
              ]
            ]
          ]
        ]
      },
      "properties": {
        "PROPCODE": "1-01-02-0011-0906",
        "DOMCODE": "225",
        "NAZNACHENI": "земельный участок"
      }
    },
    {
      "type": "Feature",
      "geometry": {
        "type": "MultiPolygon",
        "coordinates": [
          [
            [
              [
                74.57184576,
                42.87172016
              ],
              [
                74.57170076,
                42.87172354
              ],
              [
                74.57169765,
                42.8716176
              ],
              [
                74.57150423,
                42.8716216
              ],
              [
                74.57151049,
                42.87190017
              ],
              [
                74.57171176,
                42.87189453
              ],
              [
                74.57171328,
                42.87193077
              ],
              [
                74.57185336,
                42.87192738
              ],
              [
                74.57184576,
                42.87172016
              ]
            ]
          ]
        ]
      },
      "properties": {
        "PROPCODE": "1-01-02-0011-0353",
        "DOMCODE": "15а",
        "NAZNACHENI": "земельный участок"
      }
    }
  ]
}
