{
  "type": "FeatureCollection",
  "name": "DPU stambenog naselja na lokaciji Sopnica - Jelkovec – službena planirana namjena površina",
  "source": {
    "planName": "DPU stambenog naselja na lokaciji Sopnica - Jelkovec",
    "planYears": "DPU 2003.; izmjene 2007., 2016. i 2020.",
    "implementationStatus": "izvedeno u cijelosti prema službenoj ocjeni realizacije plana",
    "sources": [
      "https://zagreb.hr/izmjene-i-dopune-detaljnog-plana-uredjenja-stamben/168074",
      "https://www.zagreb.hr/userdocsimages/arhiva/prostorni_planovi/dpu%20sopnica%20jelkovec/s-j_graficki%20dio_I%20%2820210120%29.pdf",
      "https://data.zagreb.hr/dataset/geoportal-urbanisticki-planovi-uredenja"
    ],
    "coordinateSystem": "lokalni izvori u HTRS96/TM (EPSG:3765), izvoz za aplikaciju u WGS84",
    "dataset": "Grad Zagreb, Geoportal – planirana namjena površina",
    "capturedAt": "2026-08-14"
  },
  "features": [
    {
      "type": "Feature",
      "properties": {
        "objectid": 100,
        "namjena": "Gospodarska namjena-poslovna-javna garaža",
        "skupnaNamjena": "Prometne površine",
        "analitika": "Promet",
        "oznaka": "K4",
        "kartografskiPrikaz": "Korištenje i namjena prostora",
        "izradivacPlana": "Zavod za urbanizam i prostorno planiranje Arhitektonskog fakulteta Sveučilišta u Zagrebu",
        "izvornoMjerilo": "1:1000",
        "godinaZadnjeIzmjene": 2020,
        "planId": 520,
        "razinaPlana": "Detaljniji planovi",
        "areaM2": 3713.8273270968016
      },
      "geometry": {
        "type": "MultiPolygon",
        "coordinates": [
          [
            [
              [
                16.114123953,
                45.810249442
              ],
              [
                16.11448484,
                45.810245917
              ],
              [
                16.114587086,
                45.810244919
              ],
              [
                16.114576311,
                45.809885101
              ],
              [
                16.114477651,
                45.809886065
              ],
              [
                16.114133391,
                45.809889428
              ],
              [
                16.114084625,
                45.809889905
              ],
              [
                16.11401761,
                45.809890559
              ],
              [
                16.113963078,
                45.809891092
              ],
              [
                16.11338353,
                45.80989675
              ],
              [
                16.11339071,
                45.810256598
              ],
              [
                16.113970265,
                45.810250944
              ],
              [
                16.114123953,
                45.810249442
              ]
            ]
          ]
        ]
      }
    },
    {
      "type": "Feature",
      "properties": {
        "objectid": 101,
        "namjena": "Gospodarska namjena-poslovna-komunalno servisna",
        "skupnaNamjena": "Infrastruktura",
        "analitika": "Infrastruktura",
        "oznaka": "K3",
        "kartografskiPrikaz": "Korištenje i namjena prostora",
        "izradivacPlana": "Zavod za urbanizam i prostorno planiranje Arhitektonskog fakulteta Sveučilišta u Zagrebu",
        "izvornoMjerilo": "1:1000",
        "godinaZadnjeIzmjene": 2020,
        "planId": 539,
        "razinaPlana": "Detaljniji planovi",
        "areaM2": 1307.3374259389568
      },
      "geometry": {
        "type": "MultiPolygon",
        "coordinates": [
          [
            [
              [
                16.115125994,
                45.809974639
              ],
              [
                16.115100325,
                45.809964191
              ],
              [
                16.115098897,
                45.80996361
              ],
              [
                16.115095076,
                45.809962122
              ],
              [
                16.115075373,
                45.809954451
              ],
              [
                16.115071504,
                45.809952945
              ],
              [
                16.115068504,
                45.809951829
              ],
              [
                16.115043823,
                45.809942648
              ],
              [
                16.115031419,
                45.809937921
              ],
              [
                16.115018882,
                45.809933365
              ],
              [
                16.11500622,
                45.809928983
              ],
              [
                16.114996303,
                45.809925701
              ],
              [
                16.114986316,
                45.809922526
              ],
              [
                16.11497626,
                45.809919458
              ],
              [
                16.114975591,
                45.809919265
              ],
              [
                16.11497493,
                45.809919062
              ],
              [
                16.114974265,
                45.809918864
              ],
              [
                16.114973707,
                45.809918731
              ],
              [
                16.114971005,
                45.809918092
              ],
              [
                16.114967658,
                45.809917527
              ],
              [
                16.114964254,
                45.809917171
              ],
              [
                16.114960817,
                45.809917029
              ],
              [
                16.114957376,
                45.809917102
              ],
              [
                16.114953959,
                45.809917389
              ],
              [
                16.114950591,
                45.809917888
              ],
              [
                16.1149473,
                45.809918595
              ],
              [
                16.114944111,
                45.809919504
              ],
              [
                16.114941052,
                45.809920609
              ],
              [
                16.114938145,
                45.809921899
              ],
              [
                16.114935415,
                45.809923365
              ],
              [
                16.114932883,
                45.809924995
              ],
              [
                16.114930568,
                45.809926777
              ],
              [
                16.11492849,
                45.809928696
              ],
              [
                16.114926663,
                45.809930738
              ],
              [
                16.114925105,
                45.809932884
              ],
              [
                16.114923826,
                45.809935119
              ],
              [
                16.114922838,
                45.809937426
              ],
              [
                16.114922146,
                45.809939783
              ],
              [
                16.114921758,
                45.809942176
              ],
              [
                16.114921675,
                45.809944582
              ],
              [
                16.11493775,
                45.810481242
              ],
              [
                16.114939039,
                45.810524484
              ],
              [
                16.114943991,
                45.810689794
              ],
              [
                16.115144217,
                45.810686878
              ],
              [
                16.11513995,
                45.81052252
              ],
              [
                16.115140292,
                45.810522517
              ],
              [
                16.115125994,
                45.809974639
              ]
            ]
          ]
        ]
      }
    },
    {
      "type": "Feature",
      "properties": {
        "objectid": 200,
        "namjena": "Javna i društvena namjena-kultura",
        "skupnaNamjena": "Javna i društvena namjena",
        "analitika": "Javna i društvena",
        "oznaka": "D7",
        "kartografskiPrikaz": "Korištenje i namjena prostora",
        "izradivacPlana": "Zavod za urbanizam i prostorno planiranje Arhitektonskog fakulteta Sveučilišta u Zagrebu",
        "izvornoMjerilo": "1:1000",
        "godinaZadnjeIzmjene": 2020,
        "planId": 560,
        "razinaPlana": "Detaljniji planovi",
        "areaM2": 552.3627023986342
      },
      "geometry": {
        "type": "MultiPolygon",
        "coordinates": [
          [
            [
              [
                16.10716706,
                45.810473227
              ],
              [
                16.10716876,
                45.810558911
              ],
              [
                16.107171345,
                45.810689139
              ],
              [
                16.107467465,
                45.810686265
              ],
              [
                16.107463179,
                45.810470352
              ],
              [
                16.10716706,
                45.810473227
              ]
            ]
          ]
        ]
      }
    },
    {
      "type": "Feature",
      "properties": {
        "objectid": 209,
        "namjena": "Javna i društvena namjena-predškolska",
        "skupnaNamjena": "Javna i društvena namjena",
        "analitika": "Javna i društvena",
        "oznaka": "D4",
        "kartografskiPrikaz": "Korištenje i namjena prostora",
        "izradivacPlana": "Zavod za urbanizam i prostorno planiranje Arhitektonskog fakulteta Sveučilišta u Zagrebu",
        "izvornoMjerilo": "1:1000",
        "godinaZadnjeIzmjene": 2020,
        "planId": 469,
        "razinaPlana": "Detaljniji planovi",
        "areaM2": 10749.142122376417
      },
      "geometry": {
        "type": "MultiPolygon",
        "coordinates": [
          [
            [
              [
                16.110480059,
                45.812713006
              ],
              [
                16.110485593,
                45.812712816
              ],
              [
                16.110491084,
                45.812712293
              ],
              [
                16.110496489,
                45.812711443
              ],
              [
                16.110501771,
                45.81271027
              ],
              [
                16.110506888,
                45.812708783
              ],
              [
                16.110511804,
                45.812706994
              ],
              [
                16.110512917,
                45.812706499
              ],
              [
                16.11051648,
                45.812704916
              ],
              [
                16.110520885,
                45.812702564
              ],
              [
                16.110524982,
                45.812699956
              ],
              [
                16.110528745,
                45.812697111
              ],
              [
                16.110532142,
                45.81269405
              ],
              [
                16.11053515,
                45.812690796
              ],
              [
                16.110537748,
                45.812687373
              ],
              [
                16.110539914,
                45.812683806
              ],
              [
                16.110541633,
                45.812680123
              ],
              [
                16.110542892,
                45.812676349
              ],
              [
                16.110543683,
                45.812672514
              ],
              [
                16.110543998,
                45.812668645
              ],
              [
                16.110543836,
                45.812664772
              ],
              [
                16.110543197,
                45.812660923
              ],
              [
                16.110513355,
                45.812558484
              ],
              [
                16.110493029,
                45.812506212
              ],
              [
                16.110475411,
                45.812464976
              ],
              [
                16.110454887,
                45.812424403
              ],
              [
                16.110431508,
                45.812384593
              ],
              [
                16.11042363,
                45.812371093
              ],
              [
                16.110415942,
                45.812357538
              ],
              [
                16.110408447,
                45.812343932
              ],
              [
                16.110401814,
                45.812331538
              ],
              [
                16.11039534,
                45.812319104
              ],
              [
                16.110389024,
                45.812306629
              ],
              [
                16.110371966,
                45.812270974
              ],
              [
                16.110356217,
                45.812235025
              ],
              [
                16.110341788,
                45.812198807
              ],
              [
                16.110331025,
                45.812169144
              ],
              [
                16.110321149,
                45.81213933
              ],
              [
                16.110312161,
                45.81210938
              ],
              [
                16.108356406,
                45.8121284
              ],
              [
                16.108368083,
                45.812716047
              ],
              [
                16.108368198,
                45.812721856
              ],
              [
                16.110227586,
                45.812714066
              ],
              [
                16.110394579,
                45.812713303
              ],
              [
                16.110480059,
                45.812713006
              ]
            ]
          ]
        ]
      }
    },
    {
      "type": "Feature",
      "properties": {
        "objectid": 246,
        "namjena": "Javna i društvena namjena-školska",
        "skupnaNamjena": "Javna i društvena namjena",
        "analitika": "Javna i društvena",
        "oznaka": "D5",
        "kartografskiPrikaz": "Korištenje i namjena prostora",
        "izradivacPlana": "Zavod za urbanizam i prostorno planiranje Arhitektonskog fakulteta Sveučilišta u Zagrebu",
        "izvornoMjerilo": "1:1000",
        "godinaZadnjeIzmjene": 2020,
        "planId": 466,
        "razinaPlana": "Detaljniji planovi",
        "areaM2": 13509.482758437141
      },
      "geometry": {
        "type": "MultiPolygon",
        "coordinates": [
          [
            [
              [
                16.113238207,
                45.812701604
              ],
              [
                16.113238159,
                45.812699206
              ],
              [
                16.113225426,
                45.812061189
              ],
              [
                16.110705086,
                45.812085759
              ],
              [
                16.110699296,
                45.812086063
              ],
              [
                16.110693567,
                45.812086726
              ],
              [
                16.110687946,
                45.812087743
              ],
              [
                16.110682477,
                45.812089106
              ],
              [
                16.110677203,
                45.812090804
              ],
              [
                16.110672165,
                45.812092823
              ],
              [
                16.110667404,
                45.812095148
              ],
              [
                16.110662959,
                45.812097761
              ],
              [
                16.110658863,
                45.812100639
              ],
              [
                16.110655149,
                45.812103761
              ],
              [
                16.110651849,
                45.812107101
              ],
              [
                16.110648986,
                45.812110633
              ],
              [
                16.110646585,
                45.81211433
              ],
              [
                16.110644663,
                45.812118162
              ],
              [
                16.110643237,
                45.812122099
              ],
              [
                16.110642317,
                45.812126108
              ],
              [
                16.11064191,
                45.812130158
              ],
              [
                16.110642021,
                45.812134217
              ],
              [
                16.110642649,
                45.812138254
              ],
              [
                16.110643787,
                45.812142236
              ],
              [
                16.110644112,
                45.812142927
              ],
              [
                16.110644453,
                45.812143615
              ],
              [
                16.110644811,
                45.812144298
              ],
              [
                16.110666725,
                45.812197277
              ],
              [
                16.110691934,
                45.812249535
              ],
              [
                16.110720384,
                45.812300973
              ],
              [
                16.110780762,
                45.812416661
              ],
              [
                16.110826872,
                45.812535518
              ],
              [
                16.110858376,
                45.812656683
              ],
              [
                16.110859845,
                45.812662254
              ],
              [
                16.110862023,
                45.812667709
              ],
              [
                16.110864894,
                45.812673005
              ],
              [
                16.110868433,
                45.8126781
              ],
              [
                16.110872614,
                45.812682953
              ],
              [
                16.110877399,
                45.812687522
              ],
              [
                16.110882753,
                45.812691773
              ],
              [
                16.110888631,
                45.812695669
              ],
              [
                16.110894986,
                45.812699181
              ],
              [
                16.110901767,
                45.81270228
              ],
              [
                16.11090755,
                45.812704431
              ],
              [
                16.110908919,
                45.81270494
              ],
              [
                16.110916383,
                45.812707139
              ],
              [
                16.1109241,
                45.81270886
              ],
              [
                16.110932007,
                45.812710091
              ],
              [
                16.11094004,
                45.812710819
              ],
              [
                16.110948133,
                45.81271104
              ],
              [
                16.113238207,
                45.812701604
              ]
            ]
          ]
        ]
      }
    },
    {
      "type": "Feature",
      "properties": {
        "objectid": 275,
        "namjena": "Javna i drustvena namjena-srednja škola",
        "skupnaNamjena": "Javna i društvena namjena",
        "analitika": "Javna i društvena",
        "oznaka": "D6",
        "kartografskiPrikaz": "Korištenje i namjena prostora",
        "izradivacPlana": "Zavod za urbanizam i prostorno planiranje Arhitektonskog fakulteta Sveučilišta u Zagrebu",
        "izvornoMjerilo": "1:1000",
        "godinaZadnjeIzmjene": 2020,
        "planId": 465,
        "razinaPlana": "Detaljniji planovi",
        "areaM2": 13972.520881954339
      },
      "geometry": {
        "type": "MultiPolygon",
        "coordinates": [
          [
            [
              [
                16.107211788,
                45.812726685
              ],
              [
                16.107211606,
                45.812717494
              ],
              [
                16.107171345,
                45.810689139
              ],
              [
                16.10716876,
                45.810558911
              ],
              [
                16.10716706,
                45.810473227
              ],
              [
                16.107155764,
                45.809904127
              ],
              [
                16.106621185,
                45.809905961
              ],
              [
                16.106617823,
                45.809906097
              ],
              [
                16.106614491,
                45.809906436
              ],
              [
                16.106611214,
                45.809906978
              ],
              [
                16.106608018,
                45.809907717
              ],
              [
                16.106604924,
                45.809908648
              ],
              [
                16.10660196,
                45.809909765
              ],
              [
                16.106599146,
                45.809911057
              ],
              [
                16.106596503,
                45.809912517
              ],
              [
                16.106594052,
                45.809914131
              ],
              [
                16.106591811,
                45.809915889
              ],
              [
                16.1065898,
                45.809917777
              ],
              [
                16.106588029,
                45.80991978
              ],
              [
                16.106586517,
                45.809921884
              ],
              [
                16.106585271,
                45.809924072
              ],
              [
                16.106584303,
                45.809926327
              ],
              [
                16.106583621,
                45.809928632
              ],
              [
                16.106583227,
                45.809930971
              ],
              [
                16.106583127,
                45.809933325
              ],
              [
                16.106638059,
                45.812702298
              ],
              [
                16.106638251,
                45.812704637
              ],
              [
                16.106638731,
                45.812706956
              ],
              [
                16.106639499,
                45.812709237
              ],
              [
                16.106640546,
                45.812711462
              ],
              [
                16.106641864,
                45.812713616
              ],
              [
                16.106643445,
                45.812715681
              ],
              [
                16.106645276,
                45.812717644
              ],
              [
                16.106645896,
                45.812718196
              ],
              [
                16.106647344,
                45.812719486
              ],
              [
                16.106649633,
                45.812721198
              ],
              [
                16.106652124,
                45.812722764
              ],
              [
                16.106654801,
                45.812724173
              ],
              [
                16.106657642,
                45.812725415
              ],
              [
                16.106660628,
                45.812726478
              ],
              [
                16.106663733,
                45.812727358
              ],
              [
                16.106666936,
                45.812728046
              ],
              [
                16.106670211,
                45.812728537
              ],
              [
                16.106673535,
                45.812728827
              ],
              [
                16.106676884,
                45.812728915
              ],
              [
                16.107211788,
                45.812726685
              ]
            ]
          ]
        ]
      }
    },
    {
      "type": "Feature",
      "properties": {
        "objectid": 309,
        "namjena": "Javna i drustvena namjena-vjerska",
        "skupnaNamjena": "Javna i društvena namjena",
        "analitika": "Javna i društvena",
        "oznaka": "D8",
        "kartografskiPrikaz": "Korištenje i namjena prostora",
        "izradivacPlana": "Zavod za urbanizam i prostorno planiranje Arhitektonskog fakulteta Sveučilišta u Zagrebu",
        "izvornoMjerilo": "1:1000",
        "godinaZadnjeIzmjene": 2020,
        "planId": 487,
        "razinaPlana": "Detaljniji planovi",
        "areaM2": 7868.50304017281
      },
      "geometry": {
        "type": "MultiPolygon",
        "coordinates": [
          [
            [
              [
                16.114617433,
                45.812695556
              ],
              [
                16.114620829,
                45.812695437
              ],
              [
                16.114624196,
                45.81269511
              ],
              [
                16.114627508,
                45.812694576
              ],
              [
                16.114630741,
                45.812693841
              ],
              [
                16.114633868,
                45.812692911
              ],
              [
                16.114636866,
                45.812691791
              ],
              [
                16.114639712,
                45.812690491
              ],
              [
                16.114642383,
                45.812689021
              ],
              [
                16.11464486,
                45.812687391
              ],
              [
                16.114647121,
                45.812685618
              ],
              [
                16.114649149,
                45.81268371
              ],
              [
                16.114650931,
                45.812681686
              ],
              [
                16.114652451,
                45.81267956
              ],
              [
                16.114653698,
                45.812677348
              ],
              [
                16.114654661,
                45.812675069
              ],
              [
                16.114655334,
                45.812672739
              ],
              [
                16.114655711,
                45.812670377
              ],
              [
                16.11465579,
                45.812668
              ],
              [
                16.114638542,
                45.812092066
              ],
              [
                16.114638183,
                45.812088167
              ],
              [
                16.114637341,
                45.812084305
              ],
              [
                16.114636022,
                45.812080508
              ],
              [
                16.114634239,
                45.812076805
              ],
              [
                16.114632001,
                45.812073225
              ],
              [
                16.114629328,
                45.812069794
              ],
              [
                16.114626241,
                45.812066538
              ],
              [
                16.114622759,
                45.812063481
              ],
              [
                16.114618913,
                45.812060647
              ],
              [
                16.114614729,
                45.812058058
              ],
              [
                16.11461024,
                45.812055732
              ],
              [
                16.114605478,
                45.812053688
              ],
              [
                16.114600482,
                45.812051939
              ],
              [
                16.114595287,
                45.812050502
              ],
              [
                16.114589933,
                45.812049383
              ],
              [
                16.114584461,
                45.812048595
              ],
              [
                16.114578911,
                45.812048141
              ],
              [
                16.114573326,
                45.812048026
              ],
              [
                16.114386368,
                45.812049853
              ],
              [
                16.114309178,
                45.812050607
              ],
              [
                16.114160727,
                45.812052058
              ],
              [
                16.114070673,
                45.812052937
              ],
              [
                16.113868666,
                45.812054909
              ],
              [
                16.113225426,
                45.812061189
              ],
              [
                16.113238159,
                45.812699206
              ],
              [
                16.113238207,
                45.812701604
              ],
              [
                16.113881526,
                45.812698885
              ],
              [
                16.114238391,
                45.812697271
              ],
              [
                16.114617433,
                45.812695556
              ]
            ]
          ]
        ]
      }
    },
    {
      "type": "Feature",
      "properties": {
        "objectid": 524,
        "namjena": "Javni park",
        "skupnaNamjena": "Javne zelene površine",
        "analitika": "Javne zelene površine",
        "oznaka": "JP",
        "kartografskiPrikaz": "Korištenje i namjena prostora",
        "izradivacPlana": "Zavod za urbanizam i prostorno planiranje Arhitektonskog fakulteta Sveučilišta u Zagrebu",
        "izvornoMjerilo": "1:1000",
        "godinaZadnjeIzmjene": 2020,
        "planId": 464,
        "razinaPlana": "Detaljniji planovi",
        "areaM2": 11956.797901130032
      },
      "geometry": {
        "type": "MultiPolygon",
        "coordinates": [
          [
            [
              [
                16.114634517,
                45.811828775
              ],
              [
                16.114589168,
                45.810314446
              ],
              [
                16.114268254,
                45.81035345
              ],
              [
                16.11398606,
                45.81057435
              ],
              [
                16.113903678,
                45.810517448
              ],
              [
                16.114123953,
                45.810249442
              ],
              [
                16.113970265,
                45.810250944
              ],
              [
                16.11339071,
                45.810256598
              ],
              [
                16.11338353,
                45.80989675
              ],
              [
                16.113963078,
                45.809891092
              ],
              [
                16.11401761,
                45.809890559
              ],
              [
                16.114084625,
                45.809889905
              ],
              [
                16.114133391,
                45.809889428
              ],
              [
                16.114477651,
                45.809886065
              ],
              [
                16.114576311,
                45.809885101
              ],
              [
                16.114575366,
                45.809853522
              ],
              [
                16.114575152,
                45.809851165
              ],
              [
                16.114574644,
                45.809848829
              ],
              [
                16.114573847,
                45.809846534
              ],
              [
                16.114572765,
                45.809844296
              ],
              [
                16.114571408,
                45.809842132
              ],
              [
                16.114569786,
                45.809840061
              ],
              [
                16.11456791,
                45.809838095
              ],
              [
                16.114565796,
                45.809836252
              ],
              [
                16.114563461,
                45.809834546
              ],
              [
                16.11456092,
                45.809832988
              ],
              [
                16.114558196,
                45.809831592
              ],
              [
                16.114555307,
                45.809830368
              ],
              [
                16.114552276,
                45.809829325
              ],
              [
                16.114549126,
                45.809828471
              ],
              [
                16.114546204,
                45.809827878
              ],
              [
                16.114545882,
                45.809827812
              ],
              [
                16.114542568,
                45.809827355
              ],
              [
                16.11444836,
                45.809818964
              ],
              [
                16.114447011,
                45.809818843
              ],
              [
                16.114416742,
                45.809817399
              ],
              [
                16.114353653,
                45.809814387
              ],
              [
                16.114350905,
                45.809814256
              ],
              [
                16.114315628,
                45.80981402
              ],
              [
                16.11425458,
                45.809813612
              ],
              [
                16.114131329,
                45.809815288
              ],
              [
                16.11409274,
                45.809815812
              ],
              [
                16.11401556,
                45.809816862
              ],
              [
                16.113883654,
                45.809818656
              ],
              [
                16.110606981,
                45.809863161
              ],
              [
                16.110548061,
                45.80986396
              ],
              [
                16.110550269,
                45.809983476
              ],
              [
                16.110933737,
                45.809997644
              ],
              [
                16.111126882,
                45.810004783
              ],
              [
                16.111412743,
                45.810015413
              ],
              [
                16.111528914,
                45.810019906
              ],
              [
                16.111720672,
                45.810029238
              ],
              [
                16.111997933,
                45.810047176
              ],
              [
                16.112274401,
                45.810070331
              ],
              [
                16.112549877,
                45.810098689
              ],
              [
                16.112766895,
                45.810130129
              ],
              [
                16.11297904,
                45.810174974
              ],
              [
                16.113184623,
                45.81023287
              ],
              [
                16.113382006,
                45.810303354
              ],
              [
                16.113569617,
                45.810385864
              ],
              [
                16.113745959,
                45.810479744
              ],
              [
                16.113779829,
                45.810499613
              ],
              [
                16.113813006,
                45.810520047
              ],
              [
                16.113845472,
                45.81054103
              ],
              [
                16.113865052,
                45.810554471
              ],
              [
                16.113884815,
                45.810567781
              ],
              [
                16.113904758,
                45.810580959
              ],
              [
                16.113994624,
                45.810648222
              ],
              [
                16.114080391,
                45.810718053
              ],
              [
                16.114161908,
                45.810790331
              ],
              [
                16.114236771,
                45.810869951
              ],
              [
                16.114300338,
                45.810954237
              ],
              [
                16.114352018,
                45.811042407
              ],
              [
                16.114295339,
                45.81104296
              ],
              [
                16.114300407,
                45.811296653
              ],
              [
                16.114429052,
                45.811295396
              ],
              [
                16.114431127,
                45.811316717
              ],
              [
                16.114432543,
                45.811338063
              ],
              [
                16.1144333,
                45.811359427
              ],
              [
                16.114428687,
                45.811454282
              ],
              [
                16.114411102,
                45.811548391
              ],
              [
                16.114380707,
                45.81164089
              ],
              [
                16.114337781,
                45.811730927
              ],
              [
                16.11428272,
                45.811817676
              ],
              [
                16.114281146,
                45.811819655
              ],
              [
                16.11427934,
                45.811821535
              ],
              [
                16.114277314,
                45.811823302
              ],
              [
                16.114275085,
                45.811824945
              ],
              [
                16.114272666,
                45.811826451
              ],
              [
                16.114270075,
                45.811827809
              ],
              [
                16.11426733,
                45.811829012
              ],
              [
                16.114264451,
                45.811830049
              ],
              [
                16.114261457,
                45.811830913
              ],
              [
                16.114258371,
                45.811831599
              ],
              [
                16.114255212,
                45.811832102
              ],
              [
                16.114252006,
                45.811832417
              ],
              [
                16.114248772,
                45.811832544
              ],
              [
                16.114365534,
                45.811831404
              ],
              [
                16.114634517,
                45.811828775
              ]
            ]
          ]
        ]
      }
    },
    {
      "type": "Feature",
      "properties": {
        "objectid": 549,
        "namjena": "Javni trg",
        "skupnaNamjena": "Prometne površine",
        "analitika": "Promet",
        "oznaka": "JT",
        "kartografskiPrikaz": "Korištenje i namjena prostora",
        "izradivacPlana": "Zavod za urbanizam i prostorno planiranje Arhitektonskog fakulteta Sveučilišta u Zagrebu",
        "izvornoMjerilo": "1:1000",
        "godinaZadnjeIzmjene": 2020,
        "planId": 474,
        "razinaPlana": "Detaljniji planovi",
        "areaM2": 7549.05532145573
      },
      "geometry": {
        "type": "MultiPolygon",
        "coordinates": [
          [
            [
              [
                16.102639095,
                45.811809025
              ],
              [
                16.103318413,
                45.811802456
              ],
              [
                16.103316315,
                45.811696386
              ],
              [
                16.102876283,
                45.811700642
              ],
              [
                16.102871808,
                45.811474301
              ],
              [
                16.102869613,
                45.811363279
              ],
              [
                16.102578871,
                45.81136609
              ],
              [
                16.102576611,
                45.811251754
              ],
              [
                16.102867352,
                45.811248942
              ],
              [
                16.102854059,
                45.810576549
              ],
              [
                16.102847309,
                45.810235138
              ],
              [
                16.102767271,
                45.810235911
              ],
              [
                16.102169443,
                45.810241689
              ],
              [
                16.102218931,
                45.810566567
              ],
              [
                16.102225775,
                45.810611499
              ],
              [
                16.102579259,
                45.810608082
              ],
              [
                16.102581893,
                45.810728078
              ],
              [
                16.102244031,
                45.810731343
              ],
              [
                16.102286936,
                45.811013002
              ],
              [
                16.10240182,
                45.811767169
              ],
              [
                16.102408536,
                45.811811254
              ],
              [
                16.102639095,
                45.811809025
              ]
            ]
          ]
        ]
      }
    },
    {
      "type": "Feature",
      "properties": {
        "objectid": 550,
        "namjena": "Javni trg",
        "skupnaNamjena": "Prometne površine",
        "analitika": "Promet",
        "oznaka": "JT1",
        "kartografskiPrikaz": "Korištenje i namjena prostora",
        "izradivacPlana": "Zavod za urbanizam i prostorno planiranje Arhitektonskog fakulteta Sveučilišta u Zagrebu",
        "izvornoMjerilo": "1:1000",
        "godinaZadnjeIzmjene": 2020,
        "planId": 484,
        "razinaPlana": "Detaljniji planovi",
        "areaM2": 3807.4782380783067
      },
      "geometry": {
        "type": "MultiPolygon",
        "coordinates": [
          [
            [
              [
                16.104471724,
                45.810715312
              ],
              [
                16.104870523,
                45.810711449
              ],
              [
                16.104869455,
                45.81065747
              ],
              [
                16.106271688,
                45.810643879
              ],
              [
                16.106268476,
                45.810481946
              ],
              [
                16.10556093,
                45.810488806
              ],
              [
                16.105162131,
                45.81049267
              ],
              [
                16.105162488,
                45.810510661
              ],
              [
                16.103760258,
                45.810524239
              ],
              [
                16.103764108,
                45.810718775
              ],
              [
                16.103764174,
                45.810722159
              ],
              [
                16.104471724,
                45.810715312
              ]
            ]
          ]
        ]
      }
    },
    {
      "type": "Feature",
      "properties": {
        "objectid": 551,
        "namjena": "Javni trg",
        "skupnaNamjena": "Prometne površine",
        "analitika": "Promet",
        "oznaka": "JT1",
        "kartografskiPrikaz": "Korištenje i namjena prostora",
        "izradivacPlana": "Zavod za urbanizam i prostorno planiranje Arhitektonskog fakulteta Sveučilišta u Zagrebu",
        "izvornoMjerilo": "1:1000",
        "godinaZadnjeIzmjene": 2020,
        "planId": 534,
        "razinaPlana": "Detaljniji planovi",
        "areaM2": 1148.5538997405915
      },
      "geometry": {
        "type": "MultiPolygon",
        "coordinates": [
          [
            [
              [
                16.112551615,
                45.811120267
              ],
              [
                16.112547351,
                45.810906465
              ],
              [
                16.112225737,
                45.810909601
              ],
              [
                16.112225064,
                45.810875872
              ],
              [
                16.112031629,
                45.810854271
              ],
              [
                16.112037031,
                45.811125284
              ],
              [
                16.112038444,
                45.81119615
              ],
              [
                16.112092578,
                45.811197027
              ],
              [
                16.112165035,
                45.811198157
              ],
              [
                16.112182675,
                45.811198432
              ],
              [
                16.112231512,
                45.81119921
              ],
              [
                16.112230001,
                45.811123403
              ],
              [
                16.112551615,
                45.811120267
              ]
            ]
          ]
        ]
      }
    },
    {
      "type": "Feature",
      "properties": {
        "objectid": 552,
        "namjena": "Javni trg",
        "skupnaNamjena": "Prometne površine",
        "analitika": "Promet",
        "oznaka": "JT1",
        "kartografskiPrikaz": "Korištenje i namjena prostora",
        "izradivacPlana": "Zavod za urbanizam i prostorno planiranje Arhitektonskog fakulteta Sveučilišta u Zagrebu",
        "izvornoMjerilo": "1:1000",
        "godinaZadnjeIzmjene": 2020,
        "planId": 540,
        "razinaPlana": "Detaljniji planovi",
        "areaM2": 888.3668341888203
      },
      "geometry": {
        "type": "MultiPolygon",
        "coordinates": [
          [
            [
              [
                16.111470989,
                45.811130792
              ],
              [
                16.111468338,
                45.810997737
              ],
              [
                16.111388064,
                45.81099852
              ],
              [
                16.111146724,
                45.81100087
              ],
              [
                16.111141832,
                45.810755291
              ],
              [
                16.110948864,
                45.810757171
              ],
              [
                16.110952821,
                45.810955889
              ],
              [
                16.110955061,
                45.811068326
              ],
              [
                16.111057976,
                45.81106728
              ],
              [
                16.111148029,
                45.811066393
              ],
              [
                16.111149284,
                45.811129377
              ],
              [
                16.111149375,
                45.811133926
              ],
              [
                16.111470989,
                45.811130792
              ]
            ]
          ]
        ]
      }
    },
    {
      "type": "Feature",
      "properties": {
        "objectid": 553,
        "namjena": "Javni trg",
        "skupnaNamjena": "Prometne površine",
        "analitika": "Promet",
        "oznaka": "JT1",
        "kartografskiPrikaz": "Korištenje i namjena prostora",
        "izradivacPlana": "Zavod za urbanizam i prostorno planiranje Arhitektonskog fakulteta Sveučilišta u Zagrebu",
        "izvornoMjerilo": "1:1000",
        "godinaZadnjeIzmjene": 2020,
        "planId": 541,
        "razinaPlana": "Detaljniji planovi",
        "areaM2": 883.555764881734
      },
      "geometry": {
        "type": "MultiPolygon",
        "coordinates": [
          [
            [
              [
                16.113664402,
                45.811109407
              ],
              [
                16.113662853,
                45.811031819
              ],
              [
                16.113341238,
                45.811034959
              ],
              [
                16.11334055,
                45.811000439
              ],
              [
                16.113147113,
                45.810978836
              ],
              [
                16.113147569,
                45.811001653
              ],
              [
                16.112832385,
                45.811004637
              ],
              [
                16.11283452,
                45.811111658
              ],
              [
                16.113149701,
                45.811108583
              ],
              [
                16.113151807,
                45.811214051
              ],
              [
                16.113344875,
                45.81121713
              ],
              [
                16.113342787,
                45.811112548
              ],
              [
                16.113664402,
                45.811109407
              ]
            ]
          ]
        ]
      }
    },
    {
      "type": "Feature",
      "properties": {
        "objectid": 764,
        "namjena": "Mješovita namjena-pretežno stambena",
        "skupnaNamjena": "Stambena i mješovita namjena",
        "analitika": "Stambena i mješovita",
        "oznaka": "M",
        "kartografskiPrikaz": "Korištenje i namjena prostora",
        "izradivacPlana": "Zavod za urbanizam i prostorno planiranje Arhitektonskog fakulteta Sveučilišta u Zagrebu",
        "izvornoMjerilo": "1:1000",
        "godinaZadnjeIzmjene": 2020,
        "planId": 481,
        "razinaPlana": "Detaljniji planovi",
        "areaM2": 3993.598043580052
      },
      "geometry": {
        "type": "MultiPolygon",
        "coordinates": [
          [
            [
              [
                16.114248772,
                45.811832544
              ],
              [
                16.114252006,
                45.811832417
              ],
              [
                16.114255212,
                45.811832102
              ],
              [
                16.114258371,
                45.811831599
              ],
              [
                16.114261457,
                45.811830913
              ],
              [
                16.114264451,
                45.811830049
              ],
              [
                16.11426733,
                45.811829012
              ],
              [
                16.114270075,
                45.811827809
              ],
              [
                16.114272666,
                45.811826451
              ],
              [
                16.114275085,
                45.811824945
              ],
              [
                16.114277314,
                45.811823302
              ],
              [
                16.11427934,
                45.811821535
              ],
              [
                16.114281146,
                45.811819655
              ],
              [
                16.11428272,
                45.811817676
              ],
              [
                16.114337781,
                45.811730927
              ],
              [
                16.114380707,
                45.81164089
              ],
              [
                16.114411102,
                45.811548391
              ],
              [
                16.114428687,
                45.811454282
              ],
              [
                16.1144333,
                45.811359427
              ],
              [
                16.114432543,
                45.811338063
              ],
              [
                16.114431127,
                45.811316717
              ],
              [
                16.114429052,
                45.811295396
              ],
              [
                16.114300407,
                45.811296653
              ],
              [
                16.114295339,
                45.81104296
              ],
              [
                16.114352018,
                45.811042407
              ],
              [
                16.114300338,
                45.810954237
              ],
              [
                16.114236771,
                45.810869951
              ],
              [
                16.114161908,
                45.810790331
              ],
              [
                16.114080391,
                45.810718053
              ],
              [
                16.113994624,
                45.810648222
              ],
              [
                16.113904758,
                45.810580959
              ],
              [
                16.113914058,
                45.811046685
              ],
              [
                16.113917641,
                45.811226093
              ],
              [
                16.113929275,
                45.81180867
              ],
              [
                16.113929468,
                45.811811021
              ],
              [
                16.113929955,
                45.811813352
              ],
              [
                16.113930729,
                45.811815643
              ],
              [
                16.113931787,
                45.811817878
              ],
              [
                16.113933118,
                45.811820041
              ],
              [
                16.113934715,
                45.811822115
              ],
              [
                16.113936563,
                45.811824082
              ],
              [
                16.11393865,
                45.81182593
              ],
              [
                16.113940959,
                45.811827644
              ],
              [
                16.113943474,
                45.81182921
              ],
              [
                16.113946173,
                45.811830618
              ],
              [
                16.113949039,
                45.811831856
              ],
              [
                16.113952047,
                45.811832913
              ],
              [
                16.113955175,
                45.811833784
              ],
              [
                16.1139584,
                45.811834461
              ],
              [
                16.113961698,
                45.811834938
              ],
              [
                16.113965042,
                45.811835213
              ],
              [
                16.113968407,
                45.811835283
              ],
              [
                16.114248772,
                45.811832544
              ]
            ]
          ]
        ]
      }
    },
    {
      "type": "Feature",
      "properties": {
        "objectid": 765,
        "namjena": "Mješovita namjena-pretežno stambena",
        "skupnaNamjena": "Stambena i mješovita namjena",
        "analitika": "Stambena i mješovita",
        "oznaka": "M",
        "kartografskiPrikaz": "Korištenje i namjena prostora",
        "izradivacPlana": "Zavod za urbanizam i prostorno planiranje Arhitektonskog fakulteta Sveučilišta u Zagrebu",
        "izvornoMjerilo": "1:1000",
        "godinaZadnjeIzmjene": 2020,
        "planId": 482,
        "razinaPlana": "Detaljniji planovi",
        "areaM2": 3862.91287301333
      },
      "geometry": {
        "type": "MultiPolygon",
        "coordinates": [
          [
            [
              [
                16.103133565,
                45.812660947
              ],
              [
                16.10313115,
                45.812538822
              ],
              [
                16.10309497,
                45.812539172
              ],
              [
                16.10309163,
                45.812370261
              ],
              [
                16.102889562,
                45.812372215
              ],
              [
                16.102883443,
                45.812062745
              ],
              [
                16.102880977,
                45.811938062
              ],
              [
                16.102641692,
                45.811940375
              ],
              [
                16.102639095,
                45.811809025
              ],
              [
                16.102408536,
                45.811811254
              ],
              [
                16.102491299,
                45.812354534
              ],
              [
                16.102053682,
                45.812387135
              ],
              [
                16.102081179,
                45.812567642
              ],
              [
                16.102768481,
                45.812560999
              ],
              [
                16.102770526,
                45.812664457
              ],
              [
                16.103133565,
                45.812660947
              ]
            ]
          ]
        ]
      }
    },
    {
      "type": "Feature",
      "properties": {
        "objectid": 766,
        "namjena": "Mješovita namjena-pretežno stambena",
        "skupnaNamjena": "Stambena i mješovita namjena",
        "analitika": "Stambena i mješovita",
        "oznaka": "M",
        "kartografskiPrikaz": "Korištenje i namjena prostora",
        "izradivacPlana": "Zavod za urbanizam i prostorno planiranje Arhitektonskog fakulteta Sveučilišta u Zagrebu",
        "izvornoMjerilo": "1:1000",
        "godinaZadnjeIzmjene": 2020,
        "planId": 485,
        "razinaPlana": "Detaljniji planovi",
        "areaM2": 3700.266540766159
      },
      "geometry": {
        "type": "MultiPolygon",
        "coordinates": [
          [
            [
              [
                16.103311841,
                45.811470187
              ],
              [
                16.103294293,
                45.810582922
              ],
              [
                16.103294082,
                45.810572293
              ],
              [
                16.102854059,
                45.810576549
              ],
              [
                16.102867352,
                45.811248942
              ],
              [
                16.102576611,
                45.811251754
              ],
              [
                16.102578871,
                45.81136609
              ],
              [
                16.102869613,
                45.811363279
              ],
              [
                16.102871808,
                45.811474301
              ],
              [
                16.103311841,
                45.811470187
              ]
            ]
          ]
        ]
      }
    },
    {
      "type": "Feature",
      "properties": {
        "objectid": 767,
        "namjena": "Mješovita namjena-pretežno stambena",
        "skupnaNamjena": "Stambena i mješovita namjena",
        "analitika": "Stambena i mješovita",
        "oznaka": "M",
        "kartografskiPrikaz": "Korištenje i namjena prostora",
        "izradivacPlana": "Zavod za urbanizam i prostorno planiranje Arhitektonskog fakulteta Sveučilišta u Zagrebu",
        "izvornoMjerilo": "1:1000",
        "godinaZadnjeIzmjene": 2020,
        "planId": 486,
        "razinaPlana": "Detaljniji planovi",
        "areaM2": 3606.261500433853
      },
      "geometry": {
        "type": "MultiPolygon",
        "coordinates": [
          [
            [
              [
                16.106274166,
                45.812730592
              ],
              [
                16.106277545,
                45.812730474
              ],
              [
                16.106280898,
                45.81273015
              ],
              [
                16.106284196,
                45.812729622
              ],
              [
                16.106287417,
                45.812728893
              ],
              [
                16.106290533,
                45.81272797
              ],
              [
                16.106293521,
                45.81272686
              ],
              [
                16.10629636,
                45.81272557
              ],
              [
                16.106299026,
                45.812724112
              ],
              [
                16.106301499,
                45.812722496
              ],
              [
                16.106303759,
                45.812720736
              ],
              [
                16.106304667,
                45.812719891
              ],
              [
                16.106305791,
                45.812718844
              ],
              [
                16.106307577,
                45.812716833
              ],
              [
                16.106309105,
                45.812714721
              ],
              [
                16.106310364,
                45.812712525
              ],
              [
                16.106311341,
                45.812710259
              ],
              [
                16.106312032,
                45.812707942
              ],
              [
                16.106312429,
                45.812705592
              ],
              [
                16.106312531,
                45.812703227
              ],
              [
                16.106308443,
                45.812497126
              ],
              [
                16.106308249,
                45.812494775
              ],
              [
                16.106307764,
                45.812492445
              ],
              [
                16.10630699,
                45.812490153
              ],
              [
                16.106305932,
                45.812487917
              ],
              [
                16.1063046,
                45.812485755
              ],
              [
                16.106303004,
                45.812483682
              ],
              [
                16.106301156,
                45.812481713
              ],
              [
                16.106299069,
                45.812479866
              ],
              [
                16.10629676,
                45.812478152
              ],
              [
                16.106294246,
                45.812476584
              ],
              [
                16.106291546,
                45.812475177
              ],
              [
                16.106288682,
                45.81247394
              ],
              [
                16.106285673,
                45.812472882
              ],
              [
                16.106282545,
                45.812472011
              ],
              [
                16.10627932,
                45.812471334
              ],
              [
                16.106276023,
                45.812470857
              ],
              [
                16.106272678,
                45.812470581
              ],
              [
                16.106269312,
                45.812470511
              ],
              [
                16.104674061,
                45.812485971
              ],
              [
                16.104678876,
                45.812729073
              ],
              [
                16.104679037,
                45.812737221
              ],
              [
                16.106274166,
                45.812730592
              ]
            ]
          ]
        ]
      }
    },
    {
      "type": "Feature",
      "properties": {
        "objectid": 768,
        "namjena": "Mješovita namjena-pretežno stambena",
        "skupnaNamjena": "Stambena i mješovita namjena",
        "analitika": "Stambena i mješovita",
        "oznaka": "M",
        "kartografskiPrikaz": "Korištenje i namjena prostora",
        "izradivacPlana": "Zavod za urbanizam i prostorno planiranje Arhitektonskog fakulteta Sveučilišta u Zagrebu",
        "izvornoMjerilo": "1:1000",
        "godinaZadnjeIzmjene": 2020,
        "planId": 488,
        "razinaPlana": "Detaljniji planovi",
        "areaM2": 3207.1584236407352
      },
      "geometry": {
        "type": "MultiPolygon",
        "coordinates": [
          [
            [
              [
                16.110952821,
                45.810955889
              ],
              [
                16.110948864,
                45.810757171
              ],
              [
                16.110933737,
                45.809997644
              ],
              [
                16.110550269,
                45.809983476
              ],
              [
                16.110551157,
                45.810031515
              ],
              [
                16.110564637,
                45.810760913
              ],
              [
                16.110565312,
                45.810797438
              ],
              [
                16.110565875,
                45.810827913
              ],
              [
                16.110566131,
                45.810841768
              ],
              [
                16.110568311,
                45.810959633
              ],
              [
                16.11061963,
                45.810959134
              ],
              [
                16.110882066,
                45.810956578
              ],
              [
                16.110952821,
                45.810955889
              ]
            ]
          ]
        ]
      }
    },
    {
      "type": "Feature",
      "properties": {
        "objectid": 769,
        "namjena": "Mješovita namjena-pretežno stambena",
        "skupnaNamjena": "Stambena i mješovita namjena",
        "analitika": "Stambena i mješovita",
        "oznaka": "M",
        "kartografskiPrikaz": "Korištenje i namjena prostora",
        "izradivacPlana": "Zavod za urbanizam i prostorno planiranje Arhitektonskog fakulteta Sveučilišta u Zagrebu",
        "izvornoMjerilo": "1:1000",
        "godinaZadnjeIzmjene": 2020,
        "planId": 491,
        "razinaPlana": "Detaljniji planovi",
        "areaM2": 3021.5146341320874
      },
      "geometry": {
        "type": "MultiPolygon",
        "coordinates": [
          [
            [
              [
                16.110970918,
                45.811864517
              ],
              [
                16.110955061,
                45.811068326
              ],
              [
                16.110952821,
                45.810955889
              ],
              [
                16.110882066,
                45.810956578
              ],
              [
                16.11061963,
                45.810959134
              ],
              [
                16.110568311,
                45.810959633
              ],
              [
                16.110571052,
                45.811108066
              ],
              [
                16.110584609,
                45.811841449
              ],
              [
                16.110584633,
                45.811841842
              ],
              [
                16.110584659,
                45.811842236
              ],
              [
                16.110584687,
                45.811842628
              ],
              [
                16.110585036,
                45.81184495
              ],
              [
                16.110585679,
                45.811847241
              ],
              [
                16.110586601,
                45.811849486
              ],
              [
                16.110587798,
                45.811851665
              ],
              [
                16.110589261,
                45.811853764
              ],
              [
                16.110590976,
                45.811855768
              ],
              [
                16.110592934,
                45.81185766
              ],
              [
                16.110595117,
                45.811859427
              ],
              [
                16.110597512,
                45.811861055
              ],
              [
                16.110600098,
                45.811862532
              ],
              [
                16.110602856,
                45.811863847
              ],
              [
                16.110605768,
                45.81186499
              ],
              [
                16.11060881,
                45.811865955
              ],
              [
                16.110611959,
                45.81186673
              ],
              [
                16.110615192,
                45.811867313
              ],
              [
                16.110618486,
                45.811867698
              ],
              [
                16.110621815,
                45.811867883
              ],
              [
                16.110622456,
                45.811867895
              ],
              [
                16.110623096,
                45.8118679
              ],
              [
                16.110623737,
                45.811867898
              ],
              [
                16.110970918,
                45.811864517
              ]
            ]
          ]
        ]
      }
    },
    {
      "type": "Feature",
      "properties": {
        "objectid": 770,
        "namjena": "Mješovita namjena-pretežno stambena",
        "skupnaNamjena": "Stambena i mješovita namjena",
        "analitika": "Stambena i mješovita",
        "oznaka": "M",
        "kartografskiPrikaz": "Korištenje i namjena prostora",
        "izradivacPlana": "Zavod za urbanizam i prostorno planiranje Arhitektonskog fakulteta Sveučilišta u Zagrebu",
        "izvornoMjerilo": "1:1000",
        "godinaZadnjeIzmjene": 2020,
        "planId": 492,
        "razinaPlana": "Detaljniji planovi",
        "areaM2": 2882.983730542692
      },
      "geometry": {
        "type": "MultiPolygon",
        "coordinates": [
          [
            [
              [
                16.10240182,
                45.811767169
              ],
              [
                16.102286936,
                45.811013002
              ],
              [
                16.10184933,
                45.811045601
              ],
              [
                16.101895518,
                45.811348824
              ],
              [
                16.10190973,
                45.811442128
              ],
              [
                16.101964207,
                45.811799759
              ],
              [
                16.10240182,
                45.811767169
              ]
            ]
          ]
        ]
      }
    },
    {
      "type": "Feature",
      "properties": {
        "objectid": 771,
        "namjena": "Mješovita namjena-pretežno stambena",
        "skupnaNamjena": "Stambena i mješovita namjena",
        "analitika": "Stambena i mješovita",
        "oznaka": "M",
        "kartografskiPrikaz": "Korištenje i namjena prostora",
        "izradivacPlana": "Zavod za urbanizam i prostorno planiranje Arhitektonskog fakulteta Sveučilišta u Zagrebu",
        "izvornoMjerilo": "1:1000",
        "godinaZadnjeIzmjene": 2020,
        "planId": 494,
        "razinaPlana": "Detaljniji planovi",
        "areaM2": 2733.485244722849
      },
      "geometry": {
        "type": "MultiPolygon",
        "coordinates": [
          [
            [
              [
                16.112037031,
                45.811125284
              ],
              [
                16.112031629,
                45.810854271
              ],
              [
                16.112017193,
                45.810130069
              ],
              [
                16.111786259,
                45.810114279
              ],
              [
                16.111779493,
                45.810114096
              ],
              [
                16.11177273,
                45.81011433
              ],
              [
                16.111766024,
                45.810114977
              ],
              [
                16.111759423,
                45.810116032
              ],
              [
                16.11175298,
                45.810117488
              ],
              [
                16.111746745,
                45.810119333
              ],
              [
                16.111740764,
                45.810121553
              ],
              [
                16.111735085,
                45.810124131
              ],
              [
                16.111729751,
                45.810127046
              ],
              [
                16.111724802,
                45.810130279
              ],
              [
                16.111720278,
                45.810133801
              ],
              [
                16.111716213,
                45.810137587
              ],
              [
                16.111712636,
                45.810141608
              ],
              [
                16.111709578,
                45.810145832
              ],
              [
                16.111707062,
                45.810150228
              ],
              [
                16.111705105,
                45.810154761
              ],
              [
                16.111703723,
                45.810159397
              ],
              [
                16.111702929,
                45.810164099
              ],
              [
                16.111702726,
                45.810168831
              ],
              [
                16.11170279,
                45.810172048
              ],
              [
                16.111721849,
                45.811128357
              ],
              [
                16.111797352,
                45.811127621
              ],
              [
                16.111803785,
                45.811127559
              ],
              [
                16.111808866,
                45.811127509
              ],
              [
                16.111959844,
                45.811126037
              ],
              [
                16.111964592,
                45.811125991
              ],
              [
                16.112037031,
                45.811125284
              ]
            ]
          ]
        ]
      }
    },
    {
      "type": "Feature",
      "properties": {
        "objectid": 772,
        "namjena": "Mješovita namjena-pretežno stambena",
        "skupnaNamjena": "Stambena i mješovita namjena",
        "analitika": "Stambena i mješovita",
        "oznaka": "M",
        "kartografskiPrikaz": "Korištenje i namjena prostora",
        "izradivacPlana": "Zavod za urbanizam i prostorno planiranje Arhitektonskog fakulteta Sveučilišta u Zagrebu",
        "izvornoMjerilo": "1:1000",
        "godinaZadnjeIzmjene": 2020,
        "planId": 497,
        "razinaPlana": "Detaljniji planovi",
        "areaM2": 2531.698934232681
      },
      "geometry": {
        "type": "MultiPolygon",
        "coordinates": [
          [
            [
              [
                16.102169443,
                45.810241689
              ],
              [
                16.102767271,
                45.810235911
              ],
              [
                16.102847309,
                45.810235138
              ],
              [
                16.102951637,
                45.810234129
              ],
              [
                16.102949512,
                45.810126622
              ],
              [
                16.103285203,
                45.810123376
              ],
              [
                16.10328272,
                45.809997876
              ],
              [
                16.101692082,
                45.810013251
              ],
              [
                16.101711173,
                45.81013859
              ],
              [
                16.102070873,
                45.810135114
              ],
              [
                16.102072997,
                45.810242621
              ],
              [
                16.102169443,
                45.810241689
              ]
            ]
          ]
        ]
      }
    },
    {
      "type": "Feature",
      "properties": {
        "objectid": 773,
        "namjena": "Mješovita namjena-pretežno stambena",
        "skupnaNamjena": "Stambena i mješovita namjena",
        "analitika": "Stambena i mješovita",
        "oznaka": "M",
        "kartografskiPrikaz": "Korištenje i namjena prostora",
        "izradivacPlana": "Zavod za urbanizam i prostorno planiranje Arhitektonskog fakulteta Sveučilišta u Zagrebu",
        "izvornoMjerilo": "1:1000",
        "godinaZadnjeIzmjene": 2020,
        "planId": 505,
        "razinaPlana": "Detaljniji planovi",
        "areaM2": 2245.378508232222
      },
      "geometry": {
        "type": "MultiPolygon",
        "coordinates": [
          [
            [
              [
                16.102408536,
                45.811811254
              ],
              [
                16.10240182,
                45.811767169
              ],
              [
                16.101964207,
                45.811799759
              ],
              [
                16.102053682,
                45.812387135
              ],
              [
                16.102491299,
                45.812354534
              ],
              [
                16.102408536,
                45.811811254
              ]
            ]
          ]
        ]
      }
    },
    {
      "type": "Feature",
      "properties": {
        "objectid": 774,
        "namjena": "Mješovita namjena-pretežno stambena",
        "skupnaNamjena": "Stambena i mješovita namjena",
        "analitika": "Stambena i mješovita",
        "oznaka": "M",
        "kartografskiPrikaz": "Korištenje i namjena prostora",
        "izradivacPlana": "Zavod za urbanizam i prostorno planiranje Arhitektonskog fakulteta Sveučilišta u Zagrebu",
        "izvornoMjerilo": "1:1000",
        "godinaZadnjeIzmjene": 2020,
        "planId": 508,
        "razinaPlana": "Detaljniji planovi",
        "areaM2": 2065.008262331494
      },
      "geometry": {
        "type": "MultiPolygon",
        "coordinates": [
          [
            [
              [
                16.102286936,
                45.811013002
              ],
              [
                16.102244031,
                45.810731343
              ],
              [
                16.102581893,
                45.810728078
              ],
              [
                16.102579259,
                45.810608082
              ],
              [
                16.102225775,
                45.810611499
              ],
              [
                16.102218931,
                45.810566567
              ],
              [
                16.101781325,
                45.810599148
              ],
              [
                16.10184933,
                45.811045601
              ],
              [
                16.102286936,
                45.811013002
              ]
            ]
          ]
        ]
      }
    },
    {
      "type": "Feature",
      "properties": {
        "objectid": 775,
        "namjena": "Mješovita namjena-pretežno stambena",
        "skupnaNamjena": "Stambena i mješovita namjena",
        "analitika": "Stambena i mješovita",
        "oznaka": "M",
        "kartografskiPrikaz": "Korištenje i namjena prostora",
        "izradivacPlana": "Zavod za urbanizam i prostorno planiranje Arhitektonskog fakulteta Sveučilišta u Zagrebu",
        "izvornoMjerilo": "1:1000",
        "godinaZadnjeIzmjene": 2020,
        "planId": 510,
        "razinaPlana": "Detaljniji planovi",
        "areaM2": 2022.7669678536715
      },
      "geometry": {
        "type": "MultiPolygon",
        "coordinates": [
          [
            [
              [
                16.112527555,
                45.811849345
              ],
              [
                16.112530916,
                45.811849209
              ],
              [
                16.112534249,
                45.81184887
              ],
              [
                16.112537526,
                45.811848328
              ],
              [
                16.112540722,
                45.811847589
              ],
              [
                16.112543815,
                45.811846657
              ],
              [
                16.11254678,
                45.811845541
              ],
              [
                16.112549594,
                45.811844248
              ],
              [
                16.112552237,
                45.811842789
              ],
              [
                16.112554687,
                45.811841174
              ],
              [
                16.112556928,
                45.811839416
              ],
              [
                16.11255894,
                45.811837528
              ],
              [
                16.11256071,
                45.811835525
              ],
              [
                16.112562222,
                45.811833421
              ],
              [
                16.112563467,
                45.811831233
              ],
              [
                16.112564435,
                45.811828978
              ],
              [
                16.112565118,
                45.811826672
              ],
              [
                16.112565511,
                45.811824333
              ],
              [
                16.112565611,
                45.811821979
              ],
              [
                16.112551615,
                45.811120267
              ],
              [
                16.112230001,
                45.811123403
              ],
              [
                16.112231512,
                45.81119921
              ],
              [
                16.11224453,
                45.811852105
              ],
              [
                16.112527555,
                45.811849345
              ]
            ]
          ]
        ]
      }
    },
    {
      "type": "Feature",
      "properties": {
        "objectid": 776,
        "namjena": "Mješovita namjena-pretežno stambena",
        "skupnaNamjena": "Stambena i mješovita namjena",
        "analitika": "Stambena i mješovita",
        "oznaka": "M",
        "kartografskiPrikaz": "Korištenje i namjena prostora",
        "izradivacPlana": "Zavod za urbanizam i prostorno planiranje Arhitektonskog fakulteta Sveučilišta u Zagrebu",
        "izvornoMjerilo": "1:1000",
        "godinaZadnjeIzmjene": 2020,
        "planId": 512,
        "razinaPlana": "Detaljniji planovi",
        "areaM2": 2017.8108182052351
      },
      "geometry": {
        "type": "MultiPolygon",
        "coordinates": [
          [
            [
              [
                16.113147113,
                45.810978836
              ],
              [
                16.113134396,
                45.810305065
              ],
              [
                16.113046892,
                45.810279006
              ],
              [
                16.112957962,
                45.810255427
              ],
              [
                16.11286775,
                45.810234364
              ],
              [
                16.112864548,
                45.810233761
              ],
              [
                16.112861284,
                45.810233353
              ],
              [
                16.112857982,
                45.810233143
              ],
              [
                16.112854667,
                45.810233131
              ],
              [
                16.112851361,
                45.810233318
              ],
              [
                16.112848092,
                45.810233704
              ],
              [
                16.112844881,
                45.810234283
              ],
              [
                16.112841755,
                45.810235055
              ],
              [
                16.112838733,
                45.81023601
              ],
              [
                16.112835841,
                45.810237143
              ],
              [
                16.112833097,
                45.810238445
              ],
              [
                16.112830524,
                45.810239908
              ],
              [
                16.112828141,
                45.810241519
              ],
              [
                16.112825963,
                45.810243268
              ],
              [
                16.112824008,
                45.810245141
              ],
              [
                16.112822291,
                45.810247124
              ],
              [
                16.112820823,
                45.810249203
              ],
              [
                16.112819615,
                45.810251362
              ],
              [
                16.112818677,
                45.810253587
              ],
              [
                16.112818015,
                45.810255858
              ],
              [
                16.112817635,
                45.810258162
              ],
              [
                16.112817539,
                45.81026048
              ],
              [
                16.112818035,
                45.810285347
              ],
              [
                16.112832385,
                45.811004637
              ],
              [
                16.113147569,
                45.811001653
              ],
              [
                16.113147113,
                45.810978836
              ]
            ]
          ]
        ]
      }
    },
    {
      "type": "Feature",
      "properties": {
        "objectid": 777,
        "namjena": "Mješovita namjena-pretežno stambena",
        "skupnaNamjena": "Stambena i mješovita namjena",
        "analitika": "Stambena i mješovita",
        "oznaka": "M",
        "kartografskiPrikaz": "Korištenje i namjena prostora",
        "izradivacPlana": "Zavod za urbanizam i prostorno planiranje Arhitektonskog fakulteta Sveučilišta u Zagrebu",
        "izvornoMjerilo": "1:1000",
        "godinaZadnjeIzmjene": 2020,
        "planId": 513,
        "razinaPlana": "Detaljniji planovi",
        "areaM2": 1998.194579349119
      },
      "geometry": {
        "type": "MultiPolygon",
        "coordinates": [
          [
            [
              [
                16.113164361,
                45.811843131
              ],
              [
                16.113151807,
                45.811214051
              ],
              [
                16.113149701,
                45.811108583
              ],
              [
                16.11283452,
                45.811111658
              ],
              [
                16.112848635,
                45.811819219
              ],
              [
                16.11284883,
                45.811821569
              ],
              [
                16.112849316,
                45.811823899
              ],
              [
                16.11285009,
                45.811826191
              ],
              [
                16.112851147,
                45.811828427
              ],
              [
                16.11285248,
                45.811830589
              ],
              [
                16.112854075,
                45.811832662
              ],
              [
                16.112855924,
                45.811834631
              ],
              [
                16.112858012,
                45.811836478
              ],
              [
                16.112860321,
                45.811838192
              ],
              [
                16.112862835,
                45.811839759
              ],
              [
                16.112865535,
                45.811841166
              ],
              [
                16.112868399,
                45.811842404
              ],
              [
                16.112871407,
                45.811843462
              ],
              [
                16.112874536,
                45.811844332
              ],
              [
                16.112877761,
                45.811845009
              ],
              [
                16.112881058,
                45.811845487
              ],
              [
                16.112884402,
                45.811845761
              ],
              [
                16.112887769,
                45.811845831
              ],
              [
                16.113164361,
                45.811843131
              ]
            ]
          ]
        ]
      }
    },
    {
      "type": "Feature",
      "properties": {
        "objectid": 778,
        "namjena": "Mješovita namjena-pretežno stambena",
        "skupnaNamjena": "Stambena i mješovita namjena",
        "analitika": "Stambena i mješovita",
        "oznaka": "M",
        "kartografskiPrikaz": "Korištenje i namjena prostora",
        "izradivacPlana": "Zavod za urbanizam i prostorno planiranje Arhitektonskog fakulteta Sveučilišta u Zagrebu",
        "izvornoMjerilo": "1:1000",
        "godinaZadnjeIzmjene": 2020,
        "planId": 514,
        "razinaPlana": "Detaljniji planovi",
        "areaM2": 1982.2716035845065
      },
      "geometry": {
        "type": "MultiPolygon",
        "coordinates": [
          [
            [
              [
                16.11205156,
                45.811853987
              ],
              [
                16.112038444,
                45.81119615
              ],
              [
                16.112037031,
                45.811125284
              ],
              [
                16.111964592,
                45.811125991
              ],
              [
                16.111959844,
                45.811126037
              ],
              [
                16.111808866,
                45.811127509
              ],
              [
                16.111803785,
                45.811127559
              ],
              [
                16.111797352,
                45.811127621
              ],
              [
                16.111721849,
                45.811128357
              ],
              [
                16.111735835,
                45.81183007
              ],
              [
                16.111736028,
                45.811832421
              ],
              [
                16.111736514,
                45.811834751
              ],
              [
                16.111737289,
                45.811837042
              ],
              [
                16.111738345,
                45.811839278
              ],
              [
                16.111739678,
                45.81184144
              ],
              [
                16.111741274,
                45.811843514
              ],
              [
                16.111743122,
                45.811845482
              ],
              [
                16.111745209,
                45.81184733
              ],
              [
                16.111747519,
                45.811849044
              ],
              [
                16.111750032,
                45.81185061
              ],
              [
                16.111752732,
                45.811852018
              ],
              [
                16.111755597,
                45.811853255
              ],
              [
                16.111758606,
                45.811854313
              ],
              [
                16.111761734,
                45.811855184
              ],
              [
                16.111764959,
                45.81185586
              ],
              [
                16.111768256,
                45.811856338
              ],
              [
                16.111771601,
                45.811856612
              ],
              [
                16.111774966,
                45.811856682
              ],
              [
                16.11205156,
                45.811853987
              ]
            ]
          ]
        ]
      }
    },
    {
      "type": "Feature",
      "properties": {
        "objectid": 779,
        "namjena": "Mješovita namjena-pretežno stambena",
        "skupnaNamjena": "Stambena i mješovita namjena",
        "analitika": "Stambena i mješovita",
        "oznaka": "M",
        "kartografskiPrikaz": "Korištenje i namjena prostora",
        "izradivacPlana": "Zavod za urbanizam i prostorno planiranje Arhitektonskog fakulteta Sveučilišta u Zagrebu",
        "izvornoMjerilo": "1:1000",
        "godinaZadnjeIzmjene": 2020,
        "planId": 516,
        "razinaPlana": "Detaljniji planovi",
        "areaM2": 1736.6361393523473
      },
      "geometry": {
        "type": "MultiPolygon",
        "coordinates": [
          [
            [
              [
                16.103335356,
                45.812658995
              ],
              [
                16.103323477,
                45.81205847
              ],
              [
                16.102883443,
                45.812062745
              ],
              [
                16.102889562,
                45.812372215
              ],
              [
                16.10309163,
                45.812370261
              ],
              [
                16.10309497,
                45.812539172
              ],
              [
                16.10313115,
                45.812538822
              ],
              [
                16.103133565,
                45.812660947
              ],
              [
                16.103335356,
                45.812658995
              ]
            ]
          ]
        ]
      }
    },
    {
      "type": "Feature",
      "properties": {
        "objectid": 780,
        "namjena": "Mješovita namjena-pretežno stambena",
        "skupnaNamjena": "Stambena i mješovita namjena",
        "analitika": "Stambena i mješovita",
        "oznaka": "M",
        "kartografskiPrikaz": "Korištenje i namjena prostora",
        "izradivacPlana": "Zavod za urbanizam i prostorno planiranje Arhitektonskog fakulteta Sveučilišta u Zagrebu",
        "izvornoMjerilo": "1:1000",
        "godinaZadnjeIzmjene": 2020,
        "planId": 517,
        "razinaPlana": "Detaljniji planovi",
        "areaM2": 1623.5202796754902
      },
      "geometry": {
        "type": "MultiPolygon",
        "coordinates": [
          [
            [
              [
                16.102218931,
                45.810566567
              ],
              [
                16.102169443,
                45.810241689
              ],
              [
                16.102072997,
                45.810242621
              ],
              [
                16.102070873,
                45.810135114
              ],
              [
                16.101711173,
                45.81013859
              ],
              [
                16.101781325,
                45.810599148
              ],
              [
                16.102218931,
                45.810566567
              ]
            ]
          ]
        ]
      }
    },
    {
      "type": "Feature",
      "properties": {
        "objectid": 781,
        "namjena": "Mješovita namjena-pretežno stambena",
        "skupnaNamjena": "Stambena i mješovita namjena",
        "analitika": "Stambena i mješovita",
        "oznaka": "M",
        "kartografskiPrikaz": "Korištenje i namjena prostora",
        "izradivacPlana": "Zavod za urbanizam i prostorno planiranje Arhitektonskog fakulteta Sveučilišta u Zagrebu",
        "izvornoMjerilo": "1:1000",
        "godinaZadnjeIzmjene": 2020,
        "planId": 519,
        "razinaPlana": "Detaljniji planovi",
        "areaM2": 1609.660267110888
      },
      "geometry": {
        "type": "MultiPolygon",
        "coordinates": [
          [
            [
              [
                16.103294082,
                45.810572293
              ],
              [
                16.103293963,
                45.810566306
              ],
              [
                16.103285203,
                45.810123376
              ],
              [
                16.102949512,
                45.810126622
              ],
              [
                16.102951637,
                45.810234129
              ],
              [
                16.102847309,
                45.810235138
              ],
              [
                16.102854059,
                45.810576549
              ],
              [
                16.103294082,
                45.810572293
              ]
            ]
          ]
        ]
      }
    },
    {
      "type": "Feature",
      "properties": {
        "objectid": 782,
        "namjena": "Mješovita namjena-pretežno stambena",
        "skupnaNamjena": "Stambena i mješovita namjena",
        "analitika": "Stambena i mješovita",
        "oznaka": "M",
        "kartografskiPrikaz": "Korištenje i namjena prostora",
        "izradivacPlana": "Zavod za urbanizam i prostorno planiranje Arhitektonskog fakulteta Sveučilišta u Zagrebu",
        "izvornoMjerilo": "1:1000",
        "godinaZadnjeIzmjene": 2020,
        "planId": 521,
        "razinaPlana": "Detaljniji planovi",
        "areaM2": 1530.8681440416033
      },
      "geometry": {
        "type": "MultiPolygon",
        "coordinates": [
          [
            [
              [
                16.104713619,
                45.811234858
              ],
              [
                16.104709877,
                45.811045929
              ],
              [
                16.103809354,
                45.811054652
              ],
              [
                16.103805994,
                45.811054787
              ],
              [
                16.103802661,
                45.811055127
              ],
              [
                16.103799384,
                45.811055668
              ],
              [
                16.103796188,
                45.811056408
              ],
              [
                16.103793094,
                45.811057338
              ],
              [
                16.10379013,
                45.811058454
              ],
              [
                16.103787316,
                45.811059746
              ],
              [
                16.103784673,
                45.811061206
              ],
              [
                16.103782222,
                45.811062821
              ],
              [
                16.103779982,
                45.811064578
              ],
              [
                16.103777969,
                45.811066466
              ],
              [
                16.103776198,
                45.811068469
              ],
              [
                16.103774686,
                45.811070573
              ],
              [
                16.10377344,
                45.811072761
              ],
              [
                16.103772472,
                45.811075016
              ],
              [
                16.103771789,
                45.811077321
              ],
              [
                16.103771396,
                45.81107966
              ],
              [
                16.103771295,
                45.811082014
              ],
              [
                16.103774499,
                45.811243949
              ],
              [
                16.104713619,
                45.811234858
              ]
            ]
          ]
        ]
      }
    },
    {
      "type": "Feature",
      "properties": {
        "objectid": 783,
        "namjena": "Mješovita namjena-pretežno stambena",
        "skupnaNamjena": "Stambena i mješovita namjena",
        "analitika": "Stambena i mješovita",
        "oznaka": "M",
        "kartografskiPrikaz": "Korištenje i namjena prostora",
        "izradivacPlana": "Zavod za urbanizam i prostorno planiranje Arhitektonskog fakulteta Sveučilišta u Zagrebu",
        "izvornoMjerilo": "1:1000",
        "godinaZadnjeIzmjene": 2020,
        "planId": 522,
        "razinaPlana": "Detaljniji planovi",
        "areaM2": 1530.8202397247176
      },
      "geometry": {
        "type": "MultiPolygon",
        "coordinates": [
          [
            [
              [
                16.106297381,
                45.81193935
              ],
              [
                16.106294169,
                45.811777419
              ],
              [
                16.106293975,
                45.811775069
              ],
              [
                16.106293489,
                45.811772738
              ],
              [
                16.106292715,
                45.811770446
              ],
              [
                16.106291658,
                45.811768211
              ],
              [
                16.106290327,
                45.811766048
              ],
              [
                16.106288731,
                45.811763975
              ],
              [
                16.106286881,
                45.811762007
              ],
              [
                16.106284796,
                45.811760159
              ],
              [
                16.106282487,
                45.811758445
              ],
              [
                16.106279972,
                45.811756878
              ],
              [
                16.106277272,
                45.811755471
              ],
              [
                16.106274407,
                45.811754233
              ],
              [
                16.1062714,
                45.811753175
              ],
              [
                16.106268272,
                45.811752304
              ],
              [
                16.106265046,
                45.811751627
              ],
              [
                16.106261749,
                45.81175115
              ],
              [
                16.106258405,
                45.811750875
              ],
              [
                16.106255038,
                45.811750805
              ],
              [
                16.105354505,
                45.811759535
              ],
              [
                16.105358248,
                45.811948455
              ],
              [
                16.106297381,
                45.81193935
              ]
            ]
          ]
        ]
      }
    },
    {
      "type": "Feature",
      "properties": {
        "objectid": 784,
        "namjena": "Mješovita namjena-pretežno stambena",
        "skupnaNamjena": "Stambena i mješovita namjena",
        "analitika": "Stambena i mješovita",
        "oznaka": "M",
        "kartografskiPrikaz": "Korištenje i namjena prostora",
        "izradivacPlana": "Zavod za urbanizam i prostorno planiranje Arhitektonskog fakulteta Sveučilišta u Zagrebu",
        "izvornoMjerilo": "1:1000",
        "godinaZadnjeIzmjene": 2020,
        "planId": 523,
        "razinaPlana": "Detaljniji planovi",
        "areaM2": 1514.3512257649068
      },
      "geometry": {
        "type": "MultiPolygon",
        "coordinates": [
          [
            [
              [
                16.104511773,
                45.812737914
              ],
              [
                16.104511626,
                45.812730496
              ],
              [
                16.104506816,
                45.81248759
              ],
              [
                16.10383784,
                45.812494067
              ],
              [
                16.103834478,
                45.812494202
              ],
              [
                16.103831145,
                45.812494541
              ],
              [
                16.103827868,
                45.812495083
              ],
              [
                16.103824672,
                45.812495822
              ],
              [
                16.103821578,
                45.812496753
              ],
              [
                16.103818613,
                45.812497869
              ],
              [
                16.103815799,
                45.812499161
              ],
              [
                16.103813156,
                45.812500621
              ],
              [
                16.103810705,
                45.812502235
              ],
              [
                16.103808464,
                45.812503993
              ],
              [
                16.103806452,
                45.812505881
              ],
              [
                16.103804682,
                45.812507884
              ],
              [
                16.103803169,
                45.812509988
              ],
              [
                16.103801924,
                45.812512176
              ],
              [
                16.103800955,
                45.812514431
              ],
              [
                16.103800272,
                45.812516736
              ],
              [
                16.103799879,
                45.812519075
              ],
              [
                16.103799779,
                45.812521429
              ],
              [
                16.10380359,
                45.812714071
              ],
              [
                16.103803782,
                45.81271641
              ],
              [
                16.103804264,
                45.812718729
              ],
              [
                16.10380503,
                45.81272101
              ],
              [
                16.103806077,
                45.812723235
              ],
              [
                16.103807396,
                45.812725389
              ],
              [
                16.103808977,
                45.812727454
              ],
              [
                16.103810807,
                45.812729417
              ],
              [
                16.103812874,
                45.81273126
              ],
              [
                16.103815163,
                45.812732971
              ],
              [
                16.103817655,
                45.812734537
              ],
              [
                16.103820331,
                45.812735946
              ],
              [
                16.103821272,
                45.812736357
              ],
              [
                16.103823173,
                45.812737188
              ],
              [
                16.103826158,
                45.812738252
              ],
              [
                16.103829263,
                45.812739132
              ],
              [
                16.103832466,
                45.81273982
              ],
              [
                16.103835741,
                45.812740311
              ],
              [
                16.103839067,
                45.812740601
              ],
              [
                16.103842414,
                45.812740689
              ],
              [
                16.104511773,
                45.812737914
              ]
            ]
          ]
        ]
      }
    },
    {
      "type": "Feature",
      "properties": {
        "objectid": 785,
        "namjena": "Mješovita namjena-pretežno stambena",
        "skupnaNamjena": "Stambena i mješovita namjena",
        "analitika": "Stambena i mješovita",
        "oznaka": "M",
        "kartografskiPrikaz": "Korištenje i namjena prostora",
        "izradivacPlana": "Zavod za urbanizam i prostorno planiranje Arhitektonskog fakulteta Sveučilišta u Zagrebu",
        "izvornoMjerilo": "1:1000",
        "godinaZadnjeIzmjene": 2020,
        "planId": 525,
        "razinaPlana": "Detaljniji planovi",
        "areaM2": 1474.4462654343617
      },
      "geometry": {
        "type": "MultiPolygon",
        "coordinates": [
          [
            [
              [
                16.10277212,
                45.812745117
              ],
              [
                16.102770526,
                45.812664457
              ],
              [
                16.102768481,
                45.812560999
              ],
              [
                16.102081179,
                45.812567642
              ],
              [
                16.101859233,
                45.812569786
              ],
              [
                16.101809331,
                45.812570268
              ],
              [
                16.101826693,
                45.812684242
              ],
              [
                16.101826987,
                45.812686168
              ],
              [
                16.101828518,
                45.812692185
              ],
              [
                16.101830772,
                45.812698089
              ],
              [
                16.101833736,
                45.812703839
              ],
              [
                16.101837384,
                45.812709391
              ],
              [
                16.101841693,
                45.812714708
              ],
              [
                16.101846631,
                45.81271975
              ],
              [
                16.101852161,
                45.812724481
              ],
              [
                16.101858246,
                45.812728867
              ],
              [
                16.101862731,
                45.812731595
              ],
              [
                16.101864841,
                45.812732877
              ],
              [
                16.101871898,
                45.812736481
              ],
              [
                16.101879367,
                45.812739655
              ],
              [
                16.101887192,
                45.812742374
              ],
              [
                16.10189532,
                45.81274462
              ],
              [
                16.101903689,
                45.812746375
              ],
              [
                16.101912244,
                45.812747628
              ],
              [
                16.101920917,
                45.81274837
              ],
              [
                16.10192965,
                45.812748595
              ],
              [
                16.102496049,
                45.812746257
              ],
              [
                16.10277212,
                45.812745117
              ]
            ]
          ]
        ]
      }
    },
    {
      "type": "Feature",
      "properties": {
        "objectid": 786,
        "namjena": "Mješovita namjena-pretežno stambena",
        "skupnaNamjena": "Stambena i mješovita namjena",
        "analitika": "Stambena i mješovita",
        "oznaka": "M",
        "kartografskiPrikaz": "Korištenje i namjena prostora",
        "izradivacPlana": "Zavod za urbanizam i prostorno planiranje Arhitektonskog fakulteta Sveučilišta u Zagrebu",
        "izvornoMjerilo": "1:1000",
        "godinaZadnjeIzmjene": 2020,
        "planId": 527,
        "razinaPlana": "Detaljniji planovi",
        "areaM2": 1268.27536543178
      },
      "geometry": {
        "type": "MultiPolygon",
        "coordinates": [
          [
            [
              [
                16.106260626,
                45.810086104
              ],
              [
                16.106257609,
                45.809933955
              ],
              [
                16.106257417,
                45.809931617
              ],
              [
                16.106256937,
                45.8099293
              ],
              [
                16.10625617,
                45.809927021
              ],
              [
                16.106255126,
                45.809924797
              ],
              [
                16.106253808,
                45.809922645
              ],
              [
                16.10625223,
                45.80992058
              ],
              [
                16.106250401,
                45.809918619
              ],
              [
                16.106248336,
                45.809916776
              ],
              [
                16.10624605,
                45.809915065
              ],
              [
                16.106243561,
                45.809913499
              ],
              [
                16.106240888,
                45.80991209
              ],
              [
                16.10623805,
                45.809910848
              ],
              [
                16.106235068,
                45.809909783
              ],
              [
                16.106231966,
                45.809908902
              ],
              [
                16.106228767,
                45.809908213
              ],
              [
                16.106225493,
                45.80990772
              ],
              [
                16.106222172,
                45.809907428
              ],
              [
                16.106218827,
                45.809907338
              ],
              [
                16.105549451,
                45.809909627
              ],
              [
                16.10555362,
                45.810119955
              ],
              [
                16.106222568,
                45.810113471
              ],
              [
                16.106225929,
                45.810113335
              ],
              [
                16.106229262,
                45.810112995
              ],
              [
                16.106232539,
                45.810112454
              ],
              [
                16.106235736,
                45.810111715
              ],
              [
                16.106238829,
                45.810110783
              ],
              [
                16.106241794,
                45.810109668
              ],
              [
                16.106244608,
                45.810108375
              ],
              [
                16.106247251,
                45.810106915
              ],
              [
                16.106249702,
                45.810105301
              ],
              [
                16.106251943,
                45.810103542
              ],
              [
                16.106253954,
                45.810101654
              ],
              [
                16.106255725,
                45.810099651
              ],
              [
                16.106257237,
                45.810097548
              ],
              [
                16.106258483,
                45.810095359
              ],
              [
                16.106259451,
                45.810093104
              ],
              [
                16.106260133,
                45.810090799
              ],
              [
                16.106260526,
                45.81008846
              ],
              [
                16.106260626,
                45.810086104
              ]
            ]
          ]
        ]
      }
    },
    {
      "type": "Feature",
      "properties": {
        "objectid": 787,
        "namjena": "Mješovita namjena-pretežno stambena",
        "skupnaNamjena": "Stambena i mješovita namjena",
        "analitika": "Stambena i mješovita",
        "oznaka": "M",
        "kartografskiPrikaz": "Korištenje i namjena prostora",
        "izradivacPlana": "Zavod za urbanizam i prostorno planiranje Arhitektonskog fakulteta Sveučilišta u Zagrebu",
        "izvornoMjerilo": "1:1000",
        "godinaZadnjeIzmjene": 2020,
        "planId": 529,
        "razinaPlana": "Detaljniji planovi",
        "areaM2": 1244.8024501540401
      },
      "geometry": {
        "type": "MultiPolygon",
        "coordinates": [
          [
            [
              [
                16.103323477,
                45.81205847
              ],
              [
                16.103318413,
                45.811802456
              ],
              [
                16.102639095,
                45.811809025
              ],
              [
                16.102641692,
                45.811940375
              ],
              [
                16.102880977,
                45.811938062
              ],
              [
                16.102883443,
                45.812062745
              ],
              [
                16.103323477,
                45.81205847
              ]
            ]
          ]
        ]
      }
    },
    {
      "type": "Feature",
      "properties": {
        "objectid": 788,
        "namjena": "Mješovita namjena-pretežno stambena",
        "skupnaNamjena": "Stambena i mješovita namjena",
        "analitika": "Stambena i mješovita",
        "oznaka": "M",
        "kartografskiPrikaz": "Korištenje i namjena prostora",
        "izradivacPlana": "Zavod za urbanizam i prostorno planiranje Arhitektonskog fakulteta Sveučilišta u Zagrebu",
        "izvornoMjerilo": "1:1000",
        "godinaZadnjeIzmjene": 2020,
        "planId": 530,
        "razinaPlana": "Detaljniji planovi",
        "areaM2": 1216.2524343177158
      },
      "geometry": {
        "type": "MultiPolygon",
        "coordinates": [
          [
            [
              [
                16.115644583,
                45.810292071
              ],
              [
                16.115646886,
                45.810290319
              ],
              [
                16.115648959,
                45.810288432
              ],
              [
                16.115650787,
                45.810286425
              ],
              [
                16.115652355,
                45.810284313
              ],
              [
                16.11565365,
                45.810282112
              ],
              [
                16.115654663,
                45.810279839
              ],
              [
                16.115655387,
                45.810277514
              ],
              [
                16.115655813,
                45.810275153
              ],
              [
                16.115655942,
                45.810272774
              ],
              [
                16.115655769,
                45.810270397
              ],
              [
                16.115655299,
                45.810268041
              ],
              [
                16.115654532,
                45.810265721
              ],
              [
                16.115653477,
                45.810263458
              ],
              [
                16.115652141,
                45.81026127
              ],
              [
                16.115650536,
                45.810259172
              ],
              [
                16.115648671,
                45.81025718
              ],
              [
                16.115646563,
                45.810255312
              ],
              [
                16.115644227,
                45.810253581
              ],
              [
                16.115641684,
                45.810252
              ],
              [
                16.115321751,
                45.810070214
              ],
              [
                16.115287576,
                45.810051318
              ],
              [
                16.115252695,
                45.810033061
              ],
              [
                16.115217133,
                45.810015459
              ],
              [
                16.115234616,
                45.810685305
              ],
              [
                16.115289273,
                45.810613375
              ],
              [
                16.115349659,
                45.810543723
              ],
              [
                16.115415581,
                45.81047657
              ],
              [
                16.115487262,
                45.810412296
              ],
              [
                16.115563667,
                45.81035074
              ],
              [
                16.115644583,
                45.810292071
              ]
            ]
          ]
        ]
      }
    },
    {
      "type": "Feature",
      "properties": {
        "objectid": 789,
        "namjena": "Mješovita namjena-pretežno stambena",
        "skupnaNamjena": "Stambena i mješovita namjena",
        "analitika": "Stambena i mješovita",
        "oznaka": "M",
        "kartografskiPrikaz": "Korištenje i namjena prostora",
        "izradivacPlana": "Zavod za urbanizam i prostorno planiranje Arhitektonskog fakulteta Sveučilišta u Zagrebu",
        "izvornoMjerilo": "1:1000",
        "godinaZadnjeIzmjene": 2020,
        "planId": 532,
        "razinaPlana": "Detaljniji planovi",
        "areaM2": 1152.8806029419825
      },
      "geometry": {
        "type": "MultiPolygon",
        "coordinates": [
          [
            [
              [
                16.106289173,
                45.811525522
              ],
              [
                16.106285961,
                45.811363589
              ],
              [
                16.105578403,
                45.811370449
              ],
              [
                16.105582149,
                45.811559369
              ],
              [
                16.106251114,
                45.811552885
              ],
              [
                16.106254476,
                45.81155275
              ],
              [
                16.106257808,
                45.81155241
              ],
              [
                16.106261084,
                45.811551869
              ],
              [
                16.106264281,
                45.81155113
              ],
              [
                16.106267375,
                45.811550198
              ],
              [
                16.106270339,
                45.811549082
              ],
              [
                16.106273154,
                45.81154779
              ],
              [
                16.106275796,
                45.81154633
              ],
              [
                16.106278247,
                45.811544715
              ],
              [
                16.106280487,
                45.811542958
              ],
              [
                16.1062825,
                45.81154107
              ],
              [
                16.10628427,
                45.811539067
              ],
              [
                16.106285783,
                45.811536963
              ],
              [
                16.106287028,
                45.811534775
              ],
              [
                16.106287996,
                45.81153252
              ],
              [
                16.106288679,
                45.811530214
              ],
              [
                16.106289073,
                45.811527875
              ],
              [
                16.106289173,
                45.811525522
              ]
            ]
          ]
        ]
      }
    },
    {
      "type": "Feature",
      "properties": {
        "objectid": 790,
        "namjena": "Mješovita namjena-pretežno stambena",
        "skupnaNamjena": "Stambena i mješovita namjena",
        "analitika": "Stambena i mješovita",
        "oznaka": "M",
        "kartografskiPrikaz": "Korištenje i namjena prostora",
        "izradivacPlana": "Zavod za urbanizam i prostorno planiranje Arhitektonskog fakulteta Sveučilišta u Zagrebu",
        "izvornoMjerilo": "1:1000",
        "godinaZadnjeIzmjene": 2020,
        "planId": 533,
        "razinaPlana": "Detaljniji planovi",
        "areaM2": 1152.881912724475
      },
      "geometry": {
        "type": "MultiPolygon",
        "coordinates": [
          [
            [
              [
                16.104502896,
                45.812289667
              ],
              [
                16.104499156,
                45.812100749
              ],
              [
                16.103791589,
                45.812107598
              ],
              [
                16.103794794,
                45.812269531
              ],
              [
                16.103794987,
                45.812271882
              ],
              [
                16.103795472,
                45.812274212
              ],
              [
                16.103796247,
                45.812276504
              ],
              [
                16.103797303,
                45.812278739
              ],
              [
                16.103798635,
                45.812280903
              ],
              [
                16.103800232,
                45.812282976
              ],
              [
                16.10380208,
                45.812284944
              ],
              [
                16.103804166,
                45.812286792
              ],
              [
                16.103806475,
                45.812288506
              ],
              [
                16.103808989,
                45.812290072
              ],
              [
                16.103811689,
                45.81229148
              ],
              [
                16.103814553,
                45.812292718
              ],
              [
                16.103817562,
                45.812293776
              ],
              [
                16.10382069,
                45.812294647
              ],
              [
                16.103823915,
                45.812295324
              ],
              [
                16.103827212,
                45.812295802
              ],
              [
                16.103830557,
                45.812296077
              ],
              [
                16.103833922,
                45.812296147
              ],
              [
                16.104502896,
                45.812289667
              ]
            ]
          ]
        ]
      }
    },
    {
      "type": "Feature",
      "properties": {
        "objectid": 791,
        "namjena": "Mješovita namjena-pretežno stambena",
        "skupnaNamjena": "Stambena i mješovita namjena",
        "analitika": "Stambena i mješovita",
        "oznaka": "M",
        "kartografskiPrikaz": "Korištenje i namjena prostora",
        "izradivacPlana": "Zavod za urbanizam i prostorno planiranje Arhitektonskog fakulteta Sveučilišta u Zagrebu",
        "izvornoMjerilo": "1:1000",
        "godinaZadnjeIzmjene": 2020,
        "planId": 537,
        "razinaPlana": "Detaljniji planovi",
        "areaM2": 1042.9090456763838
      },
      "geometry": {
        "type": "MultiPolygon",
        "coordinates": [
          [
            [
              [
                16.106268476,
                45.810481946
              ],
              [
                16.106265621,
                45.810338005
              ],
              [
                16.106265428,
                45.810335654
              ],
              [
                16.106264942,
                45.810333323
              ],
              [
                16.106264168,
                45.810331033
              ],
              [
                16.10626311,
                45.810328797
              ],
              [
                16.10626178,
                45.810326633
              ],
              [
                16.106260183,
                45.81032456
              ],
              [
                16.106258335,
                45.810322592
              ],
              [
                16.106256249,
                45.810320744
              ],
              [
                16.10625394,
                45.81031903
              ],
              [
                16.106251425,
                45.810317464
              ],
              [
                16.106248726,
                45.810316056
              ],
              [
                16.106245861,
                45.810314819
              ],
              [
                16.106242853,
                45.81031376
              ],
              [
                16.106239725,
                45.810312889
              ],
              [
                16.1062365,
                45.810312213
              ],
              [
                16.106233202,
                45.810311735
              ],
              [
                16.106229859,
                45.81031146
              ],
              [
                16.106226493,
                45.81031139
              ],
              [
                16.105557542,
                45.810317876
              ],
              [
                16.10556093,
                45.810488806
              ],
              [
                16.106268476,
                45.810481946
              ]
            ]
          ]
        ]
      }
    },
    {
      "type": "Feature",
      "properties": {
        "objectid": 792,
        "namjena": "Mješovita namjena-pretežno stambena",
        "skupnaNamjena": "Stambena i mješovita namjena",
        "analitika": "Stambena i mješovita",
        "oznaka": "M",
        "kartografskiPrikaz": "Korištenje i namjena prostora",
        "izradivacPlana": "Zavod za urbanizam i prostorno planiranje Arhitektonskog fakulteta Sveučilišta u Zagrebu",
        "izvornoMjerilo": "1:1000",
        "godinaZadnjeIzmjene": 2020,
        "planId": 542,
        "razinaPlana": "Detaljniji planovi",
        "areaM2": 860.1656969288271
      },
      "geometry": {
        "type": "MultiPolygon",
        "coordinates": [
          [
            [
              [
                16.103316315,
                45.811696386
              ],
              [
                16.103311841,
                45.811470187
              ],
              [
                16.102871808,
                45.811474301
              ],
              [
                16.102876283,
                45.811700642
              ],
              [
                16.103316315,
                45.811696386
              ]
            ]
          ]
        ]
      }
    },
    {
      "type": "Feature",
      "properties": {
        "objectid": 793,
        "namjena": "Mješovita namjena-pretežno stambena",
        "skupnaNamjena": "Stambena i mješovita namjena",
        "analitika": "Stambena i mješovita",
        "oznaka": "M",
        "kartografskiPrikaz": "Korištenje i namjena prostora",
        "izradivacPlana": "Zavod za urbanizam i prostorno planiranje Arhitektonskog fakulteta Sveučilišta u Zagrebu",
        "izvornoMjerilo": "1:1000",
        "godinaZadnjeIzmjene": 2020,
        "planId": 543,
        "razinaPlana": "Detaljniji planovi",
        "areaM2": 822.9226751782904
      },
      "geometry": {
        "type": "MultiPolygon",
        "coordinates": [
          [
            [
              [
                16.104474395,
                45.810850249
              ],
              [
                16.104471724,
                45.810715312
              ],
              [
                16.103764174,
                45.810722159
              ],
              [
                16.103764373,
                45.810732188
              ],
              [
                16.103766311,
                45.810830117
              ],
              [
                16.103766504,
                45.810832468
              ],
              [
                16.103766989,
                45.810834798
              ],
              [
                16.103767764,
                45.81083709
              ],
              [
                16.10376882,
                45.810839325
              ],
              [
                16.103770152,
                45.810841488
              ],
              [
                16.103771748,
                45.810843562
              ],
              [
                16.103773596,
                45.81084553
              ],
              [
                16.103775683,
                45.810847378
              ],
              [
                16.103777992,
                45.810849092
              ],
              [
                16.103780505,
                45.810850658
              ],
              [
                16.103783205,
                45.810852066
              ],
              [
                16.10378607,
                45.810853303
              ],
              [
                16.103789078,
                45.810854362
              ],
              [
                16.103792206,
                45.810855232
              ],
              [
                16.103795431,
                45.810855909
              ],
              [
                16.103798728,
                45.810856387
              ],
              [
                16.103802073,
                45.810856662
              ],
              [
                16.103805438,
                45.810856732
              ],
              [
                16.104474395,
                45.810850249
              ]
            ]
          ]
        ]
      }
    },
    {
      "type": "Feature",
      "properties": {
        "objectid": 1277,
        "namjena": "Ostale parkovne površine",
        "skupnaNamjena": "Javne zelene površine",
        "analitika": "Javne zelene površine",
        "oznaka": "PA",
        "kartografskiPrikaz": "Korištenje i namjena prostora",
        "izradivacPlana": "Zavod za urbanizam i prostorno planiranje Arhitektonskog fakulteta Sveučilišta u Zagrebu",
        "izvornoMjerilo": "1:1000",
        "godinaZadnjeIzmjene": 2020,
        "planId": 489,
        "razinaPlana": "Detaljniji planovi",
        "areaM2": 3119.6088972664156
      },
      "geometry": {
        "type": "MultiPolygon",
        "coordinates": [
          [
            [
              [
                16.104499156,
                45.812100749
              ],
              [
                16.104897966,
                45.812096886
              ],
              [
                16.106300236,
                45.812083294
              ],
              [
                16.106297381,
                45.81193935
              ],
              [
                16.105358248,
                45.811948455
              ],
              [
                16.105277364,
                45.811949239
              ],
              [
                16.105191006,
                45.811950076
              ],
              [
                16.103788741,
                45.811963654
              ],
              [
                16.103791589,
                45.812107598
              ],
              [
                16.104499156,
                45.812100749
              ]
            ]
          ]
        ]
      }
    },
    {
      "type": "Feature",
      "properties": {
        "objectid": 1278,
        "namjena": "Ostale parkovne površine",
        "skupnaNamjena": "Javne zelene površine",
        "analitika": "Javne zelene površine",
        "oznaka": "PA",
        "kartografskiPrikaz": "Korištenje i namjena prostora",
        "izradivacPlana": "Zavod za urbanizam i prostorno planiranje Arhitektonskog fakulteta Sveučilišta u Zagrebu",
        "izvornoMjerilo": "1:1000",
        "godinaZadnjeIzmjene": 2020,
        "planId": 490,
        "razinaPlana": "Detaljniji planovi",
        "areaM2": 3021.5913966582166
      },
      "geometry": {
        "type": "MultiPolygon",
        "coordinates": [
          [
            [
              [
                16.105411162,
                45.81137207
              ],
              [
                16.105578403,
                45.811370449
              ],
              [
                16.106285961,
                45.811363589
              ],
              [
                16.106284356,
                45.811282621
              ],
              [
                16.106194303,
                45.811283494
              ],
              [
                16.106193053,
                45.81122052
              ],
              [
                16.10488086,
                45.811233238
              ],
              [
                16.104713619,
                45.811234858
              ],
              [
                16.103774499,
                45.811243949
              ],
              [
                16.1037761,
                45.811324917
              ],
              [
                16.103866155,
                45.811324046
              ],
              [
                16.1038674,
                45.81138702
              ],
              [
                16.105411162,
                45.81137207
              ]
            ]
          ]
        ]
      }
    },
    {
      "type": "Feature",
      "properties": {
        "objectid": 1279,
        "namjena": "Ostale parkovne površine",
        "skupnaNamjena": "Javne zelene površine",
        "analitika": "Javne zelene površine",
        "oznaka": "PA",
        "kartografskiPrikaz": "Korištenje i namjena prostora",
        "izradivacPlana": "Zavod za urbanizam i prostorno planiranje Arhitektonskog fakulteta Sveučilišta u Zagrebu",
        "izvornoMjerilo": "1:1000",
        "godinaZadnjeIzmjene": 2020,
        "planId": 506,
        "razinaPlana": "Detaljniji planovi",
        "areaM2": 1894.6797507900865
      },
      "geometry": {
        "type": "MultiPolygon",
        "coordinates": [
          [
            [
              [
                16.115047964,
                45.812693732
              ],
              [
                16.115047593,
                45.81268043
              ],
              [
                16.115046948,
                45.812657216
              ],
              [
                16.115038561,
                45.812237709
              ],
              [
                16.115033371,
                45.811978079
              ],
              [
                16.115020709,
                45.811344694
              ],
              [
                16.115027233,
                45.811208318
              ],
              [
                16.11505219,
                45.811072986
              ],
              [
                16.115095359,
                45.810939915
              ],
              [
                16.115156351,
                45.810810299
              ],
              [
                16.115234616,
                45.810685305
              ],
              [
                16.115217133,
                45.810015459
              ],
              [
                16.115187184,
                45.810001386
              ],
              [
                16.115156799,
                45.809987777
              ],
              [
                16.115125994,
                45.809974639
              ],
              [
                16.115140292,
                45.810522517
              ],
              [
                16.11513995,
                45.81052252
              ],
              [
                16.115144217,
                45.810686878
              ],
              [
                16.114943991,
                45.810689794
              ],
              [
                16.114982606,
                45.811978705
              ],
              [
                16.114990378,
                45.81223818
              ],
              [
                16.115002944,
                45.812657647
              ],
              [
                16.115003587,
                45.81268986
              ],
              [
                16.115003668,
                45.81269392
              ],
              [
                16.115047964,
                45.812693732
              ]
            ]
          ]
        ]
      }
    },
    {
      "type": "Feature",
      "properties": {
        "objectid": 1280,
        "namjena": "Ostale parkovne površine",
        "skupnaNamjena": "Javne zelene površine",
        "analitika": "Javne zelene površine",
        "oznaka": "PA",
        "kartografskiPrikaz": "Korištenje i namjena prostora",
        "izradivacPlana": "Zavod za urbanizam i prostorno planiranje Arhitektonskog fakulteta Sveučilišta u Zagrebu",
        "izvornoMjerilo": "1:1000",
        "godinaZadnjeIzmjene": 2020,
        "planId": 526,
        "razinaPlana": "Detaljniji planovi",
        "areaM2": 1278.4002514078393
      },
      "geometry": {
        "type": "MultiPolygon",
        "coordinates": [
          [
            [
              [
                16.11116389,
                45.811862637
              ],
              [
                16.111149375,
                45.811133926
              ],
              [
                16.111149284,
                45.811129377
              ],
              [
                16.111059231,
                45.811130254
              ],
              [
                16.111057976,
                45.81106728
              ],
              [
                16.110955061,
                45.811068326
              ],
              [
                16.110970918,
                45.811864517
              ],
              [
                16.11116389,
                45.811862637
              ]
            ]
          ]
        ]
      }
    },
    {
      "type": "Feature",
      "properties": {
        "objectid": 1281,
        "namjena": "Ostale parkovne površine",
        "skupnaNamjena": "Javne zelene površine",
        "analitika": "Javne zelene površine",
        "oznaka": "PA",
        "kartografskiPrikaz": "Korištenje i namjena prostora",
        "izradivacPlana": "Zavod za urbanizam i prostorno planiranje Arhitektonskog fakulteta Sveučilišta u Zagrebu",
        "izvornoMjerilo": "1:1000",
        "godinaZadnjeIzmjene": 2020,
        "planId": 528,
        "razinaPlana": "Detaljniji planovi",
        "areaM2": 1258.697032261094
      },
      "geometry": {
        "type": "MultiPolygon",
        "coordinates": [
          [
            [
              [
                16.111141832,
                45.810755291
              ],
              [
                16.111126882,
                45.810004783
              ],
              [
                16.110933737,
                45.809997644
              ],
              [
                16.110948864,
                45.810757171
              ],
              [
                16.111141832,
                45.810755291
              ]
            ]
          ]
        ]
      }
    },
    {
      "type": "Feature",
      "properties": {
        "objectid": 1282,
        "namjena": "Ostale parkovne površine",
        "skupnaNamjena": "Javne zelene površine",
        "analitika": "Javne zelene površine",
        "oznaka": "PA",
        "kartografskiPrikaz": "Korištenje i namjena prostora",
        "izradivacPlana": "Zavod za urbanizam i prostorno planiranje Arhitektonskog fakulteta Sveučilišta u Zagrebu",
        "izvornoMjerilo": "1:1000",
        "godinaZadnjeIzmjene": 2020,
        "planId": 531,
        "razinaPlana": "Detaljniji planovi",
        "areaM2": 1212.2443361509527
      },
      "geometry": {
        "type": "MultiPolygon",
        "coordinates": [
          [
            [
              [
                16.112210515,
                45.810146145
              ],
              [
                16.112146123,
                45.8101405
              ],
              [
                16.112081681,
                45.810135141
              ],
              [
                16.112017193,
                45.810130069
              ],
              [
                16.112031629,
                45.810854271
              ],
              [
                16.112225064,
                45.810875872
              ],
              [
                16.112210515,
                45.810146145
              ]
            ]
          ]
        ]
      }
    },
    {
      "type": "Feature",
      "properties": {
        "objectid": 1283,
        "namjena": "Ostale parkovne površine",
        "skupnaNamjena": "Javne zelene površine",
        "analitika": "Javne zelene površine",
        "oznaka": "PA",
        "kartografskiPrikaz": "Korištenje i namjena prostora",
        "izradivacPlana": "Zavod za urbanizam i prostorno planiranje Arhitektonskog fakulteta Sveučilišta u Zagrebu",
        "izvornoMjerilo": "1:1000",
        "godinaZadnjeIzmjene": 2020,
        "planId": 535,
        "razinaPlana": "Detaljniji planovi",
        "areaM2": 1087.1137517718118
      },
      "geometry": {
        "type": "MultiPolygon",
        "coordinates": [
          [
            [
              [
                16.113329304,
                45.81037555
              ],
              [
                16.113329286,
                45.810374537
              ],
              [
                16.113265354,
                45.810349983
              ],
              [
                16.11320037,
                45.810326818
              ],
              [
                16.113134396,
                45.810305065
              ],
              [
                16.113147113,
                45.810978836
              ],
              [
                16.11334055,
                45.811000439
              ],
              [
                16.113329304,
                45.81037555
              ]
            ]
          ]
        ]
      }
    },
    {
      "type": "Feature",
      "properties": {
        "objectid": 1284,
        "namjena": "Ostale parkovne površine",
        "skupnaNamjena": "Javne zelene površine",
        "analitika": "Javne zelene površine",
        "oznaka": "PA",
        "kartografskiPrikaz": "Korištenje i namjena prostora",
        "izradivacPlana": "Zavod za urbanizam i prostorno planiranje Arhitektonskog fakulteta Sveučilišta u Zagrebu",
        "izvornoMjerilo": "1:1000",
        "godinaZadnjeIzmjene": 2020,
        "planId": 536,
        "razinaPlana": "Detaljniji planovi",
        "areaM2": 1044.6085837551227
      },
      "geometry": {
        "type": "MultiPolygon",
        "coordinates": [
          [
            [
              [
                16.113357332,
                45.811841248
              ],
              [
                16.113344875,
                45.81121713
              ],
              [
                16.113151807,
                45.811214051
              ],
              [
                16.113164361,
                45.811843131
              ],
              [
                16.113357332,
                45.811841248
              ]
            ]
          ]
        ]
      }
    },
    {
      "type": "Feature",
      "properties": {
        "objectid": 1285,
        "namjena": "Ostale parkovne površine",
        "skupnaNamjena": "Javne zelene površine",
        "analitika": "Javne zelene površine",
        "oznaka": "PA",
        "kartografskiPrikaz": "Korištenje i namjena prostora",
        "izradivacPlana": "Zavod za urbanizam i prostorno planiranje Arhitektonskog fakulteta Sveučilišta u Zagrebu",
        "izvornoMjerilo": "1:1000",
        "godinaZadnjeIzmjene": 2020,
        "planId": 538,
        "razinaPlana": "Detaljniji planovi",
        "areaM2": 1042.673448861976
      },
      "geometry": {
        "type": "MultiPolygon",
        "coordinates": [
          [
            [
              [
                16.11224453,
                45.811852105
              ],
              [
                16.112231512,
                45.81119921
              ],
              [
                16.112182675,
                45.811198432
              ],
              [
                16.11218393,
                45.811261405
              ],
              [
                16.112093879,
                45.811262284
              ],
              [
                16.112092578,
                45.811197027
              ],
              [
                16.112038444,
                45.81119615
              ],
              [
                16.11205156,
                45.811853987
              ],
              [
                16.112238683,
                45.811852162
              ],
              [
                16.11224453,
                45.811852105
              ]
            ]
          ]
        ]
      }
    },
    {
      "type": "Feature",
      "properties": {
        "objectid": 1286,
        "namjena": "Ostale pješačke površine",
        "skupnaNamjena": "Prometne površine",
        "analitika": "Promet",
        "oznaka": "PJ",
        "kartografskiPrikaz": "Korištenje i namjena prostora",
        "izradivacPlana": "Zavod za urbanizam i prostorno planiranje Arhitektonskog fakulteta Sveučilišta u Zagrebu",
        "izvornoMjerilo": "1:1000",
        "godinaZadnjeIzmjene": 2020,
        "planId": 524,
        "razinaPlana": "Detaljniji planovi",
        "areaM2": 1477.1051715028848
      },
      "geometry": {
        "type": "MultiPolygon",
        "coordinates": [
          [
            [
              [
                16.10328272,
                45.809997876
              ],
              [
                16.10328193,
                45.809957869
              ],
              [
                16.103255389,
                45.809957959
              ],
              [
                16.103254951,
                45.809894979
              ],
              [
                16.101674879,
                45.809900305
              ],
              [
                16.101692082,
                45.810013251
              ],
              [
                16.10328272,
                45.809997876
              ]
            ]
          ]
        ]
      }
    },
    {
      "type": "Feature",
      "properties": {
        "objectid": 1287,
        "namjena": "Ostale pješačke površine",
        "skupnaNamjena": "Prometne površine",
        "analitika": "Promet",
        "oznaka": "PJ",
        "kartografskiPrikaz": "Korištenje i namjena prostora",
        "izradivacPlana": "Zavod za urbanizam i prostorno planiranje Arhitektonskog fakulteta Sveučilišta u Zagrebu",
        "izvornoMjerilo": "1:1000",
        "godinaZadnjeIzmjene": 2020,
        "planId": 549,
        "razinaPlana": "Detaljniji planovi",
        "areaM2": 650.8987362045914
      },
      "geometry": {
        "type": "MultiPolygon",
        "coordinates": [
          [
            [
              [
                16.104901709,
                45.812285808
              ],
              [
                16.104897966,
                45.812096886
              ],
              [
                16.104499156,
                45.812100749
              ],
              [
                16.104502896,
                45.812289667
              ],
              [
                16.104901709,
                45.812285808
              ]
            ]
          ]
        ]
      }
    },
    {
      "type": "Feature",
      "properties": {
        "objectid": 1288,
        "namjena": "Ostale pješačke površine",
        "skupnaNamjena": "Prometne površine",
        "analitika": "Promet",
        "oznaka": "PJ",
        "kartografskiPrikaz": "Korištenje i namjena prostora",
        "izradivacPlana": "Zavod za urbanizam i prostorno planiranje Arhitektonskog fakulteta Sveučilišta u Zagrebu",
        "izvornoMjerilo": "1:1000",
        "godinaZadnjeIzmjene": 2020,
        "planId": 559,
        "razinaPlana": "Detaljniji planovi",
        "areaM2": 588.9129477575576
      },
      "geometry": {
        "type": "MultiPolygon",
        "coordinates": [
          [
            [
              [
                16.10556093,
                45.810488806
              ],
              [
                16.105557542,
                45.810317876
              ],
              [
                16.105158744,
                45.81032174
              ],
              [
                16.105162131,
                45.81049267
              ],
              [
                16.10556093,
                45.810488806
              ]
            ]
          ]
        ]
      }
    },
    {
      "type": "Feature",
      "properties": {
        "objectid": 1289,
        "namjena": "Ostale pješačke površine",
        "skupnaNamjena": "Prometne površine",
        "analitika": "Promet",
        "oznaka": "PJ",
        "kartografskiPrikaz": "Korištenje i namjena prostora",
        "izradivacPlana": "Zavod za urbanizam i prostorno planiranje Arhitektonskog fakulteta Sveučilišta u Zagrebu",
        "izvornoMjerilo": "1:1000",
        "godinaZadnjeIzmjene": 2020,
        "planId": 561,
        "razinaPlana": "Detaljniji planovi",
        "areaM2": 464.9053915785804
      },
      "geometry": {
        "type": "MultiPolygon",
        "coordinates": [
          [
            [
              [
                16.104873196,
                45.810846386
              ],
              [
                16.104870523,
                45.810711449
              ],
              [
                16.104471724,
                45.810715312
              ],
              [
                16.104474395,
                45.810850249
              ],
              [
                16.104873196,
                45.810846386
              ]
            ]
          ]
        ]
      }
    },
    {
      "type": "Feature",
      "properties": {
        "objectid": 1290,
        "namjena": "Ostale pješačke površine",
        "skupnaNamjena": "Prometne površine",
        "analitika": "Promet",
        "oznaka": "PJ",
        "kartografskiPrikaz": "Korištenje i namjena prostora",
        "izradivacPlana": "Zavod za urbanizam i prostorno planiranje Arhitektonskog fakulteta Sveučilišta u Zagrebu",
        "izvornoMjerilo": "1:1000",
        "godinaZadnjeIzmjene": 2020,
        "planId": 562,
        "razinaPlana": "Detaljniji planovi",
        "areaM2": 401.2103717314306
      },
      "geometry": {
        "type": "MultiPolygon",
        "coordinates": [
          [
            [
              [
                16.103337014,
                45.812742781
              ],
              [
                16.103336969,
                45.812740472
              ],
              [
                16.103335356,
                45.812658995
              ],
              [
                16.103133565,
                45.812660947
              ],
              [
                16.102770526,
                45.812664457
              ],
              [
                16.10277212,
                45.812745117
              ],
              [
                16.102806873,
                45.812744973
              ],
              [
                16.103337014,
                45.812742781
              ]
            ]
          ]
        ]
      }
    },
    {
      "type": "Feature",
      "properties": {
        "objectid": 1291,
        "namjena": "Ostale pješačke površine",
        "skupnaNamjena": "Prometne površine",
        "analitika": "Promet",
        "oznaka": "PJ",
        "kartografskiPrikaz": "Korištenje i namjena prostora",
        "izradivacPlana": "Zavod za urbanizam i prostorno planiranje Arhitektonskog fakulteta Sveučilišta u Zagrebu",
        "izvornoMjerilo": "1:1000",
        "godinaZadnjeIzmjene": 2020,
        "planId": 563,
        "razinaPlana": "Detaljniji planovi",
        "areaM2": 362.3461661819828
      },
      "geometry": {
        "type": "MultiPolygon",
        "coordinates": [
          [
            [
              [
                16.104679037,
                45.812737221
              ],
              [
                16.104678876,
                45.812729073
              ],
              [
                16.104674061,
                45.812485971
              ],
              [
                16.104506816,
                45.81248759
              ],
              [
                16.104511626,
                45.812730496
              ],
              [
                16.104511773,
                45.812737914
              ],
              [
                16.104679037,
                45.812737221
              ]
            ]
          ]
        ]
      }
    },
    {
      "type": "Feature",
      "properties": {
        "objectid": 1292,
        "namjena": "Ostale pješačke površine",
        "skupnaNamjena": "Prometne površine",
        "analitika": "Promet",
        "oznaka": "PJ",
        "kartografskiPrikaz": "Korištenje i namjena prostora",
        "izradivacPlana": "Zavod za urbanizam i prostorno planiranje Arhitektonskog fakulteta Sveučilišta u Zagrebu",
        "izvornoMjerilo": "1:1000",
        "godinaZadnjeIzmjene": 2020,
        "planId": 565,
        "razinaPlana": "Detaljniji planovi",
        "areaM2": 304.6373070550088
      },
      "geometry": {
        "type": "MultiPolygon",
        "coordinates": [
          [
            [
              [
                16.10555362,
                45.810119955
              ],
              [
                16.105549451,
                45.809909627
              ],
              [
                16.105382203,
                45.809910198
              ],
              [
                16.105386382,
                45.810121575
              ],
              [
                16.10555362,
                45.810119955
              ]
            ]
          ]
        ]
      }
    },
    {
      "type": "Feature",
      "properties": {
        "objectid": 1293,
        "namjena": "Ostale pješačke površine",
        "skupnaNamjena": "Prometne površine",
        "analitika": "Promet",
        "oznaka": "PJ",
        "kartografskiPrikaz": "Korištenje i namjena prostora",
        "izradivacPlana": "Zavod za urbanizam i prostorno planiranje Arhitektonskog fakulteta Sveučilišta u Zagrebu",
        "izvornoMjerilo": "1:1000",
        "godinaZadnjeIzmjene": 2020,
        "planId": 566,
        "razinaPlana": "Detaljniji planovi",
        "areaM2": 272.96712956469827
      },
      "geometry": {
        "type": "MultiPolygon",
        "coordinates": [
          [
            [
              [
                16.10488086,
                45.811233238
              ],
              [
                16.104877118,
                45.811044314
              ],
              [
                16.104709877,
                45.811045929
              ],
              [
                16.104713619,
                45.811234858
              ],
              [
                16.10488086,
                45.811233238
              ]
            ]
          ]
        ]
      }
    },
    {
      "type": "Feature",
      "properties": {
        "objectid": 1294,
        "namjena": "Ostale pješačke površine",
        "skupnaNamjena": "Prometne površine",
        "analitika": "Promet",
        "oznaka": "PJ",
        "kartografskiPrikaz": "Korištenje i namjena prostora",
        "izradivacPlana": "Zavod za urbanizam i prostorno planiranje Arhitektonskog fakulteta Sveučilišta u Zagrebu",
        "izvornoMjerilo": "1:1000",
        "godinaZadnjeIzmjene": 2020,
        "planId": 567,
        "razinaPlana": "Detaljniji planovi",
        "areaM2": 272.95838626972255
      },
      "geometry": {
        "type": "MultiPolygon",
        "coordinates": [
          [
            [
              [
                16.105358248,
                45.811948455
              ],
              [
                16.105354505,
                45.811759535
              ],
              [
                16.105187263,
                45.811761155
              ],
              [
                16.105191006,
                45.811950076
              ],
              [
                16.105277364,
                45.811949239
              ],
              [
                16.105358248,
                45.811948455
              ]
            ]
          ]
        ]
      }
    },
    {
      "type": "Feature",
      "properties": {
        "objectid": 1295,
        "namjena": "Ostale pješačke površine",
        "skupnaNamjena": "Prometne površine",
        "analitika": "Promet",
        "oznaka": "PJ",
        "kartografskiPrikaz": "Korištenje i namjena prostora",
        "izradivacPlana": "Zavod za urbanizam i prostorno planiranje Arhitektonskog fakulteta Sveučilišta u Zagrebu",
        "izvornoMjerilo": "1:1000",
        "godinaZadnjeIzmjene": 2020,
        "planId": 568,
        "razinaPlana": "Detaljniji planovi",
        "areaM2": 272.95644325500166
      },
      "geometry": {
        "type": "MultiPolygon",
        "coordinates": [
          [
            [
              [
                16.105582149,
                45.811559369
              ],
              [
                16.105578403,
                45.811370449
              ],
              [
                16.105411162,
                45.81137207
              ],
              [
                16.105414907,
                45.811560989
              ],
              [
                16.105582149,
                45.811559369
              ]
            ]
          ]
        ]
      }
    },
    {
      "type": "Feature",
      "properties": {
        "objectid": 1417,
        "namjena": "Površine infrastrukturnih sustava",
        "skupnaNamjena": "Prometne površine",
        "analitika": "Promet",
        "oznaka": "IS",
        "kartografskiPrikaz": "Korištenje i namjena prostora",
        "izradivacPlana": "Zavod za urbanizam i prostorno planiranje Arhitektonskog fakulteta Sveučilišta u Zagrebu",
        "izvornoMjerilo": "1:1000",
        "godinaZadnjeIzmjene": 2020,
        "planId": 463,
        "razinaPlana": "Detaljniji planovi",
        "areaM2": 28394.5827392484
      },
      "geometry": {
        "type": "MultiPolygon",
        "coordinates": [
          [
            [
              [
                16.115003668,
                45.81269392
              ],
              [
                16.115003587,
                45.81268986
              ],
              [
                16.115002944,
                45.812657647
              ],
              [
                16.114990378,
                45.81223818
              ],
              [
                16.114982606,
                45.811978705
              ],
              [
                16.114943991,
                45.810689794
              ],
              [
                16.114939039,
                45.810524484
              ],
              [
                16.11493775,
                45.810481242
              ],
              [
                16.114921675,
                45.809944582
              ],
              [
                16.114921758,
                45.809942176
              ],
              [
                16.114922146,
                45.809939783
              ],
              [
                16.114922838,
                45.809937426
              ],
              [
                16.114923826,
                45.809935119
              ],
              [
                16.114925105,
                45.809932884
              ],
              [
                16.114926663,
                45.809930738
              ],
              [
                16.11492849,
                45.809928696
              ],
              [
                16.114930568,
                45.809926777
              ],
              [
                16.114932883,
                45.809924995
              ],
              [
                16.114935415,
                45.809923365
              ],
              [
                16.114938145,
                45.809921899
              ],
              [
                16.114941052,
                45.809920609
              ],
              [
                16.114944111,
                45.809919504
              ],
              [
                16.1149473,
                45.809918595
              ],
              [
                16.114950591,
                45.809917888
              ],
              [
                16.114953959,
                45.809917389
              ],
              [
                16.114957376,
                45.809917102
              ],
              [
                16.114960817,
                45.809917029
              ],
              [
                16.114964254,
                45.809917171
              ],
              [
                16.114967658,
                45.809917527
              ],
              [
                16.114971005,
                45.809918092
              ],
              [
                16.114973707,
                45.809918731
              ],
              [
                16.114974265,
                45.809918864
              ],
              [
                16.11497493,
                45.809919062
              ],
              [
                16.114975591,
                45.809919265
              ],
              [
                16.11497626,
                45.809919458
              ],
              [
                16.114986316,
                45.809922526
              ],
              [
                16.114996303,
                45.809925701
              ],
              [
                16.11500622,
                45.809928983
              ],
              [
                16.115018882,
                45.809933365
              ],
              [
                16.115031419,
                45.809937921
              ],
              [
                16.115043823,
                45.809942648
              ],
              [
                16.115068504,
                45.809951829
              ],
              [
                16.115071504,
                45.809952945
              ],
              [
                16.115075373,
                45.809954451
              ],
              [
                16.115095076,
                45.809962122
              ],
              [
                16.115098897,
                45.80996361
              ],
              [
                16.115100325,
                45.809964191
              ],
              [
                16.115125994,
                45.809974639
              ],
              [
                16.115156799,
                45.809987777
              ],
              [
                16.115187184,
                45.810001386
              ],
              [
                16.115217133,
                45.810015459
              ],
              [
                16.115252695,
                45.810033061
              ],
              [
                16.115287576,
                45.810051318
              ],
              [
                16.115321751,
                45.810070214
              ],
              [
                16.115641684,
                45.810252
              ],
              [
                16.115644227,
                45.810253581
              ],
              [
                16.115646563,
                45.810255312
              ],
              [
                16.115648671,
                45.81025718
              ],
              [
                16.115650536,
                45.810259172
              ],
              [
                16.115652141,
                45.81026127
              ],
              [
                16.115653477,
                45.810263458
              ],
              [
                16.115654532,
                45.810265721
              ],
              [
                16.115655299,
                45.810268041
              ],
              [
                16.115655769,
                45.810270397
              ],
              [
                16.115655942,
                45.810272774
              ],
              [
                16.115655813,
                45.810275153
              ],
              [
                16.115655387,
                45.810277514
              ],
              [
                16.115654663,
                45.810279839
              ],
              [
                16.11565365,
                45.810282112
              ],
              [
                16.115652355,
                45.810284313
              ],
              [
                16.115650787,
                45.810286425
              ],
              [
                16.115648959,
                45.810288432
              ],
              [
                16.115646886,
                45.810290319
              ],
              [
                16.115644583,
                45.810292071
              ],
              [
                16.11568713,
                45.810265332
              ],
              [
                16.115836545,
                45.810171432
              ],
              [
                16.115863788,
                45.810154311
              ],
              [
                16.115853487,
                45.810153047
              ],
              [
                16.115837999,
                45.810150094
              ],
              [
                16.115822967,
                45.810146152
              ],
              [
                16.11580852,
                45.810141257
              ],
              [
                16.115794781,
                45.810135451
              ],
              [
                16.115781868,
                45.810128781
              ],
              [
                16.115777953,
                45.81012656
              ],
              [
                16.115732167,
                45.810100845
              ],
              [
                16.115731002,
                45.810099882
              ],
              [
                16.115596744,
                45.809989117
              ],
              [
                16.11559558,
                45.809988156
              ],
              [
                16.115488068,
                45.809927067
              ],
              [
                16.115455744,
                45.809909103
              ],
              [
                16.115422872,
                45.809891635
              ],
              [
                16.115389465,
                45.809874669
              ],
              [
                16.115387653,
                45.809874115
              ],
              [
                16.115093026,
                45.809783886
              ],
              [
                16.115034529,
                45.809765146
              ],
              [
                16.114896751,
                45.809727675
              ],
              [
                16.114888383,
                45.809725595
              ],
              [
                16.11482684,
                45.809712817
              ],
              [
                16.114814962,
                45.809710351
              ],
              [
                16.114785366,
                45.809704207
              ],
              [
                16.11474769,
                45.809697807
              ],
              [
                16.114678134,
                45.809685994
              ],
              [
                16.114651009,
                45.809682025
              ],
              [
                16.114618444,
                45.809677259
              ],
              [
                16.1144924,
                45.809664828
              ],
              [
                16.114449844,
                45.80966112
              ],
              [
                16.114279867,
                45.809656131
              ],
              [
                16.114251066,
                45.809656176
              ],
              [
                16.11200105,
                45.809686754
              ],
              [
                16.111117006,
                45.809698756
              ],
              [
                16.11075684,
                45.809703644
              ],
              [
                16.110339885,
                45.809709301
              ],
              [
                16.109207513,
                45.809724658
              ],
              [
                16.108941056,
                45.809696774
              ],
              [
                16.108683794,
                45.809700261
              ],
              [
                16.108293876,
                45.80973704
              ],
              [
                16.108293779,
                45.809737045
              ],
              [
                16.107865167,
                45.809742268
              ],
              [
                16.107580171,
                45.809744672
              ],
              [
                16.106600123,
                45.809748579
              ],
              [
                16.106215011,
                45.809749898
              ],
              [
                16.106157682,
                45.809750094
              ],
              [
                16.105211937,
                45.809753324
              ],
              [
                16.104926136,
                45.809754301
              ],
              [
                16.104693948,
                45.809755092
              ],
              [
                16.104558239,
                45.809755556
              ],
              [
                16.104435009,
                45.809755976
              ],
              [
                16.104412242,
                45.809756054
              ],
              [
                16.104058974,
                45.809757256
              ],
              [
                16.103947309,
                45.809757636
              ],
              [
                16.103783355,
                45.809758193
              ],
              [
                16.103743278,
                45.809758329
              ],
              [
                16.103396512,
                45.809759508
              ],
              [
                16.10274251,
                45.809761729
              ],
              [
                16.102476659,
                45.80973114
              ],
              [
                16.102219352,
                45.809732012
              ],
              [
                16.10182871,
                45.809764825
              ],
              [
                16.101579901,
                45.809765666
              ],
              [
                16.1015714,
                45.809765695
              ],
              [
                16.101545292,
                45.809764994
              ],
              [
                16.101519368,
                45.809762719
              ],
              [
                16.101493823,
                45.809758888
              ],
              [
                16.101468846,
                45.809753528
              ],
              [
                16.101444623,
                45.80974668
              ],
              [
                16.101421336,
                45.809738396
              ],
              [
                16.101399159,
                45.809728736
              ],
              [
                16.101378258,
                45.809717774
              ],
              [
                16.101374525,
                45.809715438
              ],
              [
                16.101382971,
                45.809770937
              ],
              [
                16.101419094,
                45.810008288
              ],
              [
                16.101422158,
                45.810028426
              ],
              [
                16.10142145,
                45.810020203
              ],
              [
                16.101421818,
                45.810011969
              ],
              [
                16.101423262,
                45.810003793
              ],
              [
                16.10142577,
                45.809995744
              ],
              [
                16.10142932,
                45.80998789
              ],
              [
                16.101433881,
                45.809980294
              ],
              [
                16.101439417,
                45.809973023
              ],
              [
                16.10144588,
                45.809966136
              ],
              [
                16.101453217,
                45.809959691
              ],
              [
                16.101461367,
                45.809953742
              ],
              [
                16.101478848,
                45.809943041
              ],
              [
                16.101497553,
                45.809933405
              ],
              [
                16.101517348,
                45.8099249
              ],
              [
                16.101538094,
                45.809917586
              ],
              [
                16.101559645,
                45.809911515
              ],
              [
                16.101581847,
                45.809906732
              ],
              [
                16.101604546,
                45.809903267
              ],
              [
                16.101627579,
                45.809901147
              ],
              [
                16.101650787,
                45.809900387
              ],
              [
                16.101665401,
                45.809900337
              ],
              [
                16.101674879,
                45.809900305
              ],
              [
                16.103254951,
                45.809894979
              ],
              [
                16.10334501,
                45.809894674
              ],
              [
                16.103345166,
                45.809917137
              ],
              [
                16.10378716,
                45.809915634
              ],
              [
                16.105382203,
                45.809910198
              ],
              [
                16.105549451,
                45.809909627
              ],
              [
                16.106218827,
                45.809907338
              ],
              [
                16.106621185,
                45.809905961
              ],
              [
                16.107155764,
                45.809904127
              ],
              [
                16.107258243,
                45.809903776
              ],
              [
                16.107570929,
                45.809902192
              ],
              [
                16.107883601,
                45.80989955
              ],
              [
                16.10819625,
                45.809895845
              ],
              [
                16.110196639,
                45.809868728
              ],
              [
                16.110548061,
                45.80986396
              ],
              [
                16.110606981,
                45.809863161
              ],
              [
                16.113883654,
                45.809818656
              ],
              [
                16.11401556,
                45.809816862
              ],
              [
                16.11409274,
                45.809815812
              ],
              [
                16.114131329,
                45.809815288
              ],
              [
                16.11425458,
                45.809813612
              ],
              [
                16.114315628,
                45.80981402
              ],
              [
                16.114350905,
                45.809814256
              ],
              [
                16.114353653,
                45.809814387
              ],
              [
                16.114416742,
                45.809817399
              ],
              [
                16.114447011,
                45.809818843
              ],
              [
                16.11444836,
                45.809818964
              ],
              [
                16.114542568,
                45.809827355
              ],
              [
                16.114545882,
                45.809827812
              ],
              [
                16.114546204,
                45.809827878
              ],
              [
                16.114549126,
                45.809828471
              ],
              [
                16.114552276,
                45.809829325
              ],
              [
                16.114555307,
                45.809830368
              ],
              [
                16.114558196,
                45.809831592
              ],
              [
                16.11456092,
                45.809832988
              ],
              [
                16.114563461,
                45.809834546
              ],
              [
                16.114565796,
                45.809836252
              ],
              [
                16.11456791,
                45.809838095
              ],
              [
                16.114569786,
                45.809840061
              ],
              [
                16.114571408,
                45.809842132
              ],
              [
                16.114572765,
                45.809844296
              ],
              [
                16.114573847,
                45.809846534
              ],
              [
                16.114574644,
                45.809848829
              ],
              [
                16.114575152,
                45.809851165
              ],
              [
                16.114575366,
                45.809853522
              ],
              [
                16.114576311,
                45.809885101
              ],
              [
                16.114587086,
                45.810244919
              ],
              [
                16.114589168,
                45.810314446
              ],
              [
                16.114634517,
                45.811828775
              ],
              [
                16.114638542,
                45.812092066
              ],
              [
                16.11465579,
                45.812668
              ],
              [
                16.114655711,
                45.812670377
              ],
              [
                16.114655334,
                45.812672739
              ],
              [
                16.114654661,
                45.812675069
              ],
              [
                16.114653698,
                45.812677348
              ],
              [
                16.114652451,
                45.81267956
              ],
              [
                16.114650931,
                45.812681686
              ],
              [
                16.114649149,
                45.81268371
              ],
              [
                16.114647121,
                45.812685618
              ],
              [
                16.11464486,
                45.812687391
              ],
              [
                16.114642383,
                45.812689021
              ],
              [
                16.114639712,
                45.812690491
              ],
              [
                16.114636866,
                45.812691791
              ],
              [
                16.114633868,
                45.812692911
              ],
              [
                16.114630741,
                45.812693841
              ],
              [
                16.114627508,
                45.812694576
              ],
              [
                16.114624196,
                45.81269511
              ],
              [
                16.114620829,
                45.812695437
              ],
              [
                16.114617433,
                45.812695556
              ],
              [
                16.114803493,
                45.812694768
              ],
              [
                16.115003668,
                45.81269392
              ]
            ]
          ]
        ]
      }
    },
    {
      "type": "Feature",
      "properties": {
        "objectid": 1418,
        "namjena": "Površine infrastrukturnih sustava",
        "skupnaNamjena": "Prometne površine",
        "analitika": "Promet",
        "oznaka": "IS",
        "kartografskiPrikaz": "Korištenje i namjena prostora",
        "izradivacPlana": "Zavod za urbanizam i prostorno planiranje Arhitektonskog fakulteta Sveučilišta u Zagrebu",
        "izvornoMjerilo": "1:1000",
        "godinaZadnjeIzmjene": 2020,
        "planId": 467,
        "razinaPlana": "Detaljniji planovi",
        "areaM2": 12034.394462789913
      },
      "geometry": {
        "type": "MultiPolygon",
        "coordinates": [
          [
            [
              [
                16.10153169,
                45.813197108
              ],
              [
                16.101557262,
                45.813196861
              ],
              [
                16.101904321,
                45.813193509
              ],
              [
                16.101895381,
                45.81313486
              ],
              [
                16.101894265,
                45.813127536
              ],
              [
                16.101828367,
                45.812695222
              ],
              [
                16.101826987,
                45.812686168
              ],
              [
                16.101826693,
                45.812684242
              ],
              [
                16.101809331,
                45.812570268
              ],
              [
                16.101770472,
                45.812315167
              ],
              [
                16.101767401,
                45.812315396
              ],
              [
                16.101744885,
                45.812317073
              ],
              [
                16.101744706,
                45.812315896
              ],
              [
                16.101735345,
                45.812254447
              ],
              [
                16.101760934,
                45.81225254
              ],
              [
                16.101585409,
                45.811100219
              ],
              [
                16.101582277,
                45.811100453
              ],
              [
                16.101559823,
                45.811102126
              ],
              [
                16.101559651,
                45.811100995
              ],
              [
                16.101550283,
                45.811039499
              ],
              [
                16.10157587,
                45.811037593
              ],
              [
                16.101535125,
                45.81077009
              ],
              [
                16.101495609,
                45.810510658
              ],
              [
                16.101422158,
                45.810028426
              ],
              [
                16.101419094,
                45.810008288
              ],
              [
                16.101382971,
                45.809770937
              ],
              [
                16.101374525,
                45.809715438
              ],
              [
                16.101367681,
                45.809711156
              ],
              [
                16.101358787,
                45.80970559
              ],
              [
                16.101340894,
                45.809692277
              ],
              [
                16.101324711,
                45.809677933
              ],
              [
                16.101310359,
                45.809662665
              ],
              [
                16.101297945,
                45.809646588
              ],
              [
                16.101287563,
                45.809629822
              ],
              [
                16.101279289,
                45.809612491
              ],
              [
                16.101273186,
                45.809594725
              ],
              [
                16.101269565,
                45.8095779
              ],
              [
                16.100965888,
                45.809580831
              ],
              [
                16.101184376,
                45.811015374
              ],
              [
                16.101370947,
                45.812240298
              ],
              [
                16.101432987,
                45.812670448
              ],
              [
                16.101442371,
                45.812728628
              ],
              [
                16.101442778,
                45.812731343
              ],
              [
                16.101443211,
                45.812730327
              ],
              [
                16.10144389,
                45.812728001
              ],
              [
                16.101444275,
                45.812725644
              ],
              [
                16.101444363,
                45.812723272
              ],
              [
                16.101444152,
                45.812720904
              ],
              [
                16.101493458,
                45.813044606
              ],
              [
                16.101498886,
                45.813080227
              ],
              [
                16.101516717,
                45.813197253
              ],
              [
                16.10153169,
                45.813197108
              ]
            ]
          ]
        ]
      }
    },
    {
      "type": "Feature",
      "properties": {
        "objectid": 1419,
        "namjena": "Površine infrastrukturnih sustava",
        "skupnaNamjena": "Prometne površine",
        "analitika": "Promet",
        "oznaka": "IS",
        "kartografskiPrikaz": "Korištenje i namjena prostora",
        "izradivacPlana": "Zavod za urbanizam i prostorno planiranje Arhitektonskog fakulteta Sveučilišta u Zagrebu",
        "izvornoMjerilo": "1:1000",
        "godinaZadnjeIzmjene": 2020,
        "planId": 471,
        "razinaPlana": "Detaljniji planovi",
        "areaM2": 7945.928619237839
      },
      "geometry": {
        "type": "MultiPolygon",
        "coordinates": [
          [
            [
              [
                16.106676884,
                45.812728915
              ],
              [
                16.106673535,
                45.812728827
              ],
              [
                16.106670211,
                45.812728537
              ],
              [
                16.106666936,
                45.812728046
              ],
              [
                16.106663733,
                45.812727358
              ],
              [
                16.106660628,
                45.812726478
              ],
              [
                16.106657642,
                45.812725415
              ],
              [
                16.106654801,
                45.812724173
              ],
              [
                16.106652124,
                45.812722764
              ],
              [
                16.106649633,
                45.812721198
              ],
              [
                16.106647344,
                45.812719486
              ],
              [
                16.106645896,
                45.812718196
              ],
              [
                16.106645276,
                45.812717644
              ],
              [
                16.106643445,
                45.812715681
              ],
              [
                16.106641864,
                45.812713616
              ],
              [
                16.106640546,
                45.812711462
              ],
              [
                16.106639499,
                45.812709237
              ],
              [
                16.106638731,
                45.812706956
              ],
              [
                16.106638251,
                45.812704637
              ],
              [
                16.106638059,
                45.812702298
              ],
              [
                16.106583127,
                45.809933325
              ],
              [
                16.106583227,
                45.809930971
              ],
              [
                16.106583621,
                45.809928632
              ],
              [
                16.106584303,
                45.809926327
              ],
              [
                16.106585271,
                45.809924072
              ],
              [
                16.106586517,
                45.809921884
              ],
              [
                16.106588029,
                45.80991978
              ],
              [
                16.1065898,
                45.809917777
              ],
              [
                16.106591811,
                45.809915889
              ],
              [
                16.106594052,
                45.809914131
              ],
              [
                16.106596503,
                45.809912517
              ],
              [
                16.106599146,
                45.809911057
              ],
              [
                16.10660196,
                45.809909765
              ],
              [
                16.106604924,
                45.809908648
              ],
              [
                16.106608018,
                45.809907717
              ],
              [
                16.106611214,
                45.809906978
              ],
              [
                16.106614491,
                45.809906436
              ],
              [
                16.106617823,
                45.809906097
              ],
              [
                16.106621185,
                45.809905961
              ],
              [
                16.106218827,
                45.809907338
              ],
              [
                16.106222172,
                45.809907428
              ],
              [
                16.106225493,
                45.80990772
              ],
              [
                16.106228767,
                45.809908213
              ],
              [
                16.106231966,
                45.809908902
              ],
              [
                16.106235068,
                45.809909783
              ],
              [
                16.10623805,
                45.809910848
              ],
              [
                16.106240888,
                45.80991209
              ],
              [
                16.106243561,
                45.809913499
              ],
              [
                16.10624605,
                45.809915065
              ],
              [
                16.106248336,
                45.809916776
              ],
              [
                16.106250401,
                45.809918619
              ],
              [
                16.10625223,
                45.80992058
              ],
              [
                16.106253808,
                45.809922645
              ],
              [
                16.106255126,
                45.809924797
              ],
              [
                16.10625617,
                45.809927021
              ],
              [
                16.106256937,
                45.8099293
              ],
              [
                16.106257417,
                45.809931617
              ],
              [
                16.106257609,
                45.809933955
              ],
              [
                16.106260626,
                45.810086104
              ],
              [
                16.106265621,
                45.810338005
              ],
              [
                16.106268476,
                45.810481946
              ],
              [
                16.106271688,
                45.810643879
              ],
              [
                16.106274899,
                45.810805815
              ],
              [
                16.106279894,
                45.811057713
              ],
              [
                16.106283106,
                45.811219646
              ],
              [
                16.106284356,
                45.811282621
              ],
              [
                16.106285961,
                45.811363589
              ],
              [
                16.106289173,
                45.811525522
              ],
              [
                16.106294169,
                45.811777419
              ],
              [
                16.106297381,
                45.81193935
              ],
              [
                16.106300236,
                45.812083294
              ],
              [
                16.106303446,
                45.812245229
              ],
              [
                16.106308443,
                45.812497126
              ],
              [
                16.106312531,
                45.812703227
              ],
              [
                16.106312429,
                45.812705592
              ],
              [
                16.106312032,
                45.812707942
              ],
              [
                16.106311341,
                45.812710259
              ],
              [
                16.106310364,
                45.812712525
              ],
              [
                16.106309105,
                45.812714721
              ],
              [
                16.106307577,
                45.812716833
              ],
              [
                16.106305791,
                45.812718844
              ],
              [
                16.106304667,
                45.812719891
              ],
              [
                16.106303759,
                45.812720736
              ],
              [
                16.106301499,
                45.812722496
              ],
              [
                16.106299026,
                45.812724112
              ],
              [
                16.10629636,
                45.81272557
              ],
              [
                16.106293521,
                45.81272686
              ],
              [
                16.106290533,
                45.81272797
              ],
              [
                16.106287417,
                45.812728893
              ],
              [
                16.106284196,
                45.812729622
              ],
              [
                16.106280898,
                45.81273015
              ],
              [
                16.106277545,
                45.812730474
              ],
              [
                16.106274166,
                45.812730592
              ],
              [
                16.10640283,
                45.812730056
              ],
              [
                16.106531493,
                45.812729521
              ],
              [
                16.106676884,
                45.812728915
              ]
            ]
          ]
        ]
      }
    },
    {
      "type": "Feature",
      "properties": {
        "objectid": 1420,
        "namjena": "Površine infrastrukturnih sustava",
        "skupnaNamjena": "Prometne površine",
        "analitika": "Promet",
        "oznaka": "IS",
        "kartografskiPrikaz": "Korištenje i namjena prostora",
        "izradivacPlana": "Zavod za urbanizam i prostorno planiranje Arhitektonskog fakulteta Sveučilišta u Zagrebu",
        "izvornoMjerilo": "1:1000",
        "godinaZadnjeIzmjene": 2020,
        "planId": 472,
        "razinaPlana": "Detaljniji planovi",
        "areaM2": 7772.442945939918
      },
      "geometry": {
        "type": "MultiPolygon",
        "coordinates": [
          [
            [
              [
                16.110948133,
                45.81271104
              ],
              [
                16.11094004,
                45.812710819
              ],
              [
                16.110932007,
                45.812710091
              ],
              [
                16.1109241,
                45.81270886
              ],
              [
                16.110916383,
                45.812707139
              ],
              [
                16.110908919,
                45.81270494
              ],
              [
                16.11090755,
                45.812704431
              ],
              [
                16.110901767,
                45.81270228
              ],
              [
                16.110894986,
                45.812699181
              ],
              [
                16.110888631,
                45.812695669
              ],
              [
                16.110882753,
                45.812691773
              ],
              [
                16.110877399,
                45.812687522
              ],
              [
                16.110872614,
                45.812682953
              ],
              [
                16.110868433,
                45.8126781
              ],
              [
                16.110864894,
                45.812673005
              ],
              [
                16.110862023,
                45.812667709
              ],
              [
                16.110859845,
                45.812662254
              ],
              [
                16.110858376,
                45.812656683
              ],
              [
                16.110826872,
                45.812535518
              ],
              [
                16.110780762,
                45.812416661
              ],
              [
                16.110720384,
                45.812300973
              ],
              [
                16.110691934,
                45.812249535
              ],
              [
                16.110666725,
                45.812197277
              ],
              [
                16.110644811,
                45.812144298
              ],
              [
                16.110644453,
                45.812143615
              ],
              [
                16.110644112,
                45.812142927
              ],
              [
                16.110643787,
                45.812142236
              ],
              [
                16.110643129,
                45.812140693
              ],
              [
                16.110642552,
                45.812139134
              ],
              [
                16.110642058,
                45.812137561
              ],
              [
                16.110634759,
                45.812116974
              ],
              [
                16.110627947,
                45.812096307
              ],
              [
                16.110621622,
                45.812075563
              ],
              [
                16.110602329,
                45.811998114
              ],
              [
                16.110589975,
                45.811919975
              ],
              [
                16.110584687,
                45.811842628
              ],
              [
                16.110584659,
                45.811842236
              ],
              [
                16.110584633,
                45.811841842
              ],
              [
                16.110584609,
                45.811841449
              ],
              [
                16.110571052,
                45.811108066
              ],
              [
                16.110568311,
                45.810959633
              ],
              [
                16.110566131,
                45.810841768
              ],
              [
                16.110565875,
                45.810827913
              ],
              [
                16.110565312,
                45.810797438
              ],
              [
                16.110564637,
                45.810760913
              ],
              [
                16.110551157,
                45.810031515
              ],
              [
                16.110550269,
                45.809983476
              ],
              [
                16.110548061,
                45.80986396
              ],
              [
                16.110196639,
                45.809868728
              ],
              [
                16.110200019,
                45.809868786
              ],
              [
                16.110203379,
                45.80986905
              ],
              [
                16.110206693,
                45.809869519
              ],
              [
                16.110209935,
                45.809870189
              ],
              [
                16.110213081,
                45.809871055
              ],
              [
                16.110216107,
                45.80987211
              ],
              [
                16.110218989,
                45.809873346
              ],
              [
                16.110221705,
                45.809874754
              ],
              [
                16.110224236,
                45.809876323
              ],
              [
                16.110226559,
                45.80987804
              ],
              [
                16.110228659,
                45.809879894
              ],
              [
                16.110230518,
                45.809881868
              ],
              [
                16.110232124,
                45.809883948
              ],
              [
                16.110233463,
                45.809886119
              ],
              [
                16.110234526,
                45.809888364
              ],
              [
                16.110235302,
                45.809890665
              ],
              [
                16.110235789,
                45.809893005
              ],
              [
                16.110235981,
                45.809895365
              ],
              [
                16.110245019,
                45.810384541
              ],
              [
                16.11024826,
                45.810559972
              ],
              [
                16.110254903,
                45.810919497
              ],
              [
                16.110257777,
                45.811075074
              ],
              [
                16.11026265,
                45.811338757
              ],
              [
                16.110263294,
                45.811373649
              ],
              [
                16.110263814,
                45.811401732
              ],
              [
                16.110265842,
                45.811511486
              ],
              [
                16.110269083,
                45.811686917
              ],
              [
                16.110271941,
                45.811841643
              ],
              [
                16.11027753,
                45.811931406
              ],
              [
                16.110290953,
                45.812020763
              ],
              [
                16.110312161,
                45.81210938
              ],
              [
                16.110321149,
                45.81213933
              ],
              [
                16.110331025,
                45.812169144
              ],
              [
                16.110341788,
                45.812198807
              ],
              [
                16.110356217,
                45.812235025
              ],
              [
                16.110371966,
                45.812270974
              ],
              [
                16.110389024,
                45.812306629
              ],
              [
                16.11039534,
                45.812319104
              ],
              [
                16.110401814,
                45.812331538
              ],
              [
                16.110408447,
                45.812343932
              ],
              [
                16.110415942,
                45.812357538
              ],
              [
                16.11042363,
                45.812371093
              ],
              [
                16.110431508,
                45.812384593
              ],
              [
                16.110454887,
                45.812424403
              ],
              [
                16.110475411,
                45.812464976
              ],
              [
                16.110493029,
                45.812506212
              ],
              [
                16.110513355,
                45.812558484
              ],
              [
                16.110543197,
                45.812660923
              ],
              [
                16.110543836,
                45.812664772
              ],
              [
                16.110543998,
                45.812668645
              ],
              [
                16.110543683,
                45.812672514
              ],
              [
                16.110542892,
                45.812676349
              ],
              [
                16.110541633,
                45.812680123
              ],
              [
                16.110539914,
                45.812683806
              ],
              [
                16.110537748,
                45.812687373
              ],
              [
                16.11053515,
                45.812690796
              ],
              [
                16.110532142,
                45.81269405
              ],
              [
                16.110528745,
                45.812697111
              ],
              [
                16.110524982,
                45.812699956
              ],
              [
                16.110520885,
                45.812702564
              ],
              [
                16.11051648,
                45.812704916
              ],
              [
                16.110512917,
                45.812706499
              ],
              [
                16.110511804,
                45.812706994
              ],
              [
                16.110506888,
                45.812708783
              ],
              [
                16.110501771,
                45.81271027
              ],
              [
                16.110496489,
                45.812711443
              ],
              [
                16.110491084,
                45.812712293
              ],
              [
                16.110485593,
                45.812712816
              ],
              [
                16.110480059,
                45.812713006
              ],
              [
                16.110948133,
                45.81271104
              ]
            ]
          ]
        ]
      }
    },
    {
      "type": "Feature",
      "properties": {
        "objectid": 1421,
        "namjena": "Površine infrastrukturnih sustava",
        "skupnaNamjena": "Prometne površine",
        "analitika": "Promet",
        "oznaka": "IS",
        "kartografskiPrikaz": "Korištenje i namjena prostora",
        "izradivacPlana": "Zavod za urbanizam i prostorno planiranje Arhitektonskog fakulteta Sveučilišta u Zagrebu",
        "izvornoMjerilo": "1:1000",
        "godinaZadnjeIzmjene": 2020,
        "planId": 473,
        "razinaPlana": "Detaljniji planovi",
        "areaM2": 7636.803986203552
      },
      "geometry": {
        "type": "MultiPolygon",
        "coordinates": [
          [
            [
              [
                16.113225426,
                45.812061189
              ],
              [
                16.113868666,
                45.812054909
              ],
              [
                16.114070673,
                45.812052937
              ],
              [
                16.114160727,
                45.812052058
              ],
              [
                16.114309178,
                45.812050607
              ],
              [
                16.114386368,
                45.812049853
              ],
              [
                16.114573326,
                45.812048026
              ],
              [
                16.114578911,
                45.812048141
              ],
              [
                16.114584461,
                45.812048595
              ],
              [
                16.114589933,
                45.812049383
              ],
              [
                16.114595287,
                45.812050502
              ],
              [
                16.114600482,
                45.812051939
              ],
              [
                16.114605478,
                45.812053688
              ],
              [
                16.11461024,
                45.812055732
              ],
              [
                16.114614729,
                45.812058058
              ],
              [
                16.114618913,
                45.812060647
              ],
              [
                16.114622759,
                45.812063481
              ],
              [
                16.114626241,
                45.812066538
              ],
              [
                16.114629328,
                45.812069794
              ],
              [
                16.114632001,
                45.812073225
              ],
              [
                16.114634239,
                45.812076805
              ],
              [
                16.114636022,
                45.812080508
              ],
              [
                16.114637341,
                45.812084305
              ],
              [
                16.114638183,
                45.812088167
              ],
              [
                16.114638542,
                45.812092066
              ],
              [
                16.114634517,
                45.811828775
              ],
              [
                16.114365534,
                45.811831404
              ],
              [
                16.114248772,
                45.811832544
              ],
              [
                16.113968407,
                45.811835283
              ],
              [
                16.113643107,
                45.811838459
              ],
              [
                16.11364219,
                45.811838484
              ],
              [
                16.113641273,
                45.811838492
              ],
              [
                16.113640357,
                45.811838486
              ],
              [
                16.113357332,
                45.811841248
              ],
              [
                16.113164361,
                45.811843131
              ],
              [
                16.112887769,
                45.811845831
              ],
              [
                16.112527555,
                45.811849345
              ],
              [
                16.11224453,
                45.811852105
              ],
              [
                16.112238683,
                45.811852162
              ],
              [
                16.11205156,
                45.811853987
              ],
              [
                16.111774966,
                45.811856682
              ],
              [
                16.111446914,
                45.81185988
              ],
              [
                16.11116389,
                45.811862637
              ],
              [
                16.110970918,
                45.811864517
              ],
              [
                16.110623737,
                45.811867898
              ],
              [
                16.110623096,
                45.8118679
              ],
              [
                16.110622456,
                45.811867895
              ],
              [
                16.110621815,
                45.811867883
              ],
              [
                16.110618486,
                45.811867698
              ],
              [
                16.110615192,
                45.811867313
              ],
              [
                16.110611959,
                45.81186673
              ],
              [
                16.11060881,
                45.811865955
              ],
              [
                16.110605768,
                45.81186499
              ],
              [
                16.110602856,
                45.811863847
              ],
              [
                16.110600098,
                45.811862532
              ],
              [
                16.110597512,
                45.811861055
              ],
              [
                16.110595117,
                45.811859427
              ],
              [
                16.110592934,
                45.81185766
              ],
              [
                16.110590976,
                45.811855768
              ],
              [
                16.110589261,
                45.811853764
              ],
              [
                16.110587798,
                45.811851665
              ],
              [
                16.110586601,
                45.811849486
              ],
              [
                16.110585679,
                45.811847241
              ],
              [
                16.110585036,
                45.81184495
              ],
              [
                16.110584687,
                45.811842628
              ],
              [
                16.110589975,
                45.811919975
              ],
              [
                16.110602329,
                45.811998114
              ],
              [
                16.110621622,
                45.812075563
              ],
              [
                16.110627947,
                45.812096307
              ],
              [
                16.110634759,
                45.812116974
              ],
              [
                16.110642058,
                45.812137561
              ],
              [
                16.110642552,
                45.812139134
              ],
              [
                16.110643129,
                45.812140693
              ],
              [
                16.110643787,
                45.812142236
              ],
              [
                16.110642649,
                45.812138254
              ],
              [
                16.110642021,
                45.812134217
              ],
              [
                16.11064191,
                45.812130158
              ],
              [
                16.110642317,
                45.812126108
              ],
              [
                16.110643237,
                45.812122099
              ],
              [
                16.110644663,
                45.812118162
              ],
              [
                16.110646585,
                45.81211433
              ],
              [
                16.110648986,
                45.812110633
              ],
              [
                16.110651849,
                45.812107101
              ],
              [
                16.110655149,
                45.812103761
              ],
              [
                16.110658863,
                45.812100639
              ],
              [
                16.110662959,
                45.812097761
              ],
              [
                16.110667404,
                45.812095148
              ],
              [
                16.110672165,
                45.812092823
              ],
              [
                16.110677203,
                45.812090804
              ],
              [
                16.110682477,
                45.812089106
              ],
              [
                16.110687946,
                45.812087743
              ],
              [
                16.110693567,
                45.812086726
              ],
              [
                16.110699296,
                45.812086063
              ],
              [
                16.110705086,
                45.812085759
              ],
              [
                16.113225426,
                45.812061189
              ]
            ]
          ]
        ]
      }
    },
    {
      "type": "Feature",
      "properties": {
        "objectid": 1422,
        "namjena": "Površine infrastrukturnih sustava",
        "skupnaNamjena": "Prometne površine",
        "analitika": "Promet",
        "oznaka": "IS",
        "kartografskiPrikaz": "Korištenje i namjena prostora",
        "izradivacPlana": "Zavod za urbanizam i prostorno planiranje Arhitektonskog fakulteta Sveučilišta u Zagrebu",
        "izvornoMjerilo": "1:1000",
        "godinaZadnjeIzmjene": 2020,
        "planId": 475,
        "razinaPlana": "Detaljniji planovi",
        "areaM2": 6142.917774961146
      },
      "geometry": {
        "type": "MultiPolygon",
        "coordinates": [
          [
            [
              [
                16.102081179,
                45.812567642
              ],
              [
                16.102053682,
                45.812387135
              ],
              [
                16.101964207,
                45.811799759
              ],
              [
                16.10190973,
                45.811442128
              ],
              [
                16.101895518,
                45.811348824
              ],
              [
                16.10184933,
                45.811045601
              ],
              [
                16.101781325,
                45.810599148
              ],
              [
                16.101711173,
                45.81013859
              ],
              [
                16.101692082,
                45.810013251
              ],
              [
                16.101674879,
                45.809900305
              ],
              [
                16.101665401,
                45.809900337
              ],
              [
                16.101650787,
                45.809900387
              ],
              [
                16.101627579,
                45.809901147
              ],
              [
                16.101604546,
                45.809903267
              ],
              [
                16.101581847,
                45.809906732
              ],
              [
                16.101559645,
                45.809911515
              ],
              [
                16.101538094,
                45.809917586
              ],
              [
                16.101517348,
                45.8099249
              ],
              [
                16.101497553,
                45.809933405
              ],
              [
                16.101478848,
                45.809943041
              ],
              [
                16.101461367,
                45.809953742
              ],
              [
                16.101453217,
                45.809959691
              ],
              [
                16.10144588,
                45.809966136
              ],
              [
                16.101439417,
                45.809973023
              ],
              [
                16.101433881,
                45.809980294
              ],
              [
                16.10142932,
                45.80998789
              ],
              [
                16.10142577,
                45.809995744
              ],
              [
                16.101423262,
                45.810003793
              ],
              [
                16.101421818,
                45.810011969
              ],
              [
                16.10142145,
                45.810020203
              ],
              [
                16.101422158,
                45.810028426
              ],
              [
                16.101495609,
                45.810510658
              ],
              [
                16.101535125,
                45.81077009
              ],
              [
                16.10157587,
                45.811037593
              ],
              [
                16.101627037,
                45.811033782
              ],
              [
                16.101628158,
                45.811033733
              ],
              [
                16.101629279,
                45.811033752
              ],
              [
                16.101630394,
                45.81103384
              ],
              [
                16.101631495,
                45.811033996
              ],
              [
                16.101632571,
                45.811034217
              ],
              [
                16.101633617,
                45.811034504
              ],
              [
                16.101634622,
                45.811034853
              ],
              [
                16.10163558,
                45.811035262
              ],
              [
                16.101636484,
                45.811035729
              ],
              [
                16.101637325,
                45.811036247
              ],
              [
                16.101638098,
                45.811036816
              ],
              [
                16.101638799,
                45.81103743
              ],
              [
                16.10163942,
                45.811038084
              ],
              [
                16.101639957,
                45.811038773
              ],
              [
                16.101640406,
                45.811039493
              ],
              [
                16.101640762,
                45.811040236
              ],
              [
                16.101641025,
                45.811041
              ],
              [
                16.101641194,
                45.811041776
              ],
              [
                16.101648007,
                45.811086508
              ],
              [
                16.101648077,
                45.811087292
              ],
              [
                16.10164805,
                45.811088077
              ],
              [
                16.101647924,
                45.811088857
              ],
              [
                16.101647703,
                45.811089626
              ],
              [
                16.101647385,
                45.811090379
              ],
              [
                16.101646976,
                45.81109111
              ],
              [
                16.101646476,
                45.811091813
              ],
              [
                16.101645891,
                45.811092483
              ],
              [
                16.101645224,
                45.811093114
              ],
              [
                16.101644481,
                45.811093704
              ],
              [
                16.101643668,
                45.811094244
              ],
              [
                16.101642791,
                45.811094733
              ],
              [
                16.101641856,
                45.811095167
              ],
              [
                16.101640869,
                45.811095544
              ],
              [
                16.101639842,
                45.811095857
              ],
              [
                16.101638777,
                45.811096107
              ],
              [
                16.101637686,
                45.811096291
              ],
              [
                16.101636576,
                45.811096408
              ],
              [
                16.101585409,
                45.811100219
              ],
              [
                16.101760934,
                45.81225254
              ],
              [
                16.101812102,
                45.812248729
              ],
              [
                16.101813221,
                45.812248681
              ],
              [
                16.101814343,
                45.8122487
              ],
              [
                16.101815459,
                45.812248788
              ],
              [
                16.10181656,
                45.812248943
              ],
              [
                16.101817636,
                45.812249165
              ],
              [
                16.101818681,
                45.812249451
              ],
              [
                16.101819687,
                45.812249801
              ],
              [
                16.101820644,
                45.81225021
              ],
              [
                16.101821548,
                45.812250676
              ],
              [
                16.101822389,
                45.812251195
              ],
              [
                16.101823164,
                45.812251764
              ],
              [
                16.101823863,
                45.812252377
              ],
              [
                16.101824484,
                45.812253031
              ],
              [
                16.101825021,
                45.81225372
              ],
              [
                16.10182547,
                45.81225444
              ],
              [
                16.101825827,
                45.812255184
              ],
              [
                16.101826091,
                45.812255946
              ],
              [
                16.101826258,
                45.812256723
              ],
              [
                16.101833071,
                45.812301456
              ],
              [
                16.101833141,
                45.812302239
              ],
              [
                16.101833114,
                45.812303024
              ],
              [
                16.101832989,
                45.812303804
              ],
              [
                16.101832767,
                45.812304574
              ],
              [
                16.10183245,
                45.812305327
              ],
              [
                16.10183204,
                45.812306057
              ],
              [
                16.101831541,
                45.812306761
              ],
              [
                16.101830956,
                45.81230743
              ],
              [
                16.101830289,
                45.812308062
              ],
              [
                16.101829547,
                45.81230865
              ],
              [
                16.101828734,
                45.812309192
              ],
              [
                16.101827855,
                45.812309681
              ],
              [
                16.101826921,
                45.812310115
              ],
              [
                16.101825935,
                45.812310491
              ],
              [
                16.101824906,
                45.812310805
              ],
              [
                16.101823841,
                45.812311055
              ],
              [
                16.10182275,
                45.812311239
              ],
              [
                16.10182164,
                45.812311356
              ],
              [
                16.101770472,
                45.812315167
              ],
              [
                16.101809331,
                45.812570268
              ],
              [
                16.101859233,
                45.812569786
              ],
              [
                16.102081179,
                45.812567642
              ]
            ]
          ]
        ]
      }
    },
    {
      "type": "Feature",
      "properties": {
        "objectid": 1423,
        "namjena": "Površine infrastrukturnih sustava",
        "skupnaNamjena": "Prometne površine",
        "analitika": "Promet",
        "oznaka": "IS",
        "kartografskiPrikaz": "Korištenje i namjena prostora",
        "izradivacPlana": "Zavod za urbanizam i prostorno planiranje Arhitektonskog fakulteta Sveučilišta u Zagrebu",
        "izvornoMjerilo": "1:1000",
        "godinaZadnjeIzmjene": 2020,
        "planId": 476,
        "razinaPlana": "Detaljniji planovi",
        "areaM2": 4297.23668109716
      },
      "geometry": {
        "type": "MultiPolygon",
        "coordinates": [
          [
            [
              [
                16.104709877,
                45.811045929
              ],
              [
                16.104877118,
                45.811044314
              ],
              [
                16.106240766,
                45.811031098
              ],
              [
                16.106244131,
                45.811031168
              ],
              [
                16.106247476,
                45.811031443
              ],
              [
                16.106250773,
                45.81103192
              ],
              [
                16.106253998,
                45.811032597
              ],
              [
                16.106257126,
                45.811033468
              ],
              [
                16.106260134,
                45.811034526
              ],
              [
                16.106262999,
                45.811035764
              ],
              [
                16.106265699,
                45.811037171
              ],
              [
                16.106268212,
                45.811038738
              ],
              [
                16.106270521,
                45.811040452
              ],
              [
                16.106272608,
                45.8110423
              ],
              [
                16.106274456,
                45.811044268
              ],
              [
                16.106276053,
                45.811046341
              ],
              [
                16.106277384,
                45.811048504
              ],
              [
                16.106278441,
                45.81105074
              ],
              [
                16.106279216,
                45.811053031
              ],
              [
                16.106279701,
                45.811055362
              ],
              [
                16.106279894,
                45.811057713
              ],
              [
                16.106274899,
                45.810805815
              ],
              [
                16.106274798,
                45.810808168
              ],
              [
                16.106274406,
                45.810810507
              ],
              [
                16.106273722,
                45.810812813
              ],
              [
                16.106272754,
                45.810815068
              ],
              [
                16.10627151,
                45.810817256
              ],
              [
                16.106269996,
                45.81081936
              ],
              [
                16.106268227,
                45.810821363
              ],
              [
                16.106266214,
                45.810823251
              ],
              [
                16.106263973,
                45.810825009
              ],
              [
                16.106261522,
                45.810826623
              ],
              [
                16.106258881,
                45.810828083
              ],
              [
                16.106256065,
                45.810829375
              ],
              [
                16.106253101,
                45.810830491
              ],
              [
                16.106250009,
                45.810831423
              ],
              [
                16.106246811,
                45.810832162
              ],
              [
                16.106243534,
                45.810832703
              ],
              [
                16.106240202,
                45.810833043
              ],
              [
                16.106236841,
                45.810833178
              ],
              [
                16.104873196,
                45.810846386
              ],
              [
                16.104474395,
                45.810850249
              ],
              [
                16.103805438,
                45.810856732
              ],
              [
                16.103802073,
                45.810856662
              ],
              [
                16.103798728,
                45.810856387
              ],
              [
                16.103795431,
                45.810855909
              ],
              [
                16.103792206,
                45.810855232
              ],
              [
                16.103789078,
                45.810854362
              ],
              [
                16.10378607,
                45.810853303
              ],
              [
                16.103783205,
                45.810852066
              ],
              [
                16.103780505,
                45.810850658
              ],
              [
                16.103777992,
                45.810849092
              ],
              [
                16.103775683,
                45.810847378
              ],
              [
                16.103773596,
                45.81084553
              ],
              [
                16.103771748,
                45.810843562
              ],
              [
                16.103770152,
                45.810841488
              ],
              [
                16.10376882,
                45.810839325
              ],
              [
                16.103767764,
                45.81083709
              ],
              [
                16.103766989,
                45.810834798
              ],
              [
                16.103766504,
                45.810832468
              ],
              [
                16.103766311,
                45.810830117
              ],
              [
                16.103768269,
                45.810929076
              ],
              [
                16.103769337,
                45.810983055
              ],
              [
                16.103771295,
                45.811082014
              ],
              [
                16.103771396,
                45.81107966
              ],
              [
                16.103771789,
                45.811077321
              ],
              [
                16.103772472,
                45.811075016
              ],
              [
                16.10377344,
                45.811072761
              ],
              [
                16.103774686,
                45.811070573
              ],
              [
                16.103776198,
                45.811068469
              ],
              [
                16.103777969,
                45.811066466
              ],
              [
                16.103779982,
                45.811064578
              ],
              [
                16.103782222,
                45.811062821
              ],
              [
                16.103784673,
                45.811061206
              ],
              [
                16.103787316,
                45.811059746
              ],
              [
                16.10379013,
                45.811058454
              ],
              [
                16.103793094,
                45.811057338
              ],
              [
                16.103796188,
                45.811056408
              ],
              [
                16.103799384,
                45.811055668
              ],
              [
                16.103802661,
                45.811055127
              ],
              [
                16.103805994,
                45.811054787
              ],
              [
                16.103809354,
                45.811054652
              ],
              [
                16.104709877,
                45.811045929
              ]
            ]
          ]
        ]
      }
    },
    {
      "type": "Feature",
      "properties": {
        "objectid": 1424,
        "namjena": "Površine infrastrukturnih sustava",
        "skupnaNamjena": "Prometne površine",
        "analitika": "Promet",
        "oznaka": "IS",
        "kartografskiPrikaz": "Korištenje i namjena prostora",
        "izradivacPlana": "Zavod za urbanizam i prostorno planiranje Arhitektonskog fakulteta Sveučilišta u Zagrebu",
        "izvornoMjerilo": "1:1000",
        "godinaZadnjeIzmjene": 2020,
        "planId": 477,
        "razinaPlana": "Detaljniji planovi",
        "areaM2": 4297.182286115855
      },
      "geometry": {
        "type": "MultiPolygon",
        "coordinates": [
          [
            [
              [
                16.105187263,
                45.811761155
              ],
              [
                16.105354505,
                45.811759535
              ],
              [
                16.106255038,
                45.811750805
              ],
              [
                16.106258405,
                45.811750875
              ],
              [
                16.106261749,
                45.81175115
              ],
              [
                16.106265046,
                45.811751627
              ],
              [
                16.106268272,
                45.811752304
              ],
              [
                16.1062714,
                45.811753175
              ],
              [
                16.106274407,
                45.811754233
              ],
              [
                16.106277272,
                45.811755471
              ],
              [
                16.106279972,
                45.811756878
              ],
              [
                16.106282487,
                45.811758445
              ],
              [
                16.106284796,
                45.811760159
              ],
              [
                16.106286881,
                45.811762007
              ],
              [
                16.106288731,
                45.811763975
              ],
              [
                16.106290327,
                45.811766048
              ],
              [
                16.106291658,
                45.811768211
              ],
              [
                16.106292715,
                45.811770446
              ],
              [
                16.106293489,
                45.811772738
              ],
              [
                16.106293975,
                45.811775069
              ],
              [
                16.106294169,
                45.811777419
              ],
              [
                16.106289173,
                45.811525522
              ],
              [
                16.106289073,
                45.811527875
              ],
              [
                16.106288679,
                45.811530214
              ],
              [
                16.106287996,
                45.81153252
              ],
              [
                16.106287028,
                45.811534775
              ],
              [
                16.106285783,
                45.811536963
              ],
              [
                16.10628427,
                45.811539067
              ],
              [
                16.1062825,
                45.81154107
              ],
              [
                16.106280487,
                45.811542958
              ],
              [
                16.106278247,
                45.811544715
              ],
              [
                16.106275796,
                45.81154633
              ],
              [
                16.106273154,
                45.81154779
              ],
              [
                16.106270339,
                45.811549082
              ],
              [
                16.106267375,
                45.811550198
              ],
              [
                16.106264281,
                45.81155113
              ],
              [
                16.106261084,
                45.811551869
              ],
              [
                16.106257808,
                45.81155241
              ],
              [
                16.106254476,
                45.81155275
              ],
              [
                16.106251114,
                45.811552885
              ],
              [
                16.105582149,
                45.811559369
              ],
              [
                16.105414907,
                45.811560989
              ],
              [
                16.105390341,
                45.811561227
              ],
              [
                16.104887453,
                45.8115661
              ],
              [
                16.104600993,
                45.811568875
              ],
              [
                16.104488646,
                45.811569963
              ],
              [
                16.103819679,
                45.81157644
              ],
              [
                16.103816314,
                45.81157637
              ],
              [
                16.10381297,
                45.811576095
              ],
              [
                16.103809673,
                45.811575617
              ],
              [
                16.103806447,
                45.81157494
              ],
              [
                16.103803319,
                45.811574069
              ],
              [
                16.103800312,
                45.811573011
              ],
              [
                16.103797446,
                45.811571773
              ],
              [
                16.103794748,
                45.811570365
              ],
              [
                16.103792233,
                45.811568799
              ],
              [
                16.103789924,
                45.811567085
              ],
              [
                16.103787838,
                45.811565237
              ],
              [
                16.103785989,
                45.811563269
              ],
              [
                16.103784393,
                45.811561196
              ],
              [
                16.103783062,
                45.811559032
              ],
              [
                16.103782005,
                45.811556796
              ],
              [
                16.103781231,
                45.811554505
              ],
              [
                16.103780745,
                45.811552175
              ],
              [
                16.103780552,
                45.811549824
              ],
              [
                16.103782153,
                45.811630791
              ],
              [
                16.103783933,
                45.811720755
              ],
              [
                16.103785536,
                45.811801722
              ],
              [
                16.103785636,
                45.811799368
              ],
              [
                16.10378603,
                45.811797029
              ],
              [
                16.103786713,
                45.811794724
              ],
              [
                16.103787681,
                45.811792469
              ],
              [
                16.103788927,
                45.81179028
              ],
              [
                16.103790441,
                45.811788177
              ],
              [
                16.10379221,
                45.811786174
              ],
              [
                16.103794223,
                45.811784286
              ],
              [
                16.103796463,
                45.811782528
              ],
              [
                16.103798914,
                45.811780914
              ],
              [
                16.103801557,
                45.811779454
              ],
              [
                16.103804371,
                45.811778161
              ],
              [
                16.103807336,
                45.811777046
              ],
              [
                16.103810429,
                45.811776115
              ],
              [
                16.103813627,
                45.811775375
              ],
              [
                16.103816902,
                45.811774834
              ],
              [
                16.103820235,
                45.811774495
              ],
              [
                16.103823597,
                45.811774359
              ],
              [
                16.105187263,
                45.811761155
              ]
            ]
          ]
        ]
      }
    },
    {
      "type": "Feature",
      "properties": {
        "objectid": 1425,
        "namjena": "Površine infrastrukturnih sustava",
        "skupnaNamjena": "Prometne površine",
        "analitika": "Promet",
        "oznaka": "IS",
        "kartografskiPrikaz": "Korištenje i namjena prostora",
        "izradivacPlana": "Zavod za urbanizam i prostorno planiranje Arhitektonskog fakulteta Sveučilišta u Zagrebu",
        "izvornoMjerilo": "1:1000",
        "godinaZadnjeIzmjene": 2020,
        "planId": 478,
        "razinaPlana": "Detaljniji planovi",
        "areaM2": 4297.176572859114
      },
      "geometry": {
        "type": "MultiPolygon",
        "coordinates": [
          [
            [
              [
                16.104506816,
                45.81248759
              ],
              [
                16.104674061,
                45.812485971
              ],
              [
                16.106269312,
                45.812470511
              ],
              [
                16.106272678,
                45.812470581
              ],
              [
                16.106276023,
                45.812470857
              ],
              [
                16.10627932,
                45.812471334
              ],
              [
                16.106282545,
                45.812472011
              ],
              [
                16.106285673,
                45.812472882
              ],
              [
                16.106288682,
                45.81247394
              ],
              [
                16.106291546,
                45.812475177
              ],
              [
                16.106294246,
                45.812476584
              ],
              [
                16.10629676,
                45.812478152
              ],
              [
                16.106299069,
                45.812479866
              ],
              [
                16.106301156,
                45.812481713
              ],
              [
                16.106303004,
                45.812483682
              ],
              [
                16.1063046,
                45.812485755
              ],
              [
                16.106305932,
                45.812487917
              ],
              [
                16.10630699,
                45.812490153
              ],
              [
                16.106307764,
                45.812492445
              ],
              [
                16.106308249,
                45.812494775
              ],
              [
                16.106308443,
                45.812497126
              ],
              [
                16.106303446,
                45.812245229
              ],
              [
                16.106303346,
                45.812247582
              ],
              [
                16.106302954,
                45.812249921
              ],
              [
                16.10630227,
                45.812252227
              ],
              [
                16.106301302,
                45.812254482
              ],
              [
                16.106300057,
                45.812256669
              ],
              [
                16.106298544,
                45.812258773
              ],
              [
                16.106296774,
                45.812260777
              ],
              [
                16.106294762,
                45.812262665
              ],
              [
                16.106292521,
                45.812264422
              ],
              [
                16.106290071,
                45.812266037
              ],
              [
                16.106287428,
                45.812267496
              ],
              [
                16.106284613,
                45.812268789
              ],
              [
                16.106281648,
                45.812269905
              ],
              [
                16.106278556,
                45.812270836
              ],
              [
                16.106275358,
                45.812271575
              ],
              [
                16.106272081,
                45.812272117
              ],
              [
                16.106268748,
                45.812272456
              ],
              [
                16.106265388,
                45.812272592
              ],
              [
                16.104901709,
                45.812285808
              ],
              [
                16.104502896,
                45.812289667
              ],
              [
                16.103833922,
                45.812296147
              ],
              [
                16.103830557,
                45.812296077
              ],
              [
                16.103827212,
                45.812295802
              ],
              [
                16.103823915,
                45.812295324
              ],
              [
                16.10382069,
                45.812294647
              ],
              [
                16.103817562,
                45.812293776
              ],
              [
                16.103814553,
                45.812292718
              ],
              [
                16.103811689,
                45.81229148
              ],
              [
                16.103808989,
                45.812290072
              ],
              [
                16.103806475,
                45.812288506
              ],
              [
                16.103804166,
                45.812286792
              ],
              [
                16.10380208,
                45.812284944
              ],
              [
                16.103800232,
                45.812282976
              ],
              [
                16.103798635,
                45.812280903
              ],
              [
                16.103797303,
                45.812278739
              ],
              [
                16.103796247,
                45.812276504
              ],
              [
                16.103795472,
                45.812274212
              ],
              [
                16.103794987,
                45.812271882
              ],
              [
                16.103794794,
                45.812269531
              ],
              [
                16.103796396,
                45.812350498
              ],
              [
                16.103797286,
                45.81239548
              ],
              [
                16.103798177,
                45.812440462
              ],
              [
                16.103799779,
                45.812521429
              ],
              [
                16.103799879,
                45.812519075
              ],
              [
                16.103800272,
                45.812516736
              ],
              [
                16.103800955,
                45.812514431
              ],
              [
                16.103801924,
                45.812512176
              ],
              [
                16.103803169,
                45.812509988
              ],
              [
                16.103804682,
                45.812507884
              ],
              [
                16.103806452,
                45.812505881
              ],
              [
                16.103808464,
                45.812503993
              ],
              [
                16.103810705,
                45.812502235
              ],
              [
                16.103813156,
                45.812500621
              ],
              [
                16.103815799,
                45.812499161
              ],
              [
                16.103818613,
                45.812497869
              ],
              [
                16.103821578,
                45.812496753
              ],
              [
                16.103824672,
                45.812495822
              ],
              [
                16.103827868,
                45.812495083
              ],
              [
                16.103831145,
                45.812494541
              ],
              [
                16.103834478,
                45.812494202
              ],
              [
                16.10383784,
                45.812494067
              ],
              [
                16.104506816,
                45.81248759
              ]
            ]
          ]
        ]
      }
    },
    {
      "type": "Feature",
      "properties": {
        "objectid": 1426,
        "namjena": "Površine infrastrukturnih sustava",
        "skupnaNamjena": "Prometne površine",
        "analitika": "Promet",
        "oznaka": "IS",
        "kartografskiPrikaz": "Korištenje i namjena prostora",
        "izradivacPlana": "Zavod za urbanizam i prostorno planiranje Arhitektonskog fakulteta Sveučilišta u Zagrebu",
        "izvornoMjerilo": "1:1000",
        "godinaZadnjeIzmjene": 2020,
        "planId": 480,
        "razinaPlana": "Detaljniji planovi",
        "areaM2": 4038.7556915440496
      },
      "geometry": {
        "type": "MultiPolygon",
        "coordinates": [
          [
            [
              [
                16.112887769,
                45.811845831
              ],
              [
                16.112884402,
                45.811845761
              ],
              [
                16.112881058,
                45.811845487
              ],
              [
                16.112877761,
                45.811845009
              ],
              [
                16.112874536,
                45.811844332
              ],
              [
                16.112871407,
                45.811843462
              ],
              [
                16.112868399,
                45.811842404
              ],
              [
                16.112865535,
                45.811841166
              ],
              [
                16.112862835,
                45.811839759
              ],
              [
                16.112860321,
                45.811838192
              ],
              [
                16.112858012,
                45.811836478
              ],
              [
                16.112855924,
                45.811834631
              ],
              [
                16.112854075,
                45.811832662
              ],
              [
                16.11285248,
                45.811830589
              ],
              [
                16.112851147,
                45.811828427
              ],
              [
                16.11285009,
                45.811826191
              ],
              [
                16.112849316,
                45.811823899
              ],
              [
                16.11284883,
                45.811821569
              ],
              [
                16.112848635,
                45.811819219
              ],
              [
                16.11283452,
                45.811111658
              ],
              [
                16.112832385,
                45.811004637
              ],
              [
                16.112818035,
                45.810285347
              ],
              [
                16.112817539,
                45.81026048
              ],
              [
                16.112817635,
                45.810258162
              ],
              [
                16.112818015,
                45.810255858
              ],
              [
                16.112818677,
                45.810253587
              ],
              [
                16.112819615,
                45.810251362
              ],
              [
                16.112820823,
                45.810249203
              ],
              [
                16.112822291,
                45.810247124
              ],
              [
                16.112824008,
                45.810245141
              ],
              [
                16.112825963,
                45.810243268
              ],
              [
                16.112828141,
                45.810241519
              ],
              [
                16.112830524,
                45.810239908
              ],
              [
                16.112833097,
                45.810238445
              ],
              [
                16.112835841,
                45.810237143
              ],
              [
                16.112838733,
                45.81023601
              ],
              [
                16.112841755,
                45.810235055
              ],
              [
                16.112844881,
                45.810234283
              ],
              [
                16.112848092,
                45.810233704
              ],
              [
                16.112851361,
                45.810233318
              ],
              [
                16.112854667,
                45.810233131
              ],
              [
                16.112857982,
                45.810233143
              ],
              [
                16.112861284,
                45.810233353
              ],
              [
                16.112864548,
                45.810233761
              ],
              [
                16.11286775,
                45.810234364
              ],
              [
                16.112746945,
                45.810210155
              ],
              [
                16.112624488,
                45.810190417
              ],
              [
                16.112500716,
                45.810175206
              ],
              [
                16.112504026,
                45.810175676
              ],
              [
                16.112507264,
                45.810176347
              ],
              [
                16.112510405,
                45.810177212
              ],
              [
                16.112513427,
                45.810178267
              ],
              [
                16.112516305,
                45.810179501
              ],
              [
                16.112519018,
                45.810180908
              ],
              [
                16.112521545,
                45.810182475
              ],
              [
                16.112523866,
                45.81018419
              ],
              [
                16.112525963,
                45.81018604
              ],
              [
                16.112527821,
                45.810188012
              ],
              [
                16.112529427,
                45.81019009
              ],
              [
                16.112530765,
                45.810192257
              ],
              [
                16.112531829,
                45.810194499
              ],
              [
                16.112532607,
                45.810196797
              ],
              [
                16.112533097,
                45.810199133
              ],
              [
                16.112533291,
                45.810201491
              ],
              [
                16.112535018,
                45.810288108
              ],
              [
                16.112546741,
                45.810875888
              ],
              [
                16.112547351,
                45.810906465
              ],
              [
                16.112551615,
                45.811120267
              ],
              [
                16.112565611,
                45.811821979
              ],
              [
                16.112565511,
                45.811824333
              ],
              [
                16.112565118,
                45.811826672
              ],
              [
                16.112564435,
                45.811828978
              ],
              [
                16.112563467,
                45.811831233
              ],
              [
                16.112562222,
                45.811833421
              ],
              [
                16.11256071,
                45.811835525
              ],
              [
                16.11255894,
                45.811837528
              ],
              [
                16.112556928,
                45.811839416
              ],
              [
                16.112554687,
                45.811841174
              ],
              [
                16.112552237,
                45.811842789
              ],
              [
                16.112549594,
                45.811844248
              ],
              [
                16.11254678,
                45.811845541
              ],
              [
                16.112543815,
                45.811846657
              ],
              [
                16.112540722,
                45.811847589
              ],
              [
                16.112537526,
                45.811848328
              ],
              [
                16.112534249,
                45.81184887
              ],
              [
                16.112530916,
                45.811849209
              ],
              [
                16.112527555,
                45.811849345
              ],
              [
                16.112887769,
                45.811845831
              ]
            ]
          ]
        ]
      }
    },
    {
      "type": "Feature",
      "properties": {
        "objectid": 1427,
        "namjena": "Površine infrastrukturnih sustava",
        "skupnaNamjena": "Prometne površine",
        "analitika": "Promet",
        "oznaka": "IS",
        "kartografskiPrikaz": "Korištenje i namjena prostora",
        "izradivacPlana": "Zavod za urbanizam i prostorno planiranje Arhitektonskog fakulteta Sveučilišta u Zagrebu",
        "izvornoMjerilo": "1:1000",
        "godinaZadnjeIzmjene": 2020,
        "planId": 483,
        "razinaPlana": "Detaljniji planovi",
        "areaM2": 3816.5985177883335
      },
      "geometry": {
        "type": "MultiPolygon",
        "coordinates": [
          [
            [
              [
                16.111774966,
                45.811856682
              ],
              [
                16.111771601,
                45.811856612
              ],
              [
                16.111768256,
                45.811856338
              ],
              [
                16.111764959,
                45.81185586
              ],
              [
                16.111761734,
                45.811855184
              ],
              [
                16.111758606,
                45.811854313
              ],
              [
                16.111755597,
                45.811853255
              ],
              [
                16.111752732,
                45.811852018
              ],
              [
                16.111750032,
                45.81185061
              ],
              [
                16.111747519,
                45.811849044
              ],
              [
                16.111745209,
                45.81184733
              ],
              [
                16.111743122,
                45.811845482
              ],
              [
                16.111741274,
                45.811843514
              ],
              [
                16.111739678,
                45.81184144
              ],
              [
                16.111738345,
                45.811839278
              ],
              [
                16.111737289,
                45.811837042
              ],
              [
                16.111736514,
                45.811834751
              ],
              [
                16.111736028,
                45.811832421
              ],
              [
                16.111735835,
                45.81183007
              ],
              [
                16.111721849,
                45.811128357
              ],
              [
                16.11170279,
                45.810172048
              ],
              [
                16.111702726,
                45.810168831
              ],
              [
                16.111702929,
                45.810164099
              ],
              [
                16.111703723,
                45.810159397
              ],
              [
                16.111705105,
                45.810154761
              ],
              [
                16.111707062,
                45.810150228
              ],
              [
                16.111709578,
                45.810145832
              ],
              [
                16.111712636,
                45.810141608
              ],
              [
                16.111716213,
                45.810137587
              ],
              [
                16.111720278,
                45.810133801
              ],
              [
                16.111724802,
                45.810130279
              ],
              [
                16.111729751,
                45.810127046
              ],
              [
                16.111735085,
                45.810124131
              ],
              [
                16.111740764,
                45.810121553
              ],
              [
                16.111746745,
                45.810119333
              ],
              [
                16.11175298,
                45.810117488
              ],
              [
                16.111759423,
                45.810116032
              ],
              [
                16.111766024,
                45.810114977
              ],
              [
                16.11177273,
                45.81011433
              ],
              [
                16.111779493,
                45.810114096
              ],
              [
                16.111786259,
                45.810114279
              ],
              [
                16.111674389,
                45.810108063
              ],
              [
                16.111562435,
                45.810102623
              ],
              [
                16.11145041,
                45.810097959
              ],
              [
                16.111454898,
                45.810323195
              ],
              [
                16.111464216,
                45.810790904
              ],
              [
                16.111468338,
                45.810997737
              ],
              [
                16.111470989,
                45.811130792
              ],
              [
                16.111484971,
                45.811832514
              ],
              [
                16.111484871,
                45.811834869
              ],
              [
                16.111484478,
                45.811837207
              ],
              [
                16.111483795,
                45.811839513
              ],
              [
                16.111482827,
                45.811841768
              ],
              [
                16.111481582,
                45.811843956
              ],
              [
                16.11148007,
                45.811846059
              ],
              [
                16.1114783,
                45.811848063
              ],
              [
                16.111476288,
                45.811849951
              ],
              [
                16.111474047,
                45.811851708
              ],
              [
                16.111471596,
                45.811853323
              ],
              [
                16.111468955,
                45.811854783
              ],
              [
                16.11146614,
                45.811856076
              ],
              [
                16.111463175,
                45.811857192
              ],
              [
                16.111460083,
                45.811858123
              ],
              [
                16.111456886,
                45.811858863
              ],
              [
                16.111453608,
                45.811859404
              ],
              [
                16.111450276,
                45.811859744
              ],
              [
                16.111446914,
                45.81185988
              ],
              [
                16.111774966,
                45.811856682
              ]
            ]
          ]
        ]
      }
    },
    {
      "type": "Feature",
      "properties": {
        "objectid": 1428,
        "namjena": "Površine infrastrukturnih sustava",
        "skupnaNamjena": "Prometne površine",
        "analitika": "Promet",
        "oznaka": "IS",
        "kartografskiPrikaz": "Korištenje i namjena prostora",
        "izradivacPlana": "Zavod za urbanizam i prostorno planiranje Arhitektonskog fakulteta Sveučilišta u Zagrebu",
        "izvornoMjerilo": "1:1000",
        "godinaZadnjeIzmjene": 2020,
        "planId": 495,
        "razinaPlana": "Detaljniji planovi",
        "areaM2": 2723.115413388473
      },
      "geometry": {
        "type": "MultiPolygon",
        "coordinates": [
          [
            [
              [
                16.113968407,
                45.811835283
              ],
              [
                16.113965042,
                45.811835213
              ],
              [
                16.113961698,
                45.811834938
              ],
              [
                16.1139584,
                45.811834461
              ],
              [
                16.113955175,
                45.811833784
              ],
              [
                16.113952047,
                45.811832913
              ],
              [
                16.113949039,
                45.811831856
              ],
              [
                16.113946173,
                45.811830618
              ],
              [
                16.113943474,
                45.81182921
              ],
              [
                16.113940959,
                45.811827644
              ],
              [
                16.11393865,
                45.81182593
              ],
              [
                16.113936563,
                45.811824082
              ],
              [
                16.113934715,
                45.811822115
              ],
              [
                16.113933118,
                45.811820041
              ],
              [
                16.113931787,
                45.811817878
              ],
              [
                16.113930729,
                45.811815643
              ],
              [
                16.113929955,
                45.811813352
              ],
              [
                16.113929468,
                45.811811021
              ],
              [
                16.113929275,
                45.81180867
              ],
              [
                16.113917641,
                45.811226093
              ],
              [
                16.113914058,
                45.811046685
              ],
              [
                16.113904758,
                45.810580959
              ],
              [
                16.113653901,
                45.810583409
              ],
              [
                16.113654811,
                45.810629004
              ],
              [
                16.113662102,
                45.810994198
              ],
              [
                16.113662853,
                45.811031819
              ],
              [
                16.113664402,
                45.811109407
              ],
              [
                16.113678413,
                45.81181112
              ],
              [
                16.113678313,
                45.811813474
              ],
              [
                16.113677919,
                45.811815813
              ],
              [
                16.113677237,
                45.811818118
              ],
              [
                16.113676269,
                45.811820374
              ],
              [
                16.113675024,
                45.811822561
              ],
              [
                16.11367351,
                45.811824665
              ],
              [
                16.113671742,
                45.811826669
              ],
              [
                16.113669729,
                45.811828557
              ],
              [
                16.113667489,
                45.811830315
              ],
              [
                16.113665039,
                45.81183193
              ],
              [
                16.113662396,
                45.811833389
              ],
              [
                16.113659582,
                45.811834682
              ],
              [
                16.113656616,
                45.811835798
              ],
              [
                16.113653524,
                45.81183673
              ],
              [
                16.113650327,
                45.811837468
              ],
              [
                16.11364705,
                45.811838011
              ],
              [
                16.113643719,
                45.81183835
              ],
              [
                16.113640357,
                45.811838486
              ],
              [
                16.113641273,
                45.811838492
              ],
              [
                16.11364219,
                45.811838484
              ],
              [
                16.113643107,
                45.811838459
              ],
              [
                16.113968407,
                45.811835283
              ]
            ]
          ]
        ]
      }
    },
    {
      "type": "Feature",
      "properties": {
        "objectid": 1429,
        "namjena": "Površine infrastrukturnih sustava",
        "skupnaNamjena": "Prometne površine",
        "analitika": "Promet",
        "oznaka": "IS",
        "kartografskiPrikaz": "Korištenje i namjena prostora",
        "izradivacPlana": "Zavod za urbanizam i prostorno planiranje Arhitektonskog fakulteta Sveučilišta u Zagrebu",
        "izvornoMjerilo": "1:1000",
        "godinaZadnjeIzmjene": 2020,
        "planId": 498,
        "razinaPlana": "Detaljniji planovi",
        "areaM2": 2519.2411502227665
      },
      "geometry": {
        "type": "MultiPolygon",
        "coordinates": [
          [
            [
              [
                16.107953474,
                45.810555264
              ],
              [
                16.107955081,
                45.810555249
              ],
              [
                16.108027343,
                45.810554546
              ],
              [
                16.108107847,
                45.810553764
              ],
              [
                16.108109455,
                45.810553749
              ],
              [
                16.108596698,
                45.810549015
              ],
              [
                16.108671488,
                45.810548287
              ],
              [
                16.108675492,
                45.810548249
              ],
              [
                16.108677202,
                45.810548232
              ],
              [
                16.108751072,
                45.810547514
              ],
              [
                16.108829865,
                45.810546748
              ],
              [
                16.109239922,
                45.810542761
              ],
              [
                16.109241529,
                45.810542746
              ],
              [
                16.109352436,
                45.810541667
              ],
              [
                16.109394295,
                45.81054126
              ],
              [
                16.109395903,
                45.810541244
              ],
              [
                16.109883145,
                45.810536504
              ],
              [
                16.109884753,
                45.810536489
              ],
              [
                16.110037519,
                45.810535002
              ],
              [
                16.110039126,
                45.810534986
              ],
              [
                16.110209129,
                45.810533332
              ],
              [
                16.110212497,
                45.810533402
              ],
              [
                16.110215843,
                45.810533677
              ],
              [
                16.110219143,
                45.810534155
              ],
              [
                16.110222369,
                45.810534833
              ],
              [
                16.1102255,
                45.810535705
              ],
              [
                16.110228509,
                45.810536764
              ],
              [
                16.110231375,
                45.810538003
              ],
              [
                16.110234075,
                45.810539412
              ],
              [
                16.11023659,
                45.81054098
              ],
              [
                16.110238899,
                45.810542696
              ],
              [
                16.110240986,
                45.810544546
              ],
              [
                16.110242834,
                45.810546516
              ],
              [
                16.110244429,
                45.810548592
              ],
              [
                16.110245759,
                45.810550756
              ],
              [
                16.110246814,
                45.810552994
              ],
              [
                16.110247586,
                45.810555288
              ],
              [
                16.110248069,
                45.81055762
              ],
              [
                16.11024826,
                45.810559972
              ],
              [
                16.110245019,
                45.810384541
              ],
              [
                16.110244915,
                45.810386894
              ],
              [
                16.110244519,
                45.81038923
              ],
              [
                16.110243834,
                45.810391535
              ],
              [
                16.110242865,
                45.810393788
              ],
              [
                16.110241618,
                45.810395973
              ],
              [
                16.110240103,
                45.810398075
              ],
              [
                16.110238333,
                45.810400076
              ],
              [
                16.110236321,
                45.810401962
              ],
              [
                16.110234081,
                45.810403718
              ],
              [
                16.110231632,
                45.810405331
              ],
              [
                16.110228989,
                45.810406789
              ],
              [
                16.110226176,
                45.81040808
              ],
              [
                16.110223213,
                45.810409195
              ],
              [
                16.110220121,
                45.810410125
              ],
              [
                16.110216926,
                45.810410863
              ],
              [
                16.110213652,
                45.810411404
              ],
              [
                16.110210322,
                45.810411744
              ],
              [
                16.110206963,
                45.810411879
              ],
              [
                16.109715099,
                45.810416665
              ],
              [
                16.109713482,
                45.810416681
              ],
              [
                16.109559117,
                45.810418183
              ],
              [
                16.109149063,
                45.810422171
              ],
              [
                16.109070269,
                45.810422937
              ],
              [
                16.108915896,
                45.810424438
              ],
              [
                16.108427046,
                45.810429189
              ],
              [
                16.108379554,
                45.810429651
              ],
              [
                16.10827428,
                45.810430674
              ],
              [
                16.108272673,
                45.81043069
              ],
              [
                16.107848145,
                45.810434813
              ],
              [
                16.107849396,
                45.810497788
              ],
              [
                16.107850557,
                45.810556264
              ],
              [
                16.107953474,
                45.810555264
              ]
            ]
          ]
        ]
      }
    },
    {
      "type": "Feature",
      "properties": {
        "objectid": 1430,
        "namjena": "Površine infrastrukturnih sustava",
        "skupnaNamjena": "Prometne površine",
        "analitika": "Promet",
        "oznaka": "IS",
        "kartografskiPrikaz": "Korištenje i namjena prostora",
        "izradivacPlana": "Zavod za urbanizam i prostorno planiranje Arhitektonskog fakulteta Sveučilišta u Zagrebu",
        "izvornoMjerilo": "1:1000",
        "godinaZadnjeIzmjene": 2020,
        "planId": 499,
        "razinaPlana": "Detaljniji planovi",
        "areaM2": 2517.5581774049547
      },
      "geometry": {
        "type": "MultiPolygon",
        "coordinates": [
          [
            [
              [
                16.107975858,
                45.811682194
              ],
              [
                16.108130234,
                45.811680695
              ],
              [
                16.108619095,
                45.811675945
              ],
              [
                16.108696283,
                45.811675194
              ],
              [
                16.108773471,
                45.811674444
              ],
              [
                16.108850659,
                45.811673694
              ],
              [
                16.109262332,
                45.811669691
              ],
              [
                16.109416708,
                45.81166819
              ],
              [
                16.109905567,
                45.811663433
              ],
              [
                16.110059945,
                45.811661931
              ],
              [
                16.110229951,
                45.811660276
              ],
              [
                16.110233319,
                45.811660347
              ],
              [
                16.110236665,
                45.811660622
              ],
              [
                16.110239965,
                45.8116611
              ],
              [
                16.110243191,
                45.811661778
              ],
              [
                16.110246322,
                45.81166265
              ],
              [
                16.11024933,
                45.811663709
              ],
              [
                16.110252197,
                45.811664948
              ],
              [
                16.110254897,
                45.811666357
              ],
              [
                16.110257412,
                45.811667926
              ],
              [
                16.110259722,
                45.811669641
              ],
              [
                16.110261809,
                45.811671491
              ],
              [
                16.110263655,
                45.811673462
              ],
              [
                16.110265251,
                45.811675537
              ],
              [
                16.110266581,
                45.811677702
              ],
              [
                16.110267636,
                45.811679939
              ],
              [
                16.110268409,
                45.811682233
              ],
              [
                16.110268892,
                45.811684564
              ],
              [
                16.110269083,
                45.811686917
              ],
              [
                16.110265842,
                45.811511486
              ],
              [
                16.110265738,
                45.811513838
              ],
              [
                16.110265342,
                45.811516175
              ],
              [
                16.110264657,
                45.811518479
              ],
              [
                16.110263687,
                45.811520732
              ],
              [
                16.110262441,
                45.811522918
              ],
              [
                16.110260926,
                45.81152502
              ],
              [
                16.110259156,
                45.811527021
              ],
              [
                16.110257143,
                45.811528907
              ],
              [
                16.110254903,
                45.811530663
              ],
              [
                16.110252452,
                45.811532276
              ],
              [
                16.110249811,
                45.811533734
              ],
              [
                16.110246998,
                45.811535025
              ],
              [
                16.110244034,
                45.81153614
              ],
              [
                16.110240943,
                45.81153707
              ],
              [
                16.110237748,
                45.811537808
              ],
              [
                16.110234474,
                45.811538349
              ],
              [
                16.110231144,
                45.811538688
              ],
              [
                16.110227783,
                45.811538824
              ],
              [
                16.10973591,
                45.811543611
              ],
              [
                16.109581534,
                45.811545112
              ],
              [
                16.109169863,
                45.811549116
              ],
              [
                16.109092675,
                45.811549866
              ],
              [
                16.109060513,
                45.811550179
              ],
              [
                16.108938299,
                45.811551367
              ],
              [
                16.108449439,
                45.811556119
              ],
              [
                16.108295063,
                45.811557619
              ],
              [
                16.107870528,
                45.811561743
              ],
              [
                16.107871778,
                45.811624718
              ],
              [
                16.10787294,
                45.811683193
              ],
              [
                16.107975858,
                45.811682194
              ]
            ]
          ]
        ]
      }
    },
    {
      "type": "Feature",
      "properties": {
        "objectid": 1431,
        "namjena": "Površine infrastrukturnih sustava",
        "skupnaNamjena": "Prometne površine",
        "analitika": "Promet",
        "oznaka": "IS",
        "kartografskiPrikaz": "Korištenje i namjena prostora",
        "izradivacPlana": "Zavod za urbanizam i prostorno planiranje Arhitektonskog fakulteta Sveučilišta u Zagrebu",
        "izvornoMjerilo": "1:1000",
        "godinaZadnjeIzmjene": 2020,
        "planId": 515,
        "razinaPlana": "Detaljniji planovi",
        "areaM2": 1792.3125525011606
      },
      "geometry": {
        "type": "MultiPolygon",
        "coordinates": [
          [
            [
              [
                16.113904758,
                45.810580959
              ],
              [
                16.113884815,
                45.810567781
              ],
              [
                16.113865052,
                45.810554471
              ],
              [
                16.113845472,
                45.81054103
              ],
              [
                16.113813006,
                45.810520047
              ],
              [
                16.113779829,
                45.810499613
              ],
              [
                16.113745959,
                45.810479744
              ],
              [
                16.113569617,
                45.810385864
              ],
              [
                16.113382006,
                45.810303354
              ],
              [
                16.113184623,
                45.81023287
              ],
              [
                16.11297904,
                45.810174974
              ],
              [
                16.112766895,
                45.810130129
              ],
              [
                16.112549877,
                45.810098689
              ],
              [
                16.112274401,
                45.810070331
              ],
              [
                16.111997933,
                45.810047176
              ],
              [
                16.111720672,
                45.810029238
              ],
              [
                16.111528914,
                45.810019906
              ],
              [
                16.111412743,
                45.810015413
              ],
              [
                16.111416141,
                45.810015645
              ],
              [
                16.111419495,
                45.810016085
              ],
              [
                16.111422781,
                45.810016731
              ],
              [
                16.111425973,
                45.810017578
              ],
              [
                16.111429045,
                45.810018618
              ],
              [
                16.111431974,
                45.810019845
              ],
              [
                16.111434735,
                45.810021247
              ],
              [
                16.111437311,
                45.810022814
              ],
              [
                16.111439676,
                45.810024535
              ],
              [
                16.111441816,
                45.810026395
              ],
              [
                16.111443712,
                45.81002838
              ],
              [
                16.11144535,
                45.810030475
              ],
              [
                16.111446717,
                45.810032661
              ],
              [
                16.111447803,
                45.810034925
              ],
              [
                16.111448597,
                45.810037247
              ],
              [
                16.111449097,
                45.810039608
              ],
              [
                16.111449295,
                45.810041991
              ],
              [
                16.11145041,
                45.810097959
              ],
              [
                16.111562435,
                45.810102623
              ],
              [
                16.111674389,
                45.810108063
              ],
              [
                16.111786259,
                45.810114279
              ],
              [
                16.112017193,
                45.810130069
              ],
              [
                16.112081681,
                45.810135141
              ],
              [
                16.112146123,
                45.8101405
              ],
              [
                16.112210515,
                45.810146145
              ],
              [
                16.11228786,
                45.81015331
              ],
              [
                16.112500716,
                45.810175206
              ],
              [
                16.112624488,
                45.810190417
              ],
              [
                16.112746945,
                45.810210155
              ],
              [
                16.11286775,
                45.810234364
              ],
              [
                16.112957962,
                45.810255427
              ],
              [
                16.113046892,
                45.810279006
              ],
              [
                16.113134396,
                45.810305065
              ],
              [
                16.11320037,
                45.810326818
              ],
              [
                16.113265354,
                45.810349983
              ],
              [
                16.113329286,
                45.810374537
              ],
              [
                16.113329304,
                45.81037555
              ],
              [
                16.113417025,
                45.810412369
              ],
              [
                16.113502391,
                45.810451803
              ],
              [
                16.113585239,
                45.810493781
              ],
              [
                16.113601452,
                45.810502853
              ],
              [
                16.113616431,
                45.810512909
              ],
              [
                16.11363006,
                45.810523864
              ],
              [
                16.113642225,
                45.810535631
              ],
              [
                16.113645073,
                45.810538824
              ],
              [
                16.11364753,
                45.810542172
              ],
              [
                16.113649578,
                45.810545651
              ],
              [
                16.113651202,
                45.810549239
              ],
              [
                16.113652393,
                45.810552909
              ],
              [
                16.113653142,
                45.810556634
              ],
              [
                16.113653441,
                45.810560391
              ],
              [
                16.113653901,
                45.810583409
              ],
              [
                16.113904758,
                45.810580959
              ]
            ]
          ]
        ]
      }
    },
    {
      "type": "Feature",
      "properties": {
        "objectid": 1432,
        "namjena": "Površine infrastrukturnih sustava",
        "skupnaNamjena": "Prometne površine",
        "analitika": "Promet",
        "oznaka": "IS",
        "kartografskiPrikaz": "Korištenje i namjena prostora",
        "izradivacPlana": "Zavod za urbanizam i prostorno planiranje Arhitektonskog fakulteta Sveučilišta u Zagrebu",
        "izvornoMjerilo": "1:1000",
        "godinaZadnjeIzmjene": 2020,
        "planId": 564,
        "razinaPlana": "Detaljniji planovi",
        "areaM2": 339.23697214173745
      },
      "geometry": {
        "type": "MultiPolygon",
        "coordinates": [
          [
            [
              [
                16.101442778,
                45.812731343
              ],
              [
                16.101442241,
                45.812732601
              ],
              [
                16.10144099,
                45.812734806
              ],
              [
                16.101439469,
                45.812736927
              ],
              [
                16.101437685,
                45.812738945
              ],
              [
                16.101435654,
                45.812740847
              ],
              [
                16.101433393,
                45.812742616
              ],
              [
                16.101430919,
                45.81274424
              ],
              [
                16.10142825,
                45.812745705
              ],
              [
                16.101425407,
                45.812747001
              ],
              [
                16.101422413,
                45.812748117
              ],
              [
                16.10141929,
                45.812749044
              ],
              [
                16.101416061,
                45.812749777
              ],
              [
                16.101412755,
                45.812750308
              ],
              [
                16.101409394,
                45.812750635
              ],
              [
                16.101406005,
                45.812750754
              ],
              [
                16.101405304,
                45.812750779
              ],
              [
                16.101322386,
                45.812753756
              ],
              [
                16.101323075,
                45.812788656
              ],
              [
                16.101327663,
                45.813020996
              ],
              [
                16.101440602,
                45.813020531
              ],
              [
                16.101454857,
                45.813020473
              ],
              [
                16.101458191,
                45.81302056
              ],
              [
                16.101461504,
                45.813020849
              ],
              [
                16.101464768,
                45.813021336
              ],
              [
                16.101467959,
                45.813022019
              ],
              [
                16.101471054,
                45.813022892
              ],
              [
                16.10147403,
                45.81302395
              ],
              [
                16.101476864,
                45.813025183
              ],
              [
                16.101479535,
                45.813026582
              ],
              [
                16.101482023,
                45.813028138
              ],
              [
                16.10148431,
                45.813029837
              ],
              [
                16.101486378,
                45.813031669
              ],
              [
                16.101488212,
                45.813033619
              ],
              [
                16.101489799,
                45.813035673
              ],
              [
                16.101491125,
                45.813037814
              ],
              [
                16.101492182,
                45.813040028
              ],
              [
                16.101492962,
                45.813042298
              ],
              [
                16.101493458,
                45.813044606
              ],
              [
                16.101444152,
                45.812720904
              ],
              [
                16.101444363,
                45.812723272
              ],
              [
                16.101444275,
                45.812725644
              ],
              [
                16.10144389,
                45.812728001
              ],
              [
                16.101443211,
                45.812730327
              ],
              [
                16.101442778,
                45.812731343
              ]
            ]
          ]
        ]
      }
    },
    {
      "type": "Feature",
      "properties": {
        "objectid": 1433,
        "namjena": "Površine infrastrukturnih sustava",
        "skupnaNamjena": "Prometne površine",
        "analitika": "Promet",
        "oznaka": "IS",
        "kartografskiPrikaz": "Korištenje i namjena prostora",
        "izradivacPlana": "Zavod za urbanizam i prostorno planiranje Arhitektonskog fakulteta Sveučilišta u Zagrebu",
        "izvornoMjerilo": "1:1000",
        "godinaZadnjeIzmjene": 2020,
        "planId": 569,
        "razinaPlana": "Detaljniji planovi",
        "areaM2": 226.9073082232362
      },
      "geometry": {
        "type": "MultiPolygon",
        "coordinates": [
          [
            [
              [
                16.108427046,
                45.810429189
              ],
              [
                16.108423681,
                45.810429119
              ],
              [
                16.108420336,
                45.810428845
              ],
              [
                16.108417039,
                45.810428366
              ],
              [
                16.108413814,
                45.810427689
              ],
              [
                16.108410686,
                45.810426819
              ],
              [
                16.108407678,
                45.810425761
              ],
              [
                16.108404813,
                45.810424524
              ],
              [
                16.108402113,
                45.810423116
              ],
              [
                16.1083996,
                45.810421549
              ],
              [
                16.108397291,
                45.810419836
              ],
              [
                16.108395204,
                45.810417988
              ],
              [
                16.108393356,
                45.810416019
              ],
              [
                16.108391759,
                45.810413946
              ],
              [
                16.108390427,
                45.810411784
              ],
              [
                16.10838937,
                45.810409548
              ],
              [
                16.108388596,
                45.810407256
              ],
              [
                16.10838811,
                45.810404927
              ],
              [
                16.108387916,
                45.810402576
              ],
              [
                16.108383984,
                45.810204656
              ],
              [
                16.108376895,
                45.810204725
              ],
              [
                16.108268204,
                45.810205781
              ],
              [
                16.108272673,
                45.81043069
              ],
              [
                16.10827428,
                45.810430674
              ],
              [
                16.108379554,
                45.810429651
              ],
              [
                16.108427046,
                45.810429189
              ]
            ]
          ]
        ]
      }
    },
    {
      "type": "Feature",
      "properties": {
        "objectid": 1434,
        "namjena": "Površine infrastrukturnih sustava",
        "skupnaNamjena": "Prometne površine",
        "analitika": "Promet",
        "oznaka": "IS",
        "kartografskiPrikaz": "Korištenje i namjena prostora",
        "izradivacPlana": "Zavod za urbanizam i prostorno planiranje Arhitektonskog fakulteta Sveučilišta u Zagrebu",
        "izvornoMjerilo": "1:1000",
        "godinaZadnjeIzmjene": 2020,
        "planId": 570,
        "razinaPlana": "Detaljniji planovi",
        "areaM2": 226.90844468100326
      },
      "geometry": {
        "type": "MultiPolygon",
        "coordinates": [
          [
            [
              [
                16.109713482,
                45.810416681
              ],
              [
                16.109710125,
                45.810416611
              ],
              [
                16.109706781,
                45.810416336
              ],
              [
                16.109703484,
                45.810415859
              ],
              [
                16.109700259,
                45.810415182
              ],
              [
                16.10969713,
                45.810414311
              ],
              [
                16.109694123,
                45.810413253
              ],
              [
                16.109691258,
                45.810412015
              ],
              [
                16.109688558,
                45.810410608
              ],
              [
                16.109686045,
                45.810409042
              ],
              [
                16.109683735,
                45.810407328
              ],
              [
                16.109681648,
                45.81040548
              ],
              [
                16.109679799,
                45.810403512
              ],
              [
                16.109678204,
                45.810401438
              ],
              [
                16.109676872,
                45.810399276
              ],
              [
                16.109675814,
                45.81039704
              ],
              [
                16.10967504,
                45.810394748
              ],
              [
                16.109674555,
                45.810392418
              ],
              [
                16.10967436,
                45.810390068
              ],
              [
                16.109670424,
                45.810192149
              ],
              [
                16.109554644,
                45.810193275
              ],
              [
                16.109559117,
                45.810418183
              ],
              [
                16.109713482,
                45.810416681
              ]
            ]
          ]
        ]
      }
    },
    {
      "type": "Feature",
      "properties": {
        "objectid": 1435,
        "namjena": "Površine infrastrukturnih sustava",
        "skupnaNamjena": "Prometne površine",
        "analitika": "Promet",
        "oznaka": "IS",
        "kartografskiPrikaz": "Korištenje i namjena prostora",
        "izradivacPlana": "Zavod za urbanizam i prostorno planiranje Arhitektonskog fakulteta Sveučilišta u Zagrebu",
        "izvornoMjerilo": "1:1000",
        "godinaZadnjeIzmjene": 2020,
        "planId": 571,
        "razinaPlana": "Detaljniji planovi",
        "areaM2": 226.90747472698854
      },
      "geometry": {
        "type": "MultiPolygon",
        "coordinates": [
          [
            [
              [
                16.10973591,
                45.811543611
              ],
              [
                16.109732545,
                45.811543541
              ],
              [
                16.1097292,
                45.811543266
              ],
              [
                16.109725903,
                45.811542788
              ],
              [
                16.109722678,
                45.811542111
              ],
              [
                16.109719548,
                45.81154124
              ],
              [
                16.109716541,
                45.811540182
              ],
              [
                16.109713677,
                45.811538945
              ],
              [
                16.109710977,
                45.811537537
              ],
              [
                16.109708463,
                45.811535971
              ],
              [
                16.109706154,
                45.811534257
              ],
              [
                16.109704067,
                45.811532409
              ],
              [
                16.109702219,
                45.811530441
              ],
              [
                16.109700622,
                45.811528368
              ],
              [
                16.10969929,
                45.811526205
              ],
              [
                16.109698233,
                45.811523969
              ],
              [
                16.109697459,
                45.811521678
              ],
              [
                16.109696973,
                45.811519348
              ],
              [
                16.109696778,
                45.811516997
              ],
              [
                16.109692842,
                45.811319078
              ],
              [
                16.109664194,
                45.811319356
              ],
              [
                16.109577059,
                45.811320204
              ],
              [
                16.109581534,
                45.811545112
              ],
              [
                16.10973591,
                45.811543611
              ]
            ]
          ]
        ]
      }
    },
    {
      "type": "Feature",
      "properties": {
        "objectid": 1436,
        "namjena": "Površine infrastrukturnih sustava",
        "skupnaNamjena": "Prometne površine",
        "analitika": "Promet",
        "oznaka": "IS",
        "kartografskiPrikaz": "Korištenje i namjena prostora",
        "izradivacPlana": "Zavod za urbanizam i prostorno planiranje Arhitektonskog fakulteta Sveučilišta u Zagrebu",
        "izvornoMjerilo": "1:1000",
        "godinaZadnjeIzmjene": 2020,
        "planId": 572,
        "razinaPlana": "Detaljniji planovi",
        "areaM2": 226.90845948909288
      },
      "geometry": {
        "type": "MultiPolygon",
        "coordinates": [
          [
            [
              [
                16.108449439,
                45.811556119
              ],
              [
                16.108446074,
                45.811556049
              ],
              [
                16.108442729,
                45.811555774
              ],
              [
                16.108439432,
                45.811555297
              ],
              [
                16.108436207,
                45.81155462
              ],
              [
                16.108433079,
                45.811553749
              ],
              [
                16.10843007,
                45.811552691
              ],
              [
                16.108427206,
                45.811551453
              ],
              [
                16.108424506,
                45.811550046
              ],
              [
                16.108421992,
                45.811548479
              ],
              [
                16.108419683,
                45.811546766
              ],
              [
                16.108417596,
                45.811544917
              ],
              [
                16.108415748,
                45.81154295
              ],
              [
                16.108414152,
                45.811540876
              ],
              [
                16.10841282,
                45.811538713
              ],
              [
                16.108411762,
                45.811536478
              ],
              [
                16.108410988,
                45.811534186
              ],
              [
                16.108410503,
                45.811531856
              ],
              [
                16.108410309,
                45.811529505
              ],
              [
                16.108406376,
                45.811331586
              ],
              [
                16.108388563,
                45.811331759
              ],
              [
                16.108290594,
                45.811332711
              ],
              [
                16.108295063,
                45.811557619
              ],
              [
                16.108449439,
                45.811556119
              ]
            ]
          ]
        ]
      }
    },
    {
      "type": "Feature",
      "properties": {
        "objectid": 1437,
        "namjena": "Površine infrastrukturnih sustava",
        "skupnaNamjena": "Prometne površine",
        "analitika": "Promet",
        "oznaka": "IS",
        "kartografskiPrikaz": "Korištenje i namjena prostora",
        "izradivacPlana": "Zavod za urbanizam i prostorno planiranje Arhitektonskog fakulteta Sveučilišta u Zagrebu",
        "izvornoMjerilo": "1:1000",
        "godinaZadnjeIzmjene": 2020,
        "planId": 573,
        "razinaPlana": "Detaljniji planovi",
        "areaM2": 226.90778988073086
      },
      "geometry": {
        "type": "MultiPolygon",
        "coordinates": [
          [
            [
              [
                16.108096108,
                45.811905978
              ],
              [
                16.108092176,
                45.811708058
              ],
              [
                16.108092276,
                45.811705705
              ],
              [
                16.108092669,
                45.811703366
              ],
              [
                16.108093352,
                45.81170106
              ],
              [
                16.10809432,
                45.811698805
              ],
              [
                16.108095565,
                45.811696617
              ],
              [
                16.108097079,
                45.811694513
              ],
              [
                16.108098848,
                45.81169251
              ],
              [
                16.108100861,
                45.811690622
              ],
              [
                16.108103101,
                45.811688864
              ],
              [
                16.108105552,
                45.81168725
              ],
              [
                16.108108194,
                45.81168579
              ],
              [
                16.108111009,
                45.811684498
              ],
              [
                16.108113973,
                45.811683382
              ],
              [
                16.108117067,
                45.81168245
              ],
              [
                16.108120264,
                45.811681712
              ],
              [
                16.10812354,
                45.811681169
              ],
              [
                16.108126872,
                45.81168083
              ],
              [
                16.108130234,
                45.811680695
              ],
              [
                16.107975858,
                45.811682194
              ],
              [
                16.107980325,
                45.811907102
              ],
              [
                16.108022982,
                45.811906688
              ],
              [
                16.108096108,
                45.811905978
              ]
            ]
          ]
        ]
      }
    },
    {
      "type": "Feature",
      "properties": {
        "objectid": 1438,
        "namjena": "Površine infrastrukturnih sustava",
        "skupnaNamjena": "Prometne površine",
        "analitika": "Promet",
        "oznaka": "IS",
        "kartografskiPrikaz": "Korištenje i namjena prostora",
        "izradivacPlana": "Zavod za urbanizam i prostorno planiranje Arhitektonskog fakulteta Sveučilišta u Zagrebu",
        "izvornoMjerilo": "1:1000",
        "godinaZadnjeIzmjene": 2020,
        "planId": 574,
        "razinaPlana": "Detaljniji planovi",
        "areaM2": 226.90630400026387
      },
      "geometry": {
        "type": "MultiPolygon",
        "coordinates": [
          [
            [
              [
                16.109360174,
                45.810766543
              ],
              [
                16.109356238,
                45.810568624
              ],
              [
                16.109356339,
                45.81056627
              ],
              [
                16.109356732,
                45.810563932
              ],
              [
                16.109357415,
                45.810561626
              ],
              [
                16.109358382,
                45.810559371
              ],
              [
                16.109359628,
                45.810557183
              ],
              [
                16.10936114,
                45.81055508
              ],
              [
                16.109362911,
                45.810553076
              ],
              [
                16.109364922,
                45.810551188
              ],
              [
                16.109367163,
                45.81054943
              ],
              [
                16.109369614,
                45.810547816
              ],
              [
                16.109372256,
                45.810546356
              ],
              [
                16.10937507,
                45.810545063
              ],
              [
                16.109378035,
                45.810543947
              ],
              [
                16.109381128,
                45.810543016
              ],
              [
                16.109384324,
                45.810542276
              ],
              [
                16.109387601,
                45.810541735
              ],
              [
                16.109390934,
                45.810541396
              ],
              [
                16.109394295,
                45.81054126
              ],
              [
                16.109352436,
                45.810541667
              ],
              [
                16.109241529,
                45.810542746
              ],
              [
                16.109239922,
                45.810542761
              ],
              [
                16.109244394,
                45.810767669
              ],
              [
                16.109360174,
                45.810766543
              ]
            ]
          ]
        ]
      }
    },
    {
      "type": "Feature",
      "properties": {
        "objectid": 1439,
        "namjena": "Površine infrastrukturnih sustava",
        "skupnaNamjena": "Prometne površine",
        "analitika": "Promet",
        "oznaka": "IS",
        "kartografskiPrikaz": "Korištenje i namjena prostora",
        "izradivacPlana": "Zavod za urbanizam i prostorno planiranje Arhitektonskog fakulteta Sveučilišta u Zagrebu",
        "izvornoMjerilo": "1:1000",
        "godinaZadnjeIzmjene": 2020,
        "planId": 575,
        "razinaPlana": "Detaljniji planovi",
        "areaM2": 226.90747108914005
      },
      "geometry": {
        "type": "MultiPolygon",
        "coordinates": [
          [
            [
              [
                16.109382587,
                45.811893473
              ],
              [
                16.10937865,
                45.811695554
              ],
              [
                16.10937875,
                45.8116932
              ],
              [
                16.109379144,
                45.811690861
              ],
              [
                16.109379826,
                45.811688556
              ],
              [
                16.109380794,
                45.8116863
              ],
              [
                16.10938204,
                45.811684113
              ],
              [
                16.109383552,
                45.811682009
              ],
              [
                16.109385322,
                45.811680006
              ],
              [
                16.109387335,
                45.811678118
              ],
              [
                16.109389575,
                45.81167636
              ],
              [
                16.109392026,
                45.811674745
              ],
              [
                16.109394668,
                45.811673285
              ],
              [
                16.109397483,
                45.811671993
              ],
              [
                16.109400447,
                45.811670877
              ],
              [
                16.109403541,
                45.811669945
              ],
              [
                16.109406737,
                45.811669206
              ],
              [
                16.109410014,
                45.811668664
              ],
              [
                16.109413346,
                45.811668325
              ],
              [
                16.109416708,
                45.81166819
              ],
              [
                16.109262332,
                45.811669691
              ],
              [
                16.109266804,
                45.811894599
              ],
              [
                16.109309461,
                45.811894184
              ],
              [
                16.109382587,
                45.811893473
              ]
            ]
          ]
        ]
      }
    },
    {
      "type": "Feature",
      "properties": {
        "objectid": 1440,
        "namjena": "Površine infrastrukturnih sustava",
        "skupnaNamjena": "Prometne površine",
        "analitika": "Promet",
        "oznaka": "IS",
        "kartografskiPrikaz": "Korištenje i namjena prostora",
        "izradivacPlana": "Zavod za urbanizam i prostorno planiranje Arhitektonskog fakulteta Sveučilišta u Zagrebu",
        "izvornoMjerilo": "1:1000",
        "godinaZadnjeIzmjene": 2020,
        "planId": 576,
        "razinaPlana": "Detaljniji planovi",
        "areaM2": 226.90771411905968
      },
      "geometry": {
        "type": "MultiPolygon",
        "coordinates": [
          [
            [
              [
                16.108073722,
                45.810779048
              ],
              [
                16.10806979,
                45.810581128
              ],
              [
                16.10806989,
                45.810578774
              ],
              [
                16.108070283,
                45.810576436
              ],
              [
                16.108070966,
                45.810574131
              ],
              [
                16.108071934,
                45.810571875
              ],
              [
                16.108073179,
                45.810569687
              ],
              [
                16.108074692,
                45.810567584
              ],
              [
                16.108076462,
                45.810565581
              ],
              [
                16.108078475,
                45.810563693
              ],
              [
                16.108080715,
                45.810561934
              ],
              [
                16.108083165,
                45.810560319
              ],
              [
                16.108085808,
                45.810558861
              ],
              [
                16.108088622,
                45.810557568
              ],
              [
                16.108091587,
                45.810556451
              ],
              [
                16.10809468,
                45.810555521
              ],
              [
                16.108097876,
                45.810554781
              ],
              [
                16.108101153,
                45.81055424
              ],
              [
                16.108104486,
                45.8105539
              ],
              [
                16.108107847,
                45.810553764
              ],
              [
                16.108027343,
                45.810554546
              ],
              [
                16.107955081,
                45.810555249
              ],
              [
                16.107953474,
                45.810555264
              ],
              [
                16.107957941,
                45.810780172
              ],
              [
                16.108000596,
                45.810779758
              ],
              [
                16.108073722,
                45.810779048
              ]
            ]
          ]
        ]
      }
    },
    {
      "type": "Feature",
      "properties": {
        "objectid": 1441,
        "namjena": "Površine infrastrukturnih sustava",
        "skupnaNamjena": "Prometne površine",
        "analitika": "Promet",
        "oznaka": "IS",
        "kartografskiPrikaz": "Korištenje i namjena prostora",
        "izradivacPlana": "Zavod za urbanizam i prostorno planiranje Arhitektonskog fakulteta Sveučilišta u Zagrebu",
        "izvornoMjerilo": "1:1000",
        "godinaZadnjeIzmjene": 2020,
        "planId": 578,
        "razinaPlana": "Detaljniji planovi",
        "areaM2": 82.92822695915193
      },
      "geometry": {
        "type": "MultiPolygon",
        "coordinates": [
          [
            [
              [
                16.109070269,
                45.810422937
              ],
              [
                16.109066903,
                45.810422867
              ],
              [
                16.109063559,
                45.810422592
              ],
              [
                16.109060262,
                45.810422114
              ],
              [
                16.109057037,
                45.810421438
              ],
              [
                16.109053909,
                45.810420567
              ],
              [
                16.1090509,
                45.810419509
              ],
              [
                16.109048036,
                45.810418271
              ],
              [
                16.109045336,
                45.810416863
              ],
              [
                16.109042822,
                45.810415297
              ],
              [
                16.109040513,
                45.810413583
              ],
              [
                16.109038426,
                45.810411735
              ],
              [
                16.109036578,
                45.810409767
              ],
              [
                16.109034982,
                45.810407694
              ],
              [
                16.10903365,
                45.810405531
              ],
              [
                16.109032592,
                45.810403296
              ],
              [
                16.109031818,
                45.810401004
              ],
              [
                16.109031333,
                45.810398674
              ],
              [
                16.109031138,
                45.810396323
              ],
              [
                16.109030066,
                45.810342345
              ],
              [
                16.108953273,
                45.810343092
              ],
              [
                16.108914285,
                45.810343471
              ],
              [
                16.108915896,
                45.810424438
              ],
              [
                16.109070269,
                45.810422937
              ]
            ]
          ]
        ]
      }
    },
    {
      "type": "Feature",
      "properties": {
        "objectid": 1442,
        "namjena": "Površine infrastrukturnih sustava",
        "skupnaNamjena": "Prometne površine",
        "analitika": "Promet",
        "oznaka": "IS",
        "kartografskiPrikaz": "Korištenje i namjena prostora",
        "izradivacPlana": "Zavod za urbanizam i prostorno planiranje Arhitektonskog fakulteta Sveučilišta u Zagrebu",
        "izvornoMjerilo": "1:1000",
        "godinaZadnjeIzmjene": 2020,
        "planId": 579,
        "razinaPlana": "Detaljniji planovi",
        "areaM2": 82.92795862677724
      },
      "geometry": {
        "type": "MultiPolygon",
        "coordinates": [
          [
            [
              [
                16.109092675,
                45.811549866
              ],
              [
                16.109089309,
                45.811549796
              ],
              [
                16.109085965,
                45.811549522
              ],
              [
                16.109082668,
                45.811549044
              ],
              [
                16.109079443,
                45.811548367
              ],
              [
                16.109076314,
                45.811547497
              ],
              [
                16.109073306,
                45.811546438
              ],
              [
                16.109070441,
                45.811545201
              ],
              [
                16.109067741,
                45.811543794
              ],
              [
                16.109065228,
                45.811542227
              ],
              [
                16.109062918,
                45.811540514
              ],
              [
                16.109060831,
                45.811538666
              ],
              [
                16.109058983,
                45.811536697
              ],
              [
                16.109057387,
                45.811534624
              ],
              [
                16.109056055,
                45.811532461
              ],
              [
                16.109054997,
                45.811530225
              ],
              [
                16.109054223,
                45.811527934
              ],
              [
                16.109053738,
                45.811525603
              ],
              [
                16.109053545,
                45.811523253
              ],
              [
                16.109052471,
                45.811469275
              ],
              [
                16.108936688,
                45.811470401
              ],
              [
                16.108938299,
                45.811551367
              ],
              [
                16.109060513,
                45.811550179
              ],
              [
                16.109092675,
                45.811549866
              ]
            ]
          ]
        ]
      }
    },
    {
      "type": "Feature",
      "properties": {
        "objectid": 1443,
        "namjena": "Površine infrastrukturnih sustava",
        "skupnaNamjena": "Prometne površine",
        "analitika": "Promet",
        "oznaka": "IS",
        "kartografskiPrikaz": "Korištenje i namjena prostora",
        "izradivacPlana": "Zavod za urbanizam i prostorno planiranje Arhitektonskog fakulteta Sveučilišta u Zagrebu",
        "izvornoMjerilo": "1:1000",
        "godinaZadnjeIzmjene": 2020,
        "planId": 580,
        "razinaPlana": "Detaljniji planovi",
        "areaM2": 82.92881019109728
      },
      "geometry": {
        "type": "MultiPolygon",
        "coordinates": [
          [
            [
              [
                16.110022962,
                45.811743273
              ],
              [
                16.110021887,
                45.811689296
              ],
              [
                16.110021987,
                45.811686942
              ],
              [
                16.110022381,
                45.811684604
              ],
              [
                16.110023063,
                45.811682297
              ],
              [
                16.110024031,
                45.811680042
              ],
              [
                16.110025277,
                45.811677855
              ],
              [
                16.110026789,
                45.811675751
              ],
              [
                16.110028559,
                45.811673747
              ],
              [
                16.110030571,
                45.81167186
              ],
              [
                16.110032812,
                45.811670102
              ],
              [
                16.110035263,
                45.811668487
              ],
              [
                16.110037905,
                45.811667027
              ],
              [
                16.110040719,
                45.811665735
              ],
              [
                16.110043684,
                45.811664618
              ],
              [
                16.110046777,
                45.811663688
              ],
              [
                16.110049974,
                45.811662948
              ],
              [
                16.110053251,
                45.811662407
              ],
              [
                16.110056583,
                45.811662067
              ],
              [
                16.110059945,
                45.811661931
              ],
              [
                16.109905567,
                45.811663433
              ],
              [
                16.109907179,
                45.811744401
              ],
              [
                16.110022962,
                45.811743273
              ]
            ]
          ]
        ]
      }
    },
    {
      "type": "Feature",
      "properties": {
        "objectid": 1444,
        "namjena": "Površine infrastrukturnih sustava",
        "skupnaNamjena": "Prometne površine",
        "analitika": "Promet",
        "oznaka": "IS",
        "kartografskiPrikaz": "Korištenje i namjena prostora",
        "izradivacPlana": "Zavod za urbanizam i prostorno planiranje Arhitektonskog fakulteta Sveučilišta u Zagrebu",
        "izvornoMjerilo": "1:1000",
        "godinaZadnjeIzmjene": 2020,
        "planId": 581,
        "razinaPlana": "Detaljniji planovi",
        "areaM2": 82.92774965721404
      },
      "geometry": {
        "type": "MultiPolygon",
        "coordinates": [
          [
            [
              [
                16.108736487,
                45.811755785
              ],
              [
                16.108735413,
                45.811701808
              ],
              [
                16.108735513,
                45.811699454
              ],
              [
                16.108735907,
                45.811697116
              ],
              [
                16.108736589,
                45.81169481
              ],
              [
                16.108737557,
                45.811692554
              ],
              [
                16.108738803,
                45.811690366
              ],
              [
                16.108740316,
                45.811688263
              ],
              [
                16.108742085,
                45.81168626
              ],
              [
                16.108744098,
                45.811684372
              ],
              [
                16.108746338,
                45.811682613
              ],
              [
                16.108748789,
                45.811680999
              ],
              [
                16.108751432,
                45.81167954
              ],
              [
                16.108754246,
                45.811678247
              ],
              [
                16.10875721,
                45.81167713
              ],
              [
                16.108760304,
                45.8116762
              ],
              [
                16.108763501,
                45.81167546
              ],
              [
                16.108766777,
                45.811674919
              ],
              [
                16.108770109,
                45.811674579
              ],
              [
                16.108773471,
                45.811674444
              ],
              [
                16.108696283,
                45.811675194
              ],
              [
                16.108619095,
                45.811675945
              ],
              [
                16.108620703,
                45.811756911
              ],
              [
                16.108659692,
                45.811756532
              ],
              [
                16.108736487,
                45.811755785
              ]
            ]
          ]
        ]
      }
    },
    {
      "type": "Feature",
      "properties": {
        "objectid": 1445,
        "namjena": "Površine infrastrukturnih sustava",
        "skupnaNamjena": "Prometne površine",
        "analitika": "Promet",
        "oznaka": "IS",
        "kartografskiPrikaz": "Korištenje i namjena prostora",
        "izradivacPlana": "Zavod za urbanizam i prostorno planiranje Arhitektonskog fakulteta Sveučilišta u Zagrebu",
        "izvornoMjerilo": "1:1000",
        "godinaZadnjeIzmjene": 2020,
        "planId": 582,
        "razinaPlana": "Detaljniji planovi",
        "areaM2": 82.92808772834097
      },
      "geometry": {
        "type": "MultiPolygon",
        "coordinates": [
          [
            [
              [
                16.110000536,
                45.810616344
              ],
              [
                16.109999463,
                45.810562366
              ],
              [
                16.109999563,
                45.810560013
              ],
              [
                16.109999956,
                45.810557674
              ],
              [
                16.110000639,
                45.810555368
              ],
              [
                16.110001606,
                45.810553113
              ],
              [
                16.110002852,
                45.810550925
              ],
              [
                16.110004364,
                45.810548821
              ],
              [
                16.110006133,
                45.810546818
              ],
              [
                16.110008146,
                45.81054493
              ],
              [
                16.110010387,
                45.810543172
              ],
              [
                16.110012837,
                45.810541557
              ],
              [
                16.110015479,
                45.810540098
              ],
              [
                16.110018294,
                45.810538806
              ],
              [
                16.110021259,
                45.810537689
              ],
              [
                16.110024351,
                45.810536758
              ],
              [
                16.110027548,
                45.810536019
              ],
              [
                16.110030825,
                45.810535477
              ],
              [
                16.110034158,
                45.810535137
              ],
              [
                16.110037519,
                45.810535002
              ],
              [
                16.109884753,
                45.810536489
              ],
              [
                16.109883145,
                45.810536504
              ],
              [
                16.109884756,
                45.810617471
              ],
              [
                16.110000536,
                45.810616344
              ]
            ]
          ]
        ]
      }
    },
    {
      "type": "Feature",
      "properties": {
        "objectid": 1446,
        "namjena": "Površine infrastrukturnih sustava",
        "skupnaNamjena": "Prometne površine",
        "analitika": "Promet",
        "oznaka": "IS",
        "kartografskiPrikaz": "Korištenje i namjena prostora",
        "izradivacPlana": "Zavod za urbanizam i prostorno planiranje Arhitektonskog fakulteta Sveučilišta u Zagrebu",
        "izvornoMjerilo": "1:1000",
        "godinaZadnjeIzmjene": 2020,
        "planId": 583,
        "razinaPlana": "Detaljniji planovi",
        "areaM2": 82.92833011859314
      },
      "geometry": {
        "type": "MultiPolygon",
        "coordinates": [
          [
            [
              [
                16.108714088,
                45.810628856
              ],
              [
                16.108713014,
                45.810574878
              ],
              [
                16.108713114,
                45.810572525
              ],
              [
                16.108713508,
                45.810570185
              ],
              [
                16.10871419,
                45.81056788
              ],
              [
                16.108715158,
                45.810565625
              ],
              [
                16.108716404,
                45.810563437
              ],
              [
                16.108717916,
                45.810561333
              ],
              [
                16.108719686,
                45.81055933
              ],
              [
                16.108721699,
                45.810557442
              ],
              [
                16.108723939,
                45.810555684
              ],
              [
                16.10872639,
                45.810554069
              ],
              [
                16.108729032,
                45.81055261
              ],
              [
                16.108731846,
                45.810551317
              ],
              [
                16.108734811,
                45.810550201
              ],
              [
                16.108737904,
                45.81054927
              ],
              [
                16.1087411,
                45.810548531
              ],
              [
                16.108744377,
                45.810547989
              ],
              [
                16.10874771,
                45.810547649
              ],
              [
                16.108751072,
                45.810547514
              ],
              [
                16.108677202,
                45.810548232
              ],
              [
                16.108675492,
                45.810548249
              ],
              [
                16.108671488,
                45.810548287
              ],
              [
                16.108596698,
                45.810549015
              ],
              [
                16.108598307,
                45.810629982
              ],
              [
                16.108696275,
                45.810629029
              ],
              [
                16.108714088,
                45.810628856
              ]
            ]
          ]
        ]
      }
    },
    {
      "type": "Feature",
      "properties": {
        "objectid": 1447,
        "namjena": "Površine infrastrukturnih sustava",
        "skupnaNamjena": "Prometne površine",
        "analitika": "Promet",
        "oznaka": "IS",
        "kartografskiPrikaz": "Korištenje i namjena prostora",
        "izradivacPlana": "Zavod za urbanizam i prostorno planiranje Arhitektonskog fakulteta Sveučilišta u Zagrebu",
        "izvornoMjerilo": "1:1000",
        "godinaZadnjeIzmjene": 2020,
        "planId": 2366,
        "razinaPlana": "Detaljniji planovi",
        "areaM2": 4297.18776503991
      },
      "geometry": {
        "type": "MultiPolygon",
        "coordinates": [
          [
            [
              [
                16.105158744,
                45.81032174
              ],
              [
                16.105557542,
                45.810317876
              ],
              [
                16.106226493,
                45.81031139
              ],
              [
                16.106229859,
                45.81031146
              ],
              [
                16.106233202,
                45.810311735
              ],
              [
                16.1062365,
                45.810312213
              ],
              [
                16.106239725,
                45.810312889
              ],
              [
                16.106242853,
                45.81031376
              ],
              [
                16.106245861,
                45.810314819
              ],
              [
                16.106248726,
                45.810316056
              ],
              [
                16.106251425,
                45.810317464
              ],
              [
                16.10625394,
                45.81031903
              ],
              [
                16.106256249,
                45.810320744
              ],
              [
                16.106258335,
                45.810322592
              ],
              [
                16.106260183,
                45.81032456
              ],
              [
                16.10626178,
                45.810326633
              ],
              [
                16.10626311,
                45.810328797
              ],
              [
                16.106264168,
                45.810331033
              ],
              [
                16.106264942,
                45.810333323
              ],
              [
                16.106265428,
                45.810335654
              ],
              [
                16.106265621,
                45.810338005
              ],
              [
                16.106260626,
                45.810086104
              ],
              [
                16.106260526,
                45.81008846
              ],
              [
                16.106260133,
                45.810090799
              ],
              [
                16.106259451,
                45.810093104
              ],
              [
                16.106258483,
                45.810095359
              ],
              [
                16.106257237,
                45.810097548
              ],
              [
                16.106255725,
                45.810099651
              ],
              [
                16.106253954,
                45.810101654
              ],
              [
                16.106251943,
                45.810103542
              ],
              [
                16.106249702,
                45.810105301
              ],
              [
                16.106247251,
                45.810106915
              ],
              [
                16.106244608,
                45.810108375
              ],
              [
                16.106241794,
                45.810109668
              ],
              [
                16.106238829,
                45.810110783
              ],
              [
                16.106235736,
                45.810111715
              ],
              [
                16.106232539,
                45.810112454
              ],
              [
                16.106229262,
                45.810112995
              ],
              [
                16.106225929,
                45.810113335
              ],
              [
                16.106222568,
                45.810113471
              ],
              [
                16.10555362,
                45.810119955
              ],
              [
                16.105386382,
                45.810121575
              ],
              [
                16.104858942,
                45.810126683
              ],
              [
                16.104460146,
                45.810130549
              ],
              [
                16.103791197,
                45.810137024
              ],
              [
                16.103787832,
                45.810136954
              ],
              [
                16.103784487,
                45.810136678
              ],
              [
                16.10378119,
                45.810136201
              ],
              [
                16.103777966,
                45.810135524
              ],
              [
                16.103774837,
                45.810134653
              ],
              [
                16.103771829,
                45.810133595
              ],
              [
                16.103768965,
                45.810132358
              ],
              [
                16.103766265,
                45.81013095
              ],
              [
                16.103763752,
                45.810129383
              ],
              [
                16.103761443,
                45.81012767
              ],
              [
                16.103759356,
                45.810125822
              ],
              [
                16.103757508,
                45.810123854
              ],
              [
                16.103755912,
                45.81012178
              ],
              [
                16.10375458,
                45.810119617
              ],
              [
                16.103753523,
                45.810117381
              ],
              [
                16.103752749,
                45.81011509
              ],
              [
                16.103752264,
                45.81011276
              ],
              [
                16.103752069,
                45.810110409
              ],
              [
                16.103757054,
                45.810362306
              ],
              [
                16.103757154,
                45.810359952
              ],
              [
                16.103757547,
                45.810357614
              ],
              [
                16.103758232,
                45.810355309
              ],
              [
                16.103759198,
                45.810353053
              ],
              [
                16.103760444,
                45.810350865
              ],
              [
                16.103761958,
                45.810348762
              ],
              [
                16.103763727,
                45.810346759
              ],
              [
                16.10376574,
                45.810344871
              ],
              [
                16.103767981,
                45.810343113
              ],
              [
                16.103770431,
                45.810341499
              ],
              [
                16.103773074,
                45.810340039
              ],
              [
                16.103775889,
                45.810338747
              ],
              [
                16.103778854,
                45.810337631
              ],
              [
                16.103781946,
                45.810336699
              ],
              [
                16.103785143,
                45.81033596
              ],
              [
                16.10378842,
                45.810335419
              ],
              [
                16.103791751,
                45.81033508
              ],
              [
                16.103795113,
                45.810334945
              ],
              [
                16.105158744,
                45.81032174
              ]
            ]
          ]
        ]
      }
    },
    {
      "type": "Feature",
      "properties": {
        "objectid": 1448,
        "namjena": "Površine infrastrukturnih sustava",
        "skupnaNamjena": "Prometne površine",
        "analitika": "Promet",
        "oznaka": "IS",
        "kartografskiPrikaz": "Korištenje i namjena prostora",
        "izradivacPlana": "Zavod za urbanizam i prostorno planiranje Arhitektonskog fakulteta Sveučilišta u Zagrebu",
        "izvornoMjerilo": "1:1000",
        "godinaZadnjeIzmjene": 2020,
        "planId": 2367,
        "razinaPlana": "Detaljniji planovi",
        "areaM2": 31005.57175691283
      },
      "geometry": {
        "type": "MultiPolygon",
        "coordinates": [
          [
            [
              [
                16.104037746,
                45.813010568
              ],
              [
                16.104133974,
                45.81301021
              ],
              [
                16.104133939,
                45.813009504
              ],
              [
                16.106849698,
                45.812998349
              ],
              [
                16.106853397,
                45.813000865
              ],
              [
                16.106884934,
                45.813000747
              ],
              [
                16.107031754,
                45.813000172
              ],
              [
                16.107094163,
                45.812999937
              ],
              [
                16.107152509,
                45.81299972
              ],
              [
                16.107314533,
                45.812999118
              ],
              [
                16.108050361,
                45.812996382
              ],
              [
                16.108366906,
                45.812995218
              ],
              [
                16.108838509,
                45.812993144
              ],
              [
                16.109526421,
                45.812989919
              ],
              [
                16.110127089,
                45.812987021
              ],
              [
                16.110425959,
                45.812985616
              ],
              [
                16.110579005,
                45.812984896
              ],
              [
                16.110859266,
                45.812983578
              ],
              [
                16.110880455,
                45.812983477
              ],
              [
                16.110903403,
                45.812983368
              ],
              [
                16.111095175,
                45.812982506
              ],
              [
                16.111387231,
                45.812981056
              ],
              [
                16.111561847,
                45.8129803
              ],
              [
                16.112007072,
                45.812978124
              ],
              [
                16.112210511,
                45.812977195
              ],
              [
                16.112373032,
                45.812976396
              ],
              [
                16.112759194,
                45.812974556
              ],
              [
                16.113332582,
                45.812971819
              ],
              [
                16.113600876,
                45.812970477
              ],
              [
                16.113815905,
                45.812969441
              ],
              [
                16.113853213,
                45.812969261
              ],
              [
                16.114054593,
                45.812968322
              ],
              [
                16.114246323,
                45.812967439
              ],
              [
                16.114292904,
                45.812967237
              ],
              [
                16.114320699,
                45.812967061
              ],
              [
                16.114335429,
                45.812966993
              ],
              [
                16.114451448,
                45.812966453
              ],
              [
                16.114679581,
                45.812965392
              ],
              [
                16.114786512,
                45.812964853
              ],
              [
                16.114803835,
                45.812964775
              ],
              [
                16.114810183,
                45.81296466
              ],
              [
                16.114813186,
                45.812964734
              ],
              [
                16.114878517,
                45.812964443
              ],
              [
                16.11496769,
                45.812964024
              ],
              [
                16.115027433,
                45.812963723
              ],
              [
                16.115071926,
                45.8129635
              ],
              [
                16.115047964,
                45.812693732
              ],
              [
                16.115003668,
                45.81269392
              ],
              [
                16.114803493,
                45.812694768
              ],
              [
                16.114617433,
                45.812695556
              ],
              [
                16.114238391,
                45.812697271
              ],
              [
                16.113881526,
                45.812698885
              ],
              [
                16.113238207,
                45.812701604
              ],
              [
                16.110948133,
                45.81271104
              ],
              [
                16.110480059,
                45.812713006
              ],
              [
                16.110394579,
                45.812713303
              ],
              [
                16.110227586,
                45.812714066
              ],
              [
                16.108368198,
                45.812721856
              ],
              [
                16.107211788,
                45.812726685
              ],
              [
                16.106676884,
                45.812728915
              ],
              [
                16.106531493,
                45.812729521
              ],
              [
                16.10640283,
                45.812730056
              ],
              [
                16.106274166,
                45.812730592
              ],
              [
                16.104679037,
                45.812737221
              ],
              [
                16.104511773,
                45.812737914
              ],
              [
                16.103842414,
                45.812740689
              ],
              [
                16.103337014,
                45.812742781
              ],
              [
                16.102806873,
                45.812744973
              ],
              [
                16.10277212,
                45.812745117
              ],
              [
                16.102496049,
                45.812746257
              ],
              [
                16.10192965,
                45.812748595
              ],
              [
                16.101920917,
                45.81274837
              ],
              [
                16.101912244,
                45.812747628
              ],
              [
                16.101903689,
                45.812746375
              ],
              [
                16.10189532,
                45.81274462
              ],
              [
                16.101887192,
                45.812742374
              ],
              [
                16.101879367,
                45.812739655
              ],
              [
                16.101871898,
                45.812736481
              ],
              [
                16.101864841,
                45.812732877
              ],
              [
                16.101862731,
                45.812731595
              ],
              [
                16.101858246,
                45.812728867
              ],
              [
                16.101852161,
                45.812724481
              ],
              [
                16.101846631,
                45.81271975
              ],
              [
                16.101841693,
                45.812714708
              ],
              [
                16.101837384,
                45.812709391
              ],
              [
                16.101833736,
                45.812703839
              ],
              [
                16.101830772,
                45.812698089
              ],
              [
                16.101828518,
                45.812692185
              ],
              [
                16.101826987,
                45.812686168
              ],
              [
                16.101828367,
                45.812695222
              ],
              [
                16.101894265,
                45.813127536
              ],
              [
                16.101895381,
                45.81313486
              ],
              [
                16.10191106,
                45.813135383
              ],
              [
                16.101915364,
                45.813135924
              ],
              [
                16.10191479,
                45.813126549
              ],
              [
                16.101915382,
                45.813117177
              ],
              [
                16.101917135,
                45.813107874
              ],
              [
                16.101920036,
                45.813098714
              ],
              [
                16.101924064,
                45.813089763
              ],
              [
                16.101929188,
                45.813081092
              ],
              [
                16.101935369,
                45.813072764
              ],
              [
                16.101942561,
                45.813064843
              ],
              [
                16.101950709,
                45.813057389
              ],
              [
                16.101959752,
                45.813050457
              ],
              [
                16.10196962,
                45.8130441
              ],
              [
                16.101980242,
                45.813038366
              ],
              [
                16.101991534,
                45.813033299
              ],
              [
                16.102003413,
                45.813028936
              ],
              [
                16.102015789,
                45.813025312
              ],
              [
                16.102028569,
                45.813022452
              ],
              [
                16.102041654,
                45.813020379
              ],
              [
                16.102054948,
                45.813019108
              ],
              [
                16.102055668,
                45.813019084
              ],
              [
                16.10206835,
                45.813018649
              ],
              [
                16.102219105,
                45.813018071
              ],
              [
                16.102281128,
                45.813017837
              ],
              [
                16.102555219,
                45.813016593
              ],
              [
                16.102668501,
                45.81301608
              ],
              [
                16.103179041,
                45.813013761
              ],
              [
                16.104037746,
                45.813010568
              ]
            ]
          ]
        ]
      }
    },
    {
      "type": "Feature",
      "properties": {
        "objectid": 1564,
        "namjena": "Površine infrastrukturnih sustava-građevna čestica plinsko regulacijske stanice",
        "skupnaNamjena": "Infrastruktura",
        "analitika": "Infrastruktura",
        "oznaka": "PRS",
        "kartografskiPrikaz": "Korištenje i namjena prostora",
        "izradivacPlana": "Zavod za urbanizam i prostorno planiranje Arhitektonskog fakulteta Sveučilišta u Zagrebu",
        "izvornoMjerilo": "1:1000",
        "godinaZadnjeIzmjene": 2020,
        "planId": 577,
        "razinaPlana": "Detaljniji planovi",
        "areaM2": 167.97587806900896
      },
      "geometry": {
        "type": "MultiPolygon",
        "coordinates": [
          [
            [
              [
                16.10832242,
                45.812668063
              ],
              [
                16.108321498,
                45.812560099
              ],
              [
                16.108141374,
                45.812560852
              ],
              [
                16.108142296,
                45.812668816
              ],
              [
                16.10832242,
                45.812668063
              ]
            ]
          ]
        ]
      }
    },
    {
      "type": "Feature",
      "properties": {
        "objectid": 1566,
        "namjena": "Površine infrastrukturnih sustava-graževna čestica trafostanice",
        "skupnaNamjena": "Infrastruktura",
        "analitika": "Infrastruktura",
        "oznaka": "TS",
        "kartografskiPrikaz": "Korištenje i namjena prostora",
        "izradivacPlana": "Zavod za urbanizam i prostorno planiranje Arhitektonskog fakulteta Sveučilišta u Zagrebu",
        "izvornoMjerilo": "1:1000",
        "godinaZadnjeIzmjene": 2020,
        "planId": 585,
        "razinaPlana": "Detaljniji planovi",
        "areaM2": 49.880241252920634
      },
      "geometry": {
        "type": "MultiPolygon",
        "coordinates": [
          [
            [
              [
                16.112182675,
                45.811198432
              ],
              [
                16.112165035,
                45.811198157
              ],
              [
                16.112092578,
                45.811197027
              ],
              [
                16.112093879,
                45.811262284
              ],
              [
                16.11218393,
                45.811261405
              ],
              [
                16.112182675,
                45.811198432
              ]
            ]
          ]
        ]
      }
    },
    {
      "type": "Feature",
      "properties": {
        "objectid": 1567,
        "namjena": "Površine infrastrukturnih sustava-graževna čestica trafostanice",
        "skupnaNamjena": "Infrastruktura",
        "analitika": "Infrastruktura",
        "oznaka": "TS",
        "kartografskiPrikaz": "Korištenje i namjena prostora",
        "izradivacPlana": "Zavod za urbanizam i prostorno planiranje Arhitektonskog fakulteta Sveučilišta u Zagrebu",
        "izvornoMjerilo": "1:1000",
        "godinaZadnjeIzmjene": 2020,
        "planId": 586,
        "razinaPlana": "Detaljniji planovi",
        "areaM2": 48.99708645141646
      },
      "geometry": {
        "type": "MultiPolygon",
        "coordinates": [
          [
            [
              [
                16.111149284,
                45.811129377
              ],
              [
                16.111148029,
                45.811066393
              ],
              [
                16.111057976,
                45.81106728
              ],
              [
                16.111059231,
                45.811130254
              ],
              [
                16.111149284,
                45.811129377
              ]
            ]
          ]
        ]
      }
    },
    {
      "type": "Feature",
      "properties": {
        "objectid": 1568,
        "namjena": "Površine infrastrukturnih sustava-graževna čestica trafostanice",
        "skupnaNamjena": "Infrastruktura",
        "analitika": "Infrastruktura",
        "oznaka": "TS",
        "kartografskiPrikaz": "Korištenje i namjena prostora",
        "izradivacPlana": "Zavod za urbanizam i prostorno planiranje Arhitektonskog fakulteta Sveučilišta u Zagrebu",
        "izvornoMjerilo": "1:1000",
        "godinaZadnjeIzmjene": 2020,
        "planId": 587,
        "razinaPlana": "Detaljniji planovi",
        "areaM2": 48.99332550346425
      },
      "geometry": {
        "type": "MultiPolygon",
        "coordinates": [
          [
            [
              [
                16.10328193,
                45.809957869
              ],
              [
                16.103345447,
                45.809957653
              ],
              [
                16.103345166,
                45.809917137
              ],
              [
                16.10334501,
                45.809894674
              ],
              [
                16.103254951,
                45.809894979
              ],
              [
                16.103255389,
                45.809957959
              ],
              [
                16.10328193,
                45.809957869
              ]
            ]
          ]
        ]
      }
    },
    {
      "type": "Feature",
      "properties": {
        "objectid": 1569,
        "namjena": "Površine infrastrukturnih sustava-graževna čestica trafostanice",
        "skupnaNamjena": "Infrastruktura",
        "analitika": "Infrastruktura",
        "oznaka": "TS",
        "kartografskiPrikaz": "Korištenje i namjena prostora",
        "izradivacPlana": "Zavod za urbanizam i prostorno planiranje Arhitektonskog fakulteta Sveučilišta u Zagrebu",
        "izvornoMjerilo": "1:1000",
        "godinaZadnjeIzmjene": 2020,
        "planId": 588,
        "razinaPlana": "Detaljniji planovi",
        "areaM2": 48.99385161801761
      },
      "geometry": {
        "type": "MultiPolygon",
        "coordinates": [
          [
            [
              [
                16.1038674,
                45.81138702
              ],
              [
                16.103866155,
                45.811324046
              ],
              [
                16.1037761,
                45.811324917
              ],
              [
                16.103777347,
                45.811387891
              ],
              [
                16.1038674,
                45.81138702
              ]
            ]
          ]
        ]
      }
    },
    {
      "type": "Feature",
      "properties": {
        "objectid": 1570,
        "namjena": "Površine infrastrukturnih sustava-graževna čestica trafostanice",
        "skupnaNamjena": "Infrastruktura",
        "analitika": "Infrastruktura",
        "oznaka": "TS",
        "kartografskiPrikaz": "Korištenje i namjena prostora",
        "izradivacPlana": "Zavod za urbanizam i prostorno planiranje Arhitektonskog fakulteta Sveučilišta u Zagrebu",
        "izvornoMjerilo": "1:1000",
        "godinaZadnjeIzmjene": 2020,
        "planId": 589,
        "razinaPlana": "Detaljniji planovi",
        "areaM2": 48.9931649862259
      },
      "geometry": {
        "type": "MultiPolygon",
        "coordinates": [
          [
            [
              [
                16.106284356,
                45.811282621
              ],
              [
                16.106283106,
                45.811219646
              ],
              [
                16.106193053,
                45.81122052
              ],
              [
                16.106194303,
                45.811283494
              ],
              [
                16.106284356,
                45.811282621
              ]
            ]
          ]
        ]
      }
    },
    {
      "type": "Feature",
      "properties": {
        "objectid": 1571,
        "namjena": "Površine infrastrukturnih sustava-graževna čestica trafostanice",
        "skupnaNamjena": "Infrastruktura",
        "analitika": "Infrastruktura",
        "oznaka": "TS",
        "kartografskiPrikaz": "Korištenje i namjena prostora",
        "izradivacPlana": "Zavod za urbanizam i prostorno planiranje Arhitektonskog fakulteta Sveučilišta u Zagrebu",
        "izvornoMjerilo": "1:1000",
        "godinaZadnjeIzmjene": 2020,
        "planId": 590,
        "razinaPlana": "Detaljniji planovi",
        "areaM2": 48.993495146161784
      },
      "geometry": {
        "type": "MultiPolygon",
        "coordinates": [
          [
            [
              [
                16.103535399,
                45.812686335
              ],
              [
                16.103534153,
                45.81262336
              ],
              [
                16.103444098,
                45.812624231
              ],
              [
                16.103445343,
                45.812687206
              ],
              [
                16.103535399,
                45.812686335
              ]
            ]
          ]
        ]
      }
    },
    {
      "type": "Feature",
      "properties": {
        "objectid": 1572,
        "namjena": "Površine infrastrukturnih sustava-graževna čestica trafostanice",
        "skupnaNamjena": "Infrastruktura",
        "analitika": "Infrastruktura",
        "oznaka": "TS",
        "kartografskiPrikaz": "Korištenje i namjena prostora",
        "izradivacPlana": "Zavod za urbanizam i prostorno planiranje Arhitektonskog fakulteta Sveučilišta u Zagrebu",
        "izvornoMjerilo": "1:1000",
        "godinaZadnjeIzmjene": 2020,
        "planId": 592,
        "razinaPlana": "Detaljniji planovi",
        "areaM2": 48.96877382939385
      },
      "geometry": {
        "type": "MultiPolygon",
        "coordinates": [
          [
            [
              [
                16.110263814,
                45.811401732
              ],
              [
                16.110263294,
                45.811373649
              ],
              [
                16.11026265,
                45.811338757
              ],
              [
                16.110172597,
                45.811339633
              ],
              [
                16.110173851,
                45.811402608
              ],
              [
                16.110263814,
                45.811401732
              ]
            ]
          ]
        ]
      }
    },
    {
      "type": "Feature",
      "properties": {
        "objectid": 1573,
        "namjena": "Površine infrastrukturnih sustava-graževna čestica trafostanice",
        "skupnaNamjena": "Infrastruktura",
        "analitika": "Infrastruktura",
        "oznaka": "TS",
        "kartografskiPrikaz": "Korištenje i namjena prostora",
        "izradivacPlana": "Zavod za urbanizam i prostorno planiranje Arhitektonskog fakulteta Sveučilišta u Zagrebu",
        "izvornoMjerilo": "1:1000",
        "godinaZadnjeIzmjene": 2020,
        "planId": 593,
        "razinaPlana": "Detaljniji planovi",
        "areaM2": 48.55848952405501
      },
      "geometry": {
        "type": "MultiPolygon",
        "coordinates": [
          [
            [
              [
                16.101770472,
                45.812315167
              ],
              [
                16.10182164,
                45.812311356
              ],
              [
                16.10182275,
                45.812311239
              ],
              [
                16.101823841,
                45.812311055
              ],
              [
                16.101824906,
                45.812310805
              ],
              [
                16.101825935,
                45.812310491
              ],
              [
                16.101826921,
                45.812310115
              ],
              [
                16.101827855,
                45.812309681
              ],
              [
                16.101828734,
                45.812309192
              ],
              [
                16.101829547,
                45.81230865
              ],
              [
                16.101830289,
                45.812308062
              ],
              [
                16.101830956,
                45.81230743
              ],
              [
                16.101831541,
                45.812306761
              ],
              [
                16.10183204,
                45.812306057
              ],
              [
                16.10183245,
                45.812305327
              ],
              [
                16.101832767,
                45.812304574
              ],
              [
                16.101832989,
                45.812303804
              ],
              [
                16.101833114,
                45.812303024
              ],
              [
                16.101833141,
                45.812302239
              ],
              [
                16.101833071,
                45.812301456
              ],
              [
                16.101826258,
                45.812256723
              ],
              [
                16.101826091,
                45.812255946
              ],
              [
                16.101825827,
                45.812255184
              ],
              [
                16.10182547,
                45.81225444
              ],
              [
                16.101825021,
                45.81225372
              ],
              [
                16.101824484,
                45.812253031
              ],
              [
                16.101823863,
                45.812252377
              ],
              [
                16.101823164,
                45.812251764
              ],
              [
                16.101822389,
                45.812251195
              ],
              [
                16.101821548,
                45.812250676
              ],
              [
                16.101820644,
                45.81225021
              ],
              [
                16.101819687,
                45.812249801
              ],
              [
                16.101818681,
                45.812249451
              ],
              [
                16.101817636,
                45.812249165
              ],
              [
                16.10181656,
                45.812248943
              ],
              [
                16.101815459,
                45.812248788
              ],
              [
                16.101814343,
                45.8122487
              ],
              [
                16.101813221,
                45.812248681
              ],
              [
                16.101812102,
                45.812248729
              ],
              [
                16.101760934,
                45.81225254
              ],
              [
                16.101735345,
                45.812254447
              ],
              [
                16.101744706,
                45.812315896
              ],
              [
                16.101744885,
                45.812317073
              ],
              [
                16.101767401,
                45.812315396
              ],
              [
                16.101770472,
                45.812315167
              ]
            ]
          ]
        ]
      }
    },
    {
      "type": "Feature",
      "properties": {
        "objectid": 1574,
        "namjena": "Površine infrastrukturnih sustava-graževna čestica trafostanice",
        "skupnaNamjena": "Infrastruktura",
        "analitika": "Infrastruktura",
        "oznaka": "TS",
        "kartografskiPrikaz": "Korištenje i namjena prostora",
        "izradivacPlana": "Zavod za urbanizam i prostorno planiranje Arhitektonskog fakulteta Sveučilišta u Zagrebu",
        "izvornoMjerilo": "1:1000",
        "godinaZadnjeIzmjene": 2020,
        "planId": 594,
        "razinaPlana": "Detaljniji planovi",
        "areaM2": 48.55803280497064
      },
      "geometry": {
        "type": "MultiPolygon",
        "coordinates": [
          [
            [
              [
                16.101585409,
                45.811100219
              ],
              [
                16.101636576,
                45.811096408
              ],
              [
                16.101637686,
                45.811096291
              ],
              [
                16.101638777,
                45.811096107
              ],
              [
                16.101639842,
                45.811095857
              ],
              [
                16.101640869,
                45.811095544
              ],
              [
                16.101641856,
                45.811095167
              ],
              [
                16.101642791,
                45.811094733
              ],
              [
                16.101643668,
                45.811094244
              ],
              [
                16.101644481,
                45.811093704
              ],
              [
                16.101645224,
                45.811093114
              ],
              [
                16.101645891,
                45.811092483
              ],
              [
                16.101646476,
                45.811091813
              ],
              [
                16.101646976,
                45.81109111
              ],
              [
                16.101647385,
                45.811090379
              ],
              [
                16.101647703,
                45.811089626
              ],
              [
                16.101647924,
                45.811088857
              ],
              [
                16.10164805,
                45.811088077
              ],
              [
                16.101648077,
                45.811087292
              ],
              [
                16.101648007,
                45.811086508
              ],
              [
                16.101641194,
                45.811041776
              ],
              [
                16.101641025,
                45.811041
              ],
              [
                16.101640762,
                45.811040236
              ],
              [
                16.101640406,
                45.811039493
              ],
              [
                16.101639957,
                45.811038773
              ],
              [
                16.10163942,
                45.811038084
              ],
              [
                16.101638799,
                45.81103743
              ],
              [
                16.101638098,
                45.811036816
              ],
              [
                16.101637325,
                45.811036247
              ],
              [
                16.101636484,
                45.811035729
              ],
              [
                16.10163558,
                45.811035262
              ],
              [
                16.101634622,
                45.811034853
              ],
              [
                16.101633617,
                45.811034504
              ],
              [
                16.101632571,
                45.811034217
              ],
              [
                16.101631495,
                45.811033996
              ],
              [
                16.101630394,
                45.81103384
              ],
              [
                16.101629279,
                45.811033752
              ],
              [
                16.101628158,
                45.811033733
              ],
              [
                16.101627037,
                45.811033782
              ],
              [
                16.10157587,
                45.811037593
              ],
              [
                16.101550283,
                45.811039499
              ],
              [
                16.101559651,
                45.811100995
              ],
              [
                16.101559823,
                45.811102126
              ],
              [
                16.101582277,
                45.811100453
              ],
              [
                16.101585409,
                45.811100219
              ]
            ]
          ]
        ]
      }
    },
    {
      "type": "Feature",
      "properties": {
        "objectid": 1837,
        "namjena": "Stambena namjena-višestambena izgradnja",
        "skupnaNamjena": "Stambena i mješovita namjena",
        "analitika": "Stambena i mješovita",
        "oznaka": "S",
        "kartografskiPrikaz": "Korištenje i namjena prostora",
        "izradivacPlana": "Zavod za urbanizam i prostorno planiranje Arhitektonskog fakulteta Sveučilišta u Zagrebu",
        "izvornoMjerilo": "1:1000",
        "godinaZadnjeIzmjene": 2020,
        "planId": 493,
        "razinaPlana": "Detaljniji planovi",
        "areaM2": 2745.00365952175
      },
      "geometry": {
        "type": "MultiPolygon",
        "coordinates": [
          [
            [
              [
                16.111468338,
                45.810997737
              ],
              [
                16.111464216,
                45.810790904
              ],
              [
                16.111454898,
                45.810323195
              ],
              [
                16.11145041,
                45.810097959
              ],
              [
                16.111449295,
                45.810041991
              ],
              [
                16.111449097,
                45.810039608
              ],
              [
                16.111448597,
                45.810037247
              ],
              [
                16.111447803,
                45.810034925
              ],
              [
                16.111446717,
                45.810032661
              ],
              [
                16.11144535,
                45.810030475
              ],
              [
                16.111443712,
                45.81002838
              ],
              [
                16.111441816,
                45.810026395
              ],
              [
                16.111439676,
                45.810024535
              ],
              [
                16.111437311,
                45.810022814
              ],
              [
                16.111434735,
                45.810021247
              ],
              [
                16.111431974,
                45.810019845
              ],
              [
                16.111429045,
                45.810018618
              ],
              [
                16.111425973,
                45.810017578
              ],
              [
                16.111422781,
                45.810016731
              ],
              [
                16.111419495,
                45.810016085
              ],
              [
                16.111416141,
                45.810015645
              ],
              [
                16.111412743,
                45.810015413
              ],
              [
                16.111126882,
                45.810004783
              ],
              [
                16.111141832,
                45.810755291
              ],
              [
                16.111146724,
                45.81100087
              ],
              [
                16.111388064,
                45.81099852
              ],
              [
                16.111468338,
                45.810997737
              ]
            ]
          ]
        ]
      }
    },
    {
      "type": "Feature",
      "properties": {
        "objectid": 1838,
        "namjena": "Stambena namjena-višestambena izgradnja",
        "skupnaNamjena": "Stambena i mješovita namjena",
        "analitika": "Stambena i mješovita",
        "oznaka": "S",
        "kartografskiPrikaz": "Korištenje i namjena prostora",
        "izradivacPlana": "Zavod za urbanizam i prostorno planiranje Arhitektonskog fakulteta Sveučilišta u Zagrebu",
        "izvornoMjerilo": "1:1000",
        "godinaZadnjeIzmjene": 2020,
        "planId": 496,
        "razinaPlana": "Detaljniji planovi",
        "areaM2": 2664.644861994916
      },
      "geometry": {
        "type": "MultiPolygon",
        "coordinates": [
          [
            [
              [
                16.105414907,
                45.811560989
              ],
              [
                16.105411162,
                45.81137207
              ],
              [
                16.1038674,
                45.81138702
              ],
              [
                16.103777347,
                45.811387891
              ],
              [
                16.103780552,
                45.811549824
              ],
              [
                16.103780745,
                45.811552175
              ],
              [
                16.103781231,
                45.811554505
              ],
              [
                16.103782005,
                45.811556796
              ],
              [
                16.103783062,
                45.811559032
              ],
              [
                16.103784393,
                45.811561196
              ],
              [
                16.103785989,
                45.811563269
              ],
              [
                16.103787838,
                45.811565237
              ],
              [
                16.103789924,
                45.811567085
              ],
              [
                16.103792233,
                45.811568799
              ],
              [
                16.103794748,
                45.811570365
              ],
              [
                16.103797446,
                45.811571773
              ],
              [
                16.103800312,
                45.811573011
              ],
              [
                16.103803319,
                45.811574069
              ],
              [
                16.103806447,
                45.81157494
              ],
              [
                16.103809673,
                45.811575617
              ],
              [
                16.10381297,
                45.811576095
              ],
              [
                16.103816314,
                45.81157637
              ],
              [
                16.103819679,
                45.81157644
              ],
              [
                16.104488646,
                45.811569963
              ],
              [
                16.104600993,
                45.811568875
              ],
              [
                16.104887453,
                45.8115661
              ],
              [
                16.105390341,
                45.811561227
              ],
              [
                16.105414907,
                45.811560989
              ]
            ]
          ]
        ]
      }
    },
    {
      "type": "Feature",
      "properties": {
        "objectid": 1839,
        "namjena": "Stambena namjena-višestambena izgradnja",
        "skupnaNamjena": "Stambena i mješovita namjena",
        "analitika": "Stambena i mješovita",
        "oznaka": "S",
        "kartografskiPrikaz": "Korištenje i namjena prostora",
        "izradivacPlana": "Zavod za urbanizam i prostorno planiranje Arhitektonskog fakulteta Sveučilišta u Zagrebu",
        "izvornoMjerilo": "1:1000",
        "godinaZadnjeIzmjene": 2020,
        "planId": 500,
        "razinaPlana": "Detaljniji planovi",
        "areaM2": 2286.740446322146
      },
      "geometry": {
        "type": "MultiPolygon",
        "coordinates": [
          [
            [
              [
                16.106193053,
                45.81122052
              ],
              [
                16.106283106,
                45.811219646
              ],
              [
                16.106279894,
                45.811057713
              ],
              [
                16.106279701,
                45.811055362
              ],
              [
                16.106279216,
                45.811053031
              ],
              [
                16.106278441,
                45.81105074
              ],
              [
                16.106277384,
                45.811048504
              ],
              [
                16.106276053,
                45.811046341
              ],
              [
                16.106274456,
                45.811044268
              ],
              [
                16.106272608,
                45.8110423
              ],
              [
                16.106270521,
                45.811040452
              ],
              [
                16.106268212,
                45.811038738
              ],
              [
                16.106265699,
                45.811037171
              ],
              [
                16.106262999,
                45.811035764
              ],
              [
                16.106260134,
                45.811034526
              ],
              [
                16.106257126,
                45.811033468
              ],
              [
                16.106253998,
                45.811032597
              ],
              [
                16.106250773,
                45.81103192
              ],
              [
                16.106247476,
                45.811031443
              ],
              [
                16.106244131,
                45.811031168
              ],
              [
                16.106240766,
                45.811031098
              ],
              [
                16.104877118,
                45.811044314
              ],
              [
                16.10488086,
                45.811233238
              ],
              [
                16.106193053,
                45.81122052
              ]
            ]
          ]
        ]
      }
    },
    {
      "type": "Feature",
      "properties": {
        "objectid": 1840,
        "namjena": "Stambena namjena-višestambena izgradnja",
        "skupnaNamjena": "Stambena i mješovita namjena",
        "analitika": "Stambena i mješovita",
        "oznaka": "S",
        "kartografskiPrikaz": "Korištenje i namjena prostora",
        "izradivacPlana": "Zavod za urbanizam i prostorno planiranje Arhitektonskog fakulteta Sveučilišta u Zagrebu",
        "izvornoMjerilo": "1:1000",
        "godinaZadnjeIzmjene": 2020,
        "planId": 501,
        "razinaPlana": "Detaljniji planovi",
        "areaM2": 2286.7314059332743
      },
      "geometry": {
        "type": "MultiPolygon",
        "coordinates": [
          [
            [
              [
                16.106303446,
                45.812245229
              ],
              [
                16.106300236,
                45.812083294
              ],
              [
                16.104897966,
                45.812096886
              ],
              [
                16.104901709,
                45.812285808
              ],
              [
                16.106265388,
                45.812272592
              ],
              [
                16.106268748,
                45.812272456
              ],
              [
                16.106272081,
                45.812272117
              ],
              [
                16.106275358,
                45.812271575
              ],
              [
                16.106278556,
                45.812270836
              ],
              [
                16.106281648,
                45.812269905
              ],
              [
                16.106284613,
                45.812268789
              ],
              [
                16.106287428,
                45.812267496
              ],
              [
                16.106290071,
                45.812266037
              ],
              [
                16.106292521,
                45.812264422
              ],
              [
                16.106294762,
                45.812262665
              ],
              [
                16.106296774,
                45.812260777
              ],
              [
                16.106298544,
                45.812258773
              ],
              [
                16.106300057,
                45.812256669
              ],
              [
                16.106301302,
                45.812254482
              ],
              [
                16.10630227,
                45.812252227
              ],
              [
                16.106302954,
                45.812249921
              ],
              [
                16.106303346,
                45.812247582
              ],
              [
                16.106303446,
                45.812245229
              ]
            ]
          ]
        ]
      }
    },
    {
      "type": "Feature",
      "properties": {
        "objectid": 1841,
        "namjena": "Stambena namjena-višestambena izgradnja",
        "skupnaNamjena": "Stambena i mješovita namjena",
        "analitika": "Stambena i mješovita",
        "oznaka": "S",
        "kartografskiPrikaz": "Korištenje i namjena prostora",
        "izradivacPlana": "Zavod za urbanizam i prostorno planiranje Arhitektonskog fakulteta Sveučilišta u Zagrebu",
        "izvornoMjerilo": "1:1000",
        "godinaZadnjeIzmjene": 2020,
        "planId": 502,
        "razinaPlana": "Detaljniji planovi",
        "areaM2": 2286.714728162552
      },
      "geometry": {
        "type": "MultiPolygon",
        "coordinates": [
          [
            [
              [
                16.105191006,
                45.811950076
              ],
              [
                16.105187263,
                45.811761155
              ],
              [
                16.103823597,
                45.811774359
              ],
              [
                16.103820235,
                45.811774495
              ],
              [
                16.103816902,
                45.811774834
              ],
              [
                16.103813627,
                45.811775375
              ],
              [
                16.103810429,
                45.811776115
              ],
              [
                16.103807336,
                45.811777046
              ],
              [
                16.103804371,
                45.811778161
              ],
              [
                16.103801557,
                45.811779454
              ],
              [
                16.103798914,
                45.811780914
              ],
              [
                16.103796463,
                45.811782528
              ],
              [
                16.103794223,
                45.811784286
              ],
              [
                16.10379221,
                45.811786174
              ],
              [
                16.103790441,
                45.811788177
              ],
              [
                16.103788927,
                45.81179028
              ],
              [
                16.103787681,
                45.811792469
              ],
              [
                16.103786713,
                45.811794724
              ],
              [
                16.10378603,
                45.811797029
              ],
              [
                16.103785636,
                45.811799368
              ],
              [
                16.103785536,
                45.811801722
              ],
              [
                16.103788741,
                45.811963654
              ],
              [
                16.105191006,
                45.811950076
              ]
            ]
          ]
        ]
      }
    },
    {
      "type": "Feature",
      "properties": {
        "objectid": 1842,
        "namjena": "Stambena namjena-višestambena izgradnja",
        "skupnaNamjena": "Stambena i mješovita namjena",
        "analitika": "Stambena i mješovita",
        "oznaka": "S",
        "kartografskiPrikaz": "Korištenje i namjena prostora",
        "izradivacPlana": "Zavod za urbanizam i prostorno planiranje Arhitektonskog fakulteta Sveučilišta u Zagrebu",
        "izvornoMjerilo": "1:1000",
        "godinaZadnjeIzmjene": 2020,
        "planId": 503,
        "razinaPlana": "Detaljniji planovi",
        "areaM2": 2286.7103590908837
      },
      "geometry": {
        "type": "MultiPolygon",
        "coordinates": [
          [
            [
              [
                16.105162131,
                45.81049267
              ],
              [
                16.105158744,
                45.81032174
              ],
              [
                16.103795113,
                45.810334945
              ],
              [
                16.103791751,
                45.81033508
              ],
              [
                16.10378842,
                45.810335419
              ],
              [
                16.103785143,
                45.81033596
              ],
              [
                16.103781946,
                45.810336699
              ],
              [
                16.103778854,
                45.810337631
              ],
              [
                16.103775889,
                45.810338747
              ],
              [
                16.103773074,
                45.810340039
              ],
              [
                16.103770431,
                45.810341499
              ],
              [
                16.103767981,
                45.810343113
              ],
              [
                16.10376574,
                45.810344871
              ],
              [
                16.103763727,
                45.810346759
              ],
              [
                16.103761958,
                45.810348762
              ],
              [
                16.103760444,
                45.810350865
              ],
              [
                16.103759198,
                45.810353053
              ],
              [
                16.103758232,
                45.810355309
              ],
              [
                16.103757547,
                45.810357614
              ],
              [
                16.103757154,
                45.810359952
              ],
              [
                16.103757054,
                45.810362306
              ],
              [
                16.103758033,
                45.810411784
              ],
              [
                16.103759189,
                45.810470261
              ],
              [
                16.103760258,
                45.810524239
              ],
              [
                16.105162488,
                45.810510661
              ],
              [
                16.105162131,
                45.81049267
              ]
            ]
          ]
        ]
      }
    },
    {
      "type": "Feature",
      "properties": {
        "objectid": 1843,
        "namjena": "Stambena namjena-višestambena izgradnja",
        "skupnaNamjena": "Stambena i mješovita namjena",
        "analitika": "Stambena i mješovita",
        "oznaka": "S",
        "kartografskiPrikaz": "Korištenje i namjena prostora",
        "izradivacPlana": "Zavod za urbanizam i prostorno planiranje Arhitektonskog fakulteta Sveučilišta u Zagrebu",
        "izvornoMjerilo": "1:1000",
        "godinaZadnjeIzmjene": 2020,
        "planId": 504,
        "razinaPlana": "Detaljniji planovi",
        "areaM2": 2286.7013337995686
      },
      "geometry": {
        "type": "MultiPolygon",
        "coordinates": [
          [
            [
              [
                16.106274899,
                45.810805815
              ],
              [
                16.106271688,
                45.810643879
              ],
              [
                16.104869455,
                45.81065747
              ],
              [
                16.104870523,
                45.810711449
              ],
              [
                16.104873196,
                45.810846386
              ],
              [
                16.106236841,
                45.810833178
              ],
              [
                16.106240202,
                45.810833043
              ],
              [
                16.106243534,
                45.810832703
              ],
              [
                16.106246811,
                45.810832162
              ],
              [
                16.106250009,
                45.810831423
              ],
              [
                16.106253101,
                45.810830491
              ],
              [
                16.106256065,
                45.810829375
              ],
              [
                16.106258881,
                45.810828083
              ],
              [
                16.106261522,
                45.810826623
              ],
              [
                16.106263973,
                45.810825009
              ],
              [
                16.106266214,
                45.810823251
              ],
              [
                16.106268227,
                45.810821363
              ],
              [
                16.106269996,
                45.81081936
              ],
              [
                16.10627151,
                45.810817256
              ],
              [
                16.106272754,
                45.810815068
              ],
              [
                16.106273722,
                45.810812813
              ],
              [
                16.106274406,
                45.810810507
              ],
              [
                16.106274798,
                45.810808168
              ],
              [
                16.106274899,
                45.810805815
              ]
            ]
          ]
        ]
      }
    },
    {
      "type": "Feature",
      "properties": {
        "objectid": 1844,
        "namjena": "Stambena namjena-višestambena izgradnja",
        "skupnaNamjena": "Stambena i mješovita namjena",
        "analitika": "Stambena i mješovita",
        "oznaka": "S",
        "kartografskiPrikaz": "Korištenje i namjena prostora",
        "izradivacPlana": "Zavod za urbanizam i prostorno planiranje Arhitektonskog fakulteta Sveučilišta u Zagrebu",
        "izvornoMjerilo": "1:1000",
        "godinaZadnjeIzmjene": 2020,
        "planId": 507,
        "razinaPlana": "Detaljniji planovi",
        "areaM2": 2071.469224532925
      },
      "geometry": {
        "type": "MultiPolygon",
        "coordinates": [
          [
            [
              [
                16.112547351,
                45.810906465
              ],
              [
                16.112546741,
                45.810875888
              ],
              [
                16.112535018,
                45.810288108
              ],
              [
                16.112533291,
                45.810201491
              ],
              [
                16.112533097,
                45.810199133
              ],
              [
                16.112532607,
                45.810196797
              ],
              [
                16.112531829,
                45.810194499
              ],
              [
                16.112530765,
                45.810192257
              ],
              [
                16.112529427,
                45.81019009
              ],
              [
                16.112527821,
                45.810188012
              ],
              [
                16.112525963,
                45.81018604
              ],
              [
                16.112523866,
                45.81018419
              ],
              [
                16.112521545,
                45.810182475
              ],
              [
                16.112519018,
                45.810180908
              ],
              [
                16.112516305,
                45.810179501
              ],
              [
                16.112513427,
                45.810178267
              ],
              [
                16.112510405,
                45.810177212
              ],
              [
                16.112507264,
                45.810176347
              ],
              [
                16.112504026,
                45.810175676
              ],
              [
                16.112500716,
                45.810175206
              ],
              [
                16.11228786,
                45.81015331
              ],
              [
                16.112210515,
                45.810146145
              ],
              [
                16.112225064,
                45.810875872
              ],
              [
                16.112225737,
                45.810909601
              ],
              [
                16.112547351,
                45.810906465
              ]
            ]
          ]
        ]
      }
    },
    {
      "type": "Feature",
      "properties": {
        "objectid": 1845,
        "namjena": "Stambena namjena-višestambena izgradnja",
        "skupnaNamjena": "Stambena i mješovita namjena",
        "analitika": "Stambena i mješovita",
        "oznaka": "S",
        "kartografskiPrikaz": "Korištenje i namjena prostora",
        "izradivacPlana": "Zavod za urbanizam i prostorno planiranje Arhitektonskog fakulteta Sveučilišta u Zagrebu",
        "izvornoMjerilo": "1:1000",
        "godinaZadnjeIzmjene": 2020,
        "planId": 509,
        "razinaPlana": "Detaljniji planovi",
        "areaM2": 2022.7908540150386
      },
      "geometry": {
        "type": "MultiPolygon",
        "coordinates": [
          [
            [
              [
                16.111446914,
                45.81185988
              ],
              [
                16.111450276,
                45.811859744
              ],
              [
                16.111453608,
                45.811859404
              ],
              [
                16.111456886,
                45.811858863
              ],
              [
                16.111460083,
                45.811858123
              ],
              [
                16.111463175,
                45.811857192
              ],
              [
                16.11146614,
                45.811856076
              ],
              [
                16.111468955,
                45.811854783
              ],
              [
                16.111471596,
                45.811853323
              ],
              [
                16.111474047,
                45.811851708
              ],
              [
                16.111476288,
                45.811849951
              ],
              [
                16.1114783,
                45.811848063
              ],
              [
                16.11148007,
                45.811846059
              ],
              [
                16.111481582,
                45.811843956
              ],
              [
                16.111482827,
                45.811841768
              ],
              [
                16.111483795,
                45.811839513
              ],
              [
                16.111484478,
                45.811837207
              ],
              [
                16.111484871,
                45.811834869
              ],
              [
                16.111484971,
                45.811832514
              ],
              [
                16.111470989,
                45.811130792
              ],
              [
                16.111149375,
                45.811133926
              ],
              [
                16.11116389,
                45.811862637
              ],
              [
                16.111446914,
                45.81185988
              ]
            ]
          ]
        ]
      }
    },
    {
      "type": "Feature",
      "properties": {
        "objectid": 1846,
        "namjena": "Stambena namjena-višestambena izgradnja",
        "skupnaNamjena": "Stambena i mješovita namjena",
        "analitika": "Stambena i mješovita",
        "oznaka": "S",
        "kartografskiPrikaz": "Korištenje i namjena prostora",
        "izradivacPlana": "Zavod za urbanizam i prostorno planiranje Arhitektonskog fakulteta Sveučilišta u Zagrebu",
        "izvornoMjerilo": "1:1000",
        "godinaZadnjeIzmjene": 2020,
        "planId": 511,
        "razinaPlana": "Detaljniji planovi",
        "areaM2": 2022.765476045283
      },
      "geometry": {
        "type": "MultiPolygon",
        "coordinates": [
          [
            [
              [
                16.113640357,
                45.811838486
              ],
              [
                16.113643719,
                45.81183835
              ],
              [
                16.11364705,
                45.811838011
              ],
              [
                16.113650327,
                45.811837468
              ],
              [
                16.113653524,
                45.81183673
              ],
              [
                16.113656616,
                45.811835798
              ],
              [
                16.113659582,
                45.811834682
              ],
              [
                16.113662396,
                45.811833389
              ],
              [
                16.113665039,
                45.81183193
              ],
              [
                16.113667489,
                45.811830315
              ],
              [
                16.113669729,
                45.811828557
              ],
              [
                16.113671742,
                45.811826669
              ],
              [
                16.11367351,
                45.811824665
              ],
              [
                16.113675024,
                45.811822561
              ],
              [
                16.113676269,
                45.811820374
              ],
              [
                16.113677237,
                45.811818118
              ],
              [
                16.113677919,
                45.811815813
              ],
              [
                16.113678313,
                45.811813474
              ],
              [
                16.113678413,
                45.81181112
              ],
              [
                16.113664402,
                45.811109407
              ],
              [
                16.113342787,
                45.811112548
              ],
              [
                16.113344875,
                45.81121713
              ],
              [
                16.113357332,
                45.811841248
              ],
              [
                16.113640357,
                45.811838486
              ]
            ]
          ]
        ]
      }
    },
    {
      "type": "Feature",
      "properties": {
        "objectid": 1847,
        "namjena": "Stambena namjena-višestambena izgradnja",
        "skupnaNamjena": "Stambena i mješovita namjena",
        "analitika": "Stambena i mješovita",
        "oznaka": "S",
        "kartografskiPrikaz": "Korištenje i namjena prostora",
        "izradivacPlana": "Zavod za urbanizam i prostorno planiranje Arhitektonskog fakulteta Sveučilišta u Zagrebu",
        "izvornoMjerilo": "1:1000",
        "godinaZadnjeIzmjene": 2020,
        "planId": 518,
        "razinaPlana": "Detaljniji planovi",
        "areaM2": 1618.5898299184357
      },
      "geometry": {
        "type": "MultiPolygon",
        "coordinates": [
          [
            [
              [
                16.113662853,
                45.811031819
              ],
              [
                16.113662102,
                45.810994198
              ],
              [
                16.113654811,
                45.810629004
              ],
              [
                16.113653901,
                45.810583409
              ],
              [
                16.113653441,
                45.810560391
              ],
              [
                16.113653142,
                45.810556634
              ],
              [
                16.113652393,
                45.810552909
              ],
              [
                16.113651202,
                45.810549239
              ],
              [
                16.113649578,
                45.810545651
              ],
              [
                16.11364753,
                45.810542172
              ],
              [
                16.113645073,
                45.810538824
              ],
              [
                16.113642225,
                45.810535631
              ],
              [
                16.11363006,
                45.810523864
              ],
              [
                16.113616431,
                45.810512909
              ],
              [
                16.113601452,
                45.810502853
              ],
              [
                16.113585239,
                45.810493781
              ],
              [
                16.113502391,
                45.810451803
              ],
              [
                16.113417025,
                45.810412369
              ],
              [
                16.113329304,
                45.81037555
              ],
              [
                16.11334055,
                45.811000439
              ],
              [
                16.113341238,
                45.811034959
              ],
              [
                16.113662853,
                45.811031819
              ]
            ]
          ]
        ]
      }
    },
    {
      "type": "Feature",
      "properties": {
        "objectid": 1848,
        "namjena": "Stambena namjena-višestambena izgradnja",
        "skupnaNamjena": "Stambena i mješovita namjena",
        "analitika": "Stambena i mješovita",
        "oznaka": "S",
        "kartografskiPrikaz": "Korištenje i namjena prostora",
        "izradivacPlana": "Zavod za urbanizam i prostorno planiranje Arhitektonskog fakulteta Sveučilišta u Zagrebu",
        "izvornoMjerilo": "1:1000",
        "godinaZadnjeIzmjene": 2020,
        "planId": 544,
        "razinaPlana": "Detaljniji planovi",
        "areaM2": 737.3959056549633
      },
      "geometry": {
        "type": "MultiPolygon",
        "coordinates": [
          [
            [
              [
                16.109554644,
                45.810193275
              ],
              [
                16.109670424,
                45.810192149
              ],
              [
                16.109856957,
                45.810190334
              ],
              [
                16.109852483,
                45.809965426
              ],
              [
                16.109472985,
                45.809969117
              ],
              [
                16.109477457,
                45.810194025
              ],
              [
                16.109554644,
                45.810193275
              ]
            ]
          ]
        ]
      }
    },
    {
      "type": "Feature",
      "properties": {
        "objectid": 1849,
        "namjena": "Stambena namjena-višestambena izgradnja",
        "skupnaNamjena": "Stambena i mješovita namjena",
        "analitika": "Stambena i mješovita",
        "oznaka": "S",
        "kartografskiPrikaz": "Korištenje i namjena prostora",
        "izradivacPlana": "Zavod za urbanizam i prostorno planiranje Arhitektonskog fakulteta Sveučilišta u Zagrebu",
        "izvornoMjerilo": "1:1000",
        "godinaZadnjeIzmjene": 2020,
        "planId": 545,
        "razinaPlana": "Detaljniji planovi",
        "areaM2": 737.3947070260817
      },
      "geometry": {
        "type": "MultiPolygon",
        "coordinates": [
          [
            [
              [
                16.108290594,
                45.811332711
              ],
              [
                16.108388563,
                45.811331759
              ],
              [
                16.108406376,
                45.811331586
              ],
              [
                16.108592913,
                45.811329773
              ],
              [
                16.108588444,
                45.811104865
              ],
              [
                16.108208938,
                45.811108553
              ],
              [
                16.108213406,
                45.811333461
              ],
              [
                16.108290594,
                45.811332711
              ]
            ]
          ]
        ]
      }
    },
    {
      "type": "Feature",
      "properties": {
        "objectid": 1850,
        "namjena": "Stambena namjena-višestambena izgradnja",
        "skupnaNamjena": "Stambena i mješovita namjena",
        "analitika": "Stambena i mješovita",
        "oznaka": "S",
        "kartografskiPrikaz": "Korištenje i namjena prostora",
        "izradivacPlana": "Zavod za urbanizam i prostorno planiranje Arhitektonskog fakulteta Sveučilišta u Zagrebu",
        "izvornoMjerilo": "1:1000",
        "godinaZadnjeIzmjene": 2020,
        "planId": 546,
        "razinaPlana": "Detaljniji planovi",
        "areaM2": 737.3945981969403
      },
      "geometry": {
        "type": "MultiPolygon",
        "coordinates": [
          [
            [
              [
                16.109577059,
                45.811320204
              ],
              [
                16.109664194,
                45.811319356
              ],
              [
                16.109692842,
                45.811319078
              ],
              [
                16.109879379,
                45.811317263
              ],
              [
                16.109874905,
                45.811092355
              ],
              [
                16.109495399,
                45.811096047
              ],
              [
                16.109499872,
                45.811320955
              ],
              [
                16.109577059,
                45.811320204
              ]
            ]
          ]
        ]
      }
    },
    {
      "type": "Feature",
      "properties": {
        "objectid": 1851,
        "namjena": "Stambena namjena-višestambena izgradnja",
        "skupnaNamjena": "Stambena i mješovita namjena",
        "analitika": "Stambena i mješovita",
        "oznaka": "S",
        "kartografskiPrikaz": "Korištenje i namjena prostora",
        "izradivacPlana": "Zavod za urbanizam i prostorno planiranje Arhitektonskog fakulteta Sveučilišta u Zagrebu",
        "izvornoMjerilo": "1:1000",
        "godinaZadnjeIzmjene": 2020,
        "planId": 547,
        "razinaPlana": "Detaljniji planovi",
        "areaM2": 737.3957100624783
      },
      "geometry": {
        "type": "MultiPolygon",
        "coordinates": [
          [
            [
              [
                16.108268204,
                45.810205781
              ],
              [
                16.108376895,
                45.810204725
              ],
              [
                16.108383984,
                45.810204656
              ],
              [
                16.108570518,
                45.810202843
              ],
              [
                16.108566048,
                45.809977935
              ],
              [
                16.10818655,
                45.809981623
              ],
              [
                16.108191017,
                45.810206531
              ],
              [
                16.108268204,
                45.810205781
              ]
            ]
          ]
        ]
      }
    },
    {
      "type": "Feature",
      "properties": {
        "objectid": 1852,
        "namjena": "Stambena namjena-višestambena izgradnja",
        "skupnaNamjena": "Stambena i mješovita namjena",
        "analitika": "Stambena i mješovita",
        "oznaka": "S",
        "kartografskiPrikaz": "Korištenje i namjena prostora",
        "izradivacPlana": "Zavod za urbanizam i prostorno planiranje Arhitektonskog fakulteta Sveučilišta u Zagrebu",
        "izvornoMjerilo": "1:1000",
        "godinaZadnjeIzmjene": 2020,
        "planId": 548,
        "razinaPlana": "Detaljniji planovi",
        "areaM2": 651.3699292244808
      },
      "geometry": {
        "type": "MultiPolygon",
        "coordinates": [
          [
            [
              [
                16.110000536,
                45.810616344
              ],
              [
                16.109884756,
                45.810617471
              ],
              [
                16.10980757,
                45.810618222
              ],
              [
                16.109811507,
                45.810816142
              ],
              [
                16.110192451,
                45.810812435
              ],
              [
                16.110188511,
                45.810614515
              ],
              [
                16.110000536,
                45.810616344
              ]
            ]
          ]
        ]
      }
    },
    {
      "type": "Feature",
      "properties": {
        "objectid": 1853,
        "namjena": "Stambena namjena-višestambena izgradnja",
        "skupnaNamjena": "Stambena i mješovita namjena",
        "analitika": "Stambena i mješovita",
        "oznaka": "S",
        "kartografskiPrikaz": "Korištenje i namjena prostora",
        "izradivacPlana": "Zavod za urbanizam i prostorno planiranje Arhitektonskog fakulteta Sveučilišta u Zagrebu",
        "izvornoMjerilo": "1:1000",
        "godinaZadnjeIzmjene": 2020,
        "planId": 550,
        "razinaPlana": "Detaljniji planovi",
        "areaM2": 648.9056298428148
      },
      "geometry": {
        "type": "MultiPolygon",
        "coordinates": [
          [
            [
              [
                16.108096108,
                45.811905978
              ],
              [
                16.108022982,
                45.811906688
              ],
              [
                16.107980325,
                45.811907102
              ],
              [
                16.107903136,
                45.811907853
              ],
              [
                16.107907068,
                45.812105771
              ],
              [
                16.108286579,
                45.812102085
              ],
              [
                16.108282648,
                45.811904166
              ],
              [
                16.108096108,
                45.811905978
              ]
            ]
          ]
        ]
      }
    },
    {
      "type": "Feature",
      "properties": {
        "objectid": 1854,
        "namjena": "Stambena namjena-višestambena izgradnja",
        "skupnaNamjena": "Stambena i mješovita namjena",
        "analitika": "Stambena i mješovita",
        "oznaka": "S",
        "kartografskiPrikaz": "Korištenje i namjena prostora",
        "izradivacPlana": "Zavod za urbanizam i prostorno planiranje Arhitektonskog fakulteta Sveučilišta u Zagrebu",
        "izvornoMjerilo": "1:1000",
        "godinaZadnjeIzmjene": 2020,
        "planId": 551,
        "razinaPlana": "Detaljniji planovi",
        "areaM2": 648.9069141765359
      },
      "geometry": {
        "type": "MultiPolygon",
        "coordinates": [
          [
            [
              [
                16.108736487,
                45.811755785
              ],
              [
                16.108659692,
                45.811756532
              ],
              [
                16.108620703,
                45.811756911
              ],
              [
                16.108543515,
                45.811757662
              ],
              [
                16.108547449,
                45.811955581
              ],
              [
                16.108926959,
                45.811951892
              ],
              [
                16.108923025,
                45.811753973
              ],
              [
                16.108736487,
                45.811755785
              ]
            ]
          ]
        ]
      }
    },
    {
      "type": "Feature",
      "properties": {
        "objectid": 1855,
        "namjena": "Stambena namjena-višestambena izgradnja",
        "skupnaNamjena": "Stambena i mješovita namjena",
        "analitika": "Stambena i mješovita",
        "oznaka": "S",
        "kartografskiPrikaz": "Korištenje i namjena prostora",
        "izradivacPlana": "Zavod za urbanizam i prostorno planiranje Arhitektonskog fakulteta Sveučilišta u Zagrebu",
        "izvornoMjerilo": "1:1000",
        "godinaZadnjeIzmjene": 2020,
        "planId": 552,
        "razinaPlana": "Detaljniji planovi",
        "areaM2": 648.9087355825077
      },
      "geometry": {
        "type": "MultiPolygon",
        "coordinates": [
          [
            [
              [
                16.109382587,
                45.811893473
              ],
              [
                16.109309461,
                45.811894184
              ],
              [
                16.109266804,
                45.811894599
              ],
              [
                16.109189615,
                45.811895349
              ],
              [
                16.10919355,
                45.812093269
              ],
              [
                16.109573063,
                45.812089578
              ],
              [
                16.109569127,
                45.811891658
              ],
              [
                16.109382587,
                45.811893473
              ]
            ]
          ]
        ]
      }
    },
    {
      "type": "Feature",
      "properties": {
        "objectid": 1856,
        "namjena": "Stambena namjena-višestambena izgradnja",
        "skupnaNamjena": "Stambena i mješovita namjena",
        "analitika": "Stambena i mješovita",
        "oznaka": "S",
        "kartografskiPrikaz": "Korištenje i namjena prostora",
        "izradivacPlana": "Zavod za urbanizam i prostorno planiranje Arhitektonskog fakulteta Sveučilišta u Zagrebu",
        "izvornoMjerilo": "1:1000",
        "godinaZadnjeIzmjene": 2020,
        "planId": 553,
        "razinaPlana": "Detaljniji planovi",
        "areaM2": 648.9090435422445
      },
      "geometry": {
        "type": "MultiPolygon",
        "coordinates": [
          [
            [
              [
                16.108714088,
                45.810628856
              ],
              [
                16.108696275,
                45.810629029
              ],
              [
                16.108598307,
                45.810629982
              ],
              [
                16.10852112,
                45.810630731
              ],
              [
                16.108525052,
                45.810828651
              ],
              [
                16.108904557,
                45.810824962
              ],
              [
                16.108900623,
                45.810627043
              ],
              [
                16.108714088,
                45.810628856
              ]
            ]
          ]
        ]
      }
    },
    {
      "type": "Feature",
      "properties": {
        "objectid": 1857,
        "namjena": "Stambena namjena-višestambena izgradnja",
        "skupnaNamjena": "Stambena i mješovita namjena",
        "analitika": "Stambena i mješovita",
        "oznaka": "S",
        "kartografskiPrikaz": "Korištenje i namjena prostora",
        "izradivacPlana": "Zavod za urbanizam i prostorno planiranje Arhitektonskog fakulteta Sveučilišta u Zagrebu",
        "izvornoMjerilo": "1:1000",
        "godinaZadnjeIzmjene": 2020,
        "planId": 554,
        "razinaPlana": "Detaljniji planovi",
        "areaM2": 648.9067103794262
      },
      "geometry": {
        "type": "MultiPolygon",
        "coordinates": [
          [
            [
              [
                16.108073722,
                45.810779048
              ],
              [
                16.108000596,
                45.810779758
              ],
              [
                16.107957941,
                45.810780172
              ],
              [
                16.107880754,
                45.810780922
              ],
              [
                16.107884684,
                45.810978841
              ],
              [
                16.108264189,
                45.810975154
              ],
              [
                16.108260258,
                45.810777235
              ],
              [
                16.108073722,
                45.810779048
              ]
            ]
          ]
        ]
      }
    },
    {
      "type": "Feature",
      "properties": {
        "objectid": 1858,
        "namjena": "Stambena namjena-višestambena izgradnja",
        "skupnaNamjena": "Stambena i mješovita namjena",
        "analitika": "Stambena i mješovita",
        "oznaka": "S",
        "kartografskiPrikaz": "Korištenje i namjena prostora",
        "izradivacPlana": "Zavod za urbanizam i prostorno planiranje Arhitektonskog fakulteta Sveučilišta u Zagrebu",
        "izvornoMjerilo": "1:1000",
        "godinaZadnjeIzmjene": 2020,
        "planId": 555,
        "razinaPlana": "Detaljniji planovi",
        "areaM2": 648.9056396658062
      },
      "geometry": {
        "type": "MultiPolygon",
        "coordinates": [
          [
            [
              [
                16.109360174,
                45.810766543
              ],
              [
                16.109244394,
                45.810767669
              ],
              [
                16.109167207,
                45.81076842
              ],
              [
                16.109171142,
                45.810966339
              ],
              [
                16.109550647,
                45.810962648
              ],
              [
                16.10954671,
                45.810764729
              ],
              [
                16.109360174,
                45.810766543
              ]
            ]
          ]
        ]
      }
    },
    {
      "type": "Feature",
      "properties": {
        "objectid": 1859,
        "namjena": "Stambena namjena-višestambena izgradnja",
        "skupnaNamjena": "Stambena i mješovita namjena",
        "analitika": "Stambena i mješovita",
        "oznaka": "S",
        "kartografskiPrikaz": "Korištenje i namjena prostora",
        "izradivacPlana": "Zavod za urbanizam i prostorno planiranje Arhitektonskog fakulteta Sveučilišta u Zagrebu",
        "izvornoMjerilo": "1:1000",
        "godinaZadnjeIzmjene": 2020,
        "planId": 556,
        "razinaPlana": "Detaljniji planovi",
        "areaM2": 648.905624528939
      },
      "geometry": {
        "type": "MultiPolygon",
        "coordinates": [
          [
            [
              [
                16.108914285,
                45.810343471
              ],
              [
                16.108953273,
                45.810343092
              ],
              [
                16.109030066,
                45.810342345
              ],
              [
                16.1092166,
                45.810340531
              ],
              [
                16.109212664,
                45.810142612
              ],
              [
                16.108833165,
                45.810146302
              ],
              [
                16.108837099,
                45.810344221
              ],
              [
                16.108914285,
                45.810343471
              ]
            ]
          ]
        ]
      }
    },
    {
      "type": "Feature",
      "properties": {
        "objectid": 1860,
        "namjena": "Stambena namjena-višestambena izgradnja",
        "skupnaNamjena": "Stambena i mješovita namjena",
        "analitika": "Stambena i mješovita",
        "oznaka": "S",
        "kartografskiPrikaz": "Korištenje i namjena prostora",
        "izradivacPlana": "Zavod za urbanizam i prostorno planiranje Arhitektonskog fakulteta Sveučilišta u Zagrebu",
        "izvornoMjerilo": "1:1000",
        "godinaZadnjeIzmjene": 2020,
        "planId": 557,
        "razinaPlana": "Detaljniji planovi",
        "areaM2": 648.9076114343719
      },
      "geometry": {
        "type": "MultiPolygon",
        "coordinates": [
          [
            [
              [
                16.108936688,
                45.811470401
              ],
              [
                16.109052471,
                45.811469275
              ],
              [
                16.109239009,
                45.811467461
              ],
              [
                16.109235072,
                45.811269542
              ],
              [
                16.108855566,
                45.811273232
              ],
              [
                16.1088595,
                45.811471151
              ],
              [
                16.108936688,
                45.811470401
              ]
            ]
          ]
        ]
      }
    },
    {
      "type": "Feature",
      "properties": {
        "objectid": 1861,
        "namjena": "Stambena namjena-višestambena izgradnja",
        "skupnaNamjena": "Stambena i mješovita namjena",
        "analitika": "Stambena i mješovita",
        "oznaka": "S",
        "kartografskiPrikaz": "Korištenje i namjena prostora",
        "izradivacPlana": "Zavod za urbanizam i prostorno planiranje Arhitektonskog fakulteta Sveučilišta u Zagrebu",
        "izvornoMjerilo": "1:1000",
        "godinaZadnjeIzmjene": 2020,
        "planId": 558,
        "razinaPlana": "Detaljniji planovi",
        "areaM2": 648.8626514883872
      },
      "geometry": {
        "type": "MultiPolygon",
        "coordinates": [
          [
            [
              [
                16.110022962,
                45.811743273
              ],
              [
                16.109907179,
                45.811744401
              ],
              [
                16.109829991,
                45.811745151
              ],
              [
                16.109833928,
                45.811943071
              ],
              [
                16.110213272,
                45.811939379
              ],
              [
                16.110209615,
                45.811741457
              ],
              [
                16.110022962,
                45.811743273
              ]
            ]
          ]
        ]
      }
    },
    {
      "type": "Feature",
      "properties": {
        "objectid": 1862,
        "namjena": "Stambena namjena-višestambena izgradnja",
        "skupnaNamjena": "Stambena i mješovita namjena",
        "analitika": "Stambena i mješovita",
        "oznaka": "S",
        "kartografskiPrikaz": "Korištenje i namjena prostora",
        "izradivacPlana": "Zavod za urbanizam i prostorno planiranje Arhitektonskog fakulteta Sveučilišta u Zagrebu",
        "izvornoMjerilo": "1:1000",
        "godinaZadnjeIzmjene": 2020,
        "planId": 2365,
        "razinaPlana": "Detaljniji planovi",
        "areaM2": 3052.0007577159868
      },
      "geometry": {
        "type": "MultiPolygon",
        "coordinates": [
          [
            [
              [
                16.105386382,
                45.810121575
              ],
              [
                16.105382203,
                45.809910198
              ],
              [
                16.10378716,
                45.809915634
              ],
              [
                16.103783801,
                45.809915748
              ],
              [
                16.103780469,
                45.809916066
              ],
              [
                16.103777189,
                45.809916586
              ],
              [
                16.103773985,
                45.809917303
              ],
              [
                16.103770884,
                45.809918212
              ],
              [
                16.103767908,
                45.809919308
              ],
              [
                16.103765079,
                45.80992058
              ],
              [
                16.10376242,
                45.80992202
              ],
              [
                16.103759948,
                45.809923615
              ],
              [
                16.103757687,
                45.809925355
              ],
              [
                16.103755648,
                45.809927227
              ],
              [
                16.103753852,
                45.809929215
              ],
              [
                16.10375231,
                45.809931305
              ],
              [
                16.103751034,
                45.809933481
              ],
              [
                16.103750033,
                45.809935726
              ],
              [
                16.103749316,
                45.809938024
              ],
              [
                16.103748888,
                45.809940357
              ],
              [
                16.103748751,
                45.809942707
              ],
              [
                16.103752069,
                45.810110409
              ],
              [
                16.103752264,
                45.81011276
              ],
              [
                16.103752749,
                45.81011509
              ],
              [
                16.103753523,
                45.810117381
              ],
              [
                16.10375458,
                45.810119617
              ],
              [
                16.103755912,
                45.81012178
              ],
              [
                16.103757508,
                45.810123854
              ],
              [
                16.103759356,
                45.810125822
              ],
              [
                16.103761443,
                45.81012767
              ],
              [
                16.103763752,
                45.810129383
              ],
              [
                16.103766265,
                45.81013095
              ],
              [
                16.103768965,
                45.810132358
              ],
              [
                16.103771829,
                45.810133595
              ],
              [
                16.103774837,
                45.810134653
              ],
              [
                16.103777966,
                45.810135524
              ],
              [
                16.10378119,
                45.810136201
              ],
              [
                16.103784487,
                45.810136678
              ],
              [
                16.103787832,
                45.810136954
              ],
              [
                16.103791197,
                45.810137024
              ],
              [
                16.104460146,
                45.810130549
              ],
              [
                16.104858942,
                45.810126683
              ],
              [
                16.105386382,
                45.810121575
              ]
            ]
          ]
        ]
      }
    },
    {
      "type": "Feature",
      "properties": {
        "objectid": 3648,
        "namjena": "Javni park",
        "skupnaNamjena": "Javne zelene površine",
        "analitika": "Javne zelene površine",
        "oznaka": "JP",
        "kartografskiPrikaz": "Korištenje i namjena prostora",
        "izradivacPlana": "Zavod za urbanizam i prostorno planiranje Arhitektonskog fakulteta Sveučilišta u Zagrebu",
        "izvornoMjerilo": "1:1000",
        "godinaZadnjeIzmjene": 2020,
        "planId": 462,
        "razinaPlana": "Detaljniji planovi",
        "areaM2": 47834.9001004276
      },
      "geometry": {
        "type": "MultiPolygon",
        "coordinates": [
          [
            [
              [
                16.108368198,
                45.812721856
              ],
              [
                16.108368083,
                45.812716047
              ],
              [
                16.108356406,
                45.8121284
              ],
              [
                16.110312161,
                45.81210938
              ],
              [
                16.110290953,
                45.812020763
              ],
              [
                16.11027753,
                45.811931406
              ],
              [
                16.110271941,
                45.811841643
              ],
              [
                16.110269083,
                45.811686917
              ],
              [
                16.110268892,
                45.811684564
              ],
              [
                16.110268409,
                45.811682233
              ],
              [
                16.110267636,
                45.811679939
              ],
              [
                16.110266581,
                45.811677702
              ],
              [
                16.110265251,
                45.811675537
              ],
              [
                16.110263655,
                45.811673462
              ],
              [
                16.110261809,
                45.811671491
              ],
              [
                16.110259722,
                45.811669641
              ],
              [
                16.110257412,
                45.811667926
              ],
              [
                16.110254897,
                45.811666357
              ],
              [
                16.110252197,
                45.811664948
              ],
              [
                16.11024933,
                45.811663709
              ],
              [
                16.110246322,
                45.81166265
              ],
              [
                16.110243191,
                45.811661778
              ],
              [
                16.110239965,
                45.8116611
              ],
              [
                16.110236665,
                45.811660622
              ],
              [
                16.110233319,
                45.811660347
              ],
              [
                16.110229951,
                45.811660276
              ],
              [
                16.110059945,
                45.811661931
              ],
              [
                16.110056583,
                45.811662067
              ],
              [
                16.110053251,
                45.811662407
              ],
              [
                16.110049974,
                45.811662948
              ],
              [
                16.110046777,
                45.811663688
              ],
              [
                16.110043684,
                45.811664618
              ],
              [
                16.110040719,
                45.811665735
              ],
              [
                16.110037905,
                45.811667027
              ],
              [
                16.110035263,
                45.811668487
              ],
              [
                16.110032812,
                45.811670102
              ],
              [
                16.110030571,
                45.81167186
              ],
              [
                16.110028559,
                45.811673747
              ],
              [
                16.110026789,
                45.811675751
              ],
              [
                16.110025277,
                45.811677855
              ],
              [
                16.110024031,
                45.811680042
              ],
              [
                16.110023063,
                45.811682297
              ],
              [
                16.110022381,
                45.811684604
              ],
              [
                16.110021987,
                45.811686942
              ],
              [
                16.110021887,
                45.811689296
              ],
              [
                16.110022962,
                45.811743273
              ],
              [
                16.110209615,
                45.811741457
              ],
              [
                16.110213272,
                45.811939379
              ],
              [
                16.109833928,
                45.811943071
              ],
              [
                16.109829991,
                45.811745151
              ],
              [
                16.109907179,
                45.811744401
              ],
              [
                16.109905567,
                45.811663433
              ],
              [
                16.109416708,
                45.81166819
              ],
              [
                16.109413346,
                45.811668325
              ],
              [
                16.109410014,
                45.811668664
              ],
              [
                16.109406737,
                45.811669206
              ],
              [
                16.109403541,
                45.811669945
              ],
              [
                16.109400447,
                45.811670877
              ],
              [
                16.109397483,
                45.811671993
              ],
              [
                16.109394668,
                45.811673285
              ],
              [
                16.109392026,
                45.811674745
              ],
              [
                16.109389575,
                45.81167636
              ],
              [
                16.109387335,
                45.811678118
              ],
              [
                16.109385322,
                45.811680006
              ],
              [
                16.109383552,
                45.811682009
              ],
              [
                16.10938204,
                45.811684113
              ],
              [
                16.109380794,
                45.8116863
              ],
              [
                16.109379826,
                45.811688556
              ],
              [
                16.109379144,
                45.811690861
              ],
              [
                16.10937875,
                45.8116932
              ],
              [
                16.10937865,
                45.811695554
              ],
              [
                16.109382587,
                45.811893473
              ],
              [
                16.109569127,
                45.811891658
              ],
              [
                16.109573063,
                45.812089578
              ],
              [
                16.10919355,
                45.812093269
              ],
              [
                16.109189615,
                45.811895349
              ],
              [
                16.109266804,
                45.811894599
              ],
              [
                16.109262332,
                45.811669691
              ],
              [
                16.108850659,
                45.811673694
              ],
              [
                16.108773471,
                45.811674444
              ],
              [
                16.108770109,
                45.811674579
              ],
              [
                16.108766777,
                45.811674919
              ],
              [
                16.108763501,
                45.81167546
              ],
              [
                16.108760304,
                45.8116762
              ],
              [
                16.10875721,
                45.81167713
              ],
              [
                16.108754246,
                45.811678247
              ],
              [
                16.108751432,
                45.81167954
              ],
              [
                16.108748789,
                45.811680999
              ],
              [
                16.108746338,
                45.811682613
              ],
              [
                16.108744098,
                45.811684372
              ],
              [
                16.108742085,
                45.81168626
              ],
              [
                16.108740316,
                45.811688263
              ],
              [
                16.108738803,
                45.811690366
              ],
              [
                16.108737557,
                45.811692554
              ],
              [
                16.108736589,
                45.81169481
              ],
              [
                16.108735907,
                45.811697116
              ],
              [
                16.108735513,
                45.811699454
              ],
              [
                16.108735413,
                45.811701808
              ],
              [
                16.108736487,
                45.811755785
              ],
              [
                16.108923025,
                45.811753973
              ],
              [
                16.108926959,
                45.811951892
              ],
              [
                16.108547449,
                45.811955581
              ],
              [
                16.108543515,
                45.811757662
              ],
              [
                16.108620703,
                45.811756911
              ],
              [
                16.108619095,
                45.811675945
              ],
              [
                16.108130234,
                45.811680695
              ],
              [
                16.108126872,
                45.81168083
              ],
              [
                16.10812354,
                45.811681169
              ],
              [
                16.108120264,
                45.811681712
              ],
              [
                16.108117067,
                45.81168245
              ],
              [
                16.108113973,
                45.811683382
              ],
              [
                16.108111009,
                45.811684498
              ],
              [
                16.108108194,
                45.81168579
              ],
              [
                16.108105552,
                45.81168725
              ],
              [
                16.108103101,
                45.811688864
              ],
              [
                16.108100861,
                45.811690622
              ],
              [
                16.108098848,
                45.81169251
              ],
              [
                16.108097079,
                45.811694513
              ],
              [
                16.108095565,
                45.811696617
              ],
              [
                16.10809432,
                45.811698805
              ],
              [
                16.108093352,
                45.81170106
              ],
              [
                16.108092669,
                45.811703366
              ],
              [
                16.108092276,
                45.811705705
              ],
              [
                16.108092176,
                45.811708058
              ],
              [
                16.108096108,
                45.811905978
              ],
              [
                16.108282648,
                45.811904166
              ],
              [
                16.108286579,
                45.812102085
              ],
              [
                16.107907068,
                45.812105771
              ],
              [
                16.107903136,
                45.811907853
              ],
              [
                16.107980325,
                45.811907102
              ],
              [
                16.107975858,
                45.811682194
              ],
              [
                16.10787294,
                45.811683193
              ],
              [
                16.107871778,
                45.811624718
              ],
              [
                16.107870528,
                45.811561743
              ],
              [
                16.108295063,
                45.811557619
              ],
              [
                16.108290594,
                45.811332711
              ],
              [
                16.108213406,
                45.811333461
              ],
              [
                16.108208938,
                45.811108553
              ],
              [
                16.108588444,
                45.811104865
              ],
              [
                16.108592913,
                45.811329773
              ],
              [
                16.108406376,
                45.811331586
              ],
              [
                16.108410309,
                45.811529505
              ],
              [
                16.108410503,
                45.811531856
              ],
              [
                16.108410988,
                45.811534186
              ],
              [
                16.108411762,
                45.811536478
              ],
              [
                16.10841282,
                45.811538713
              ],
              [
                16.108414152,
                45.811540876
              ],
              [
                16.108415748,
                45.81154295
              ],
              [
                16.108417596,
                45.811544917
              ],
              [
                16.108419683,
                45.811546766
              ],
              [
                16.108421992,
                45.811548479
              ],
              [
                16.108424506,
                45.811550046
              ],
              [
                16.108427206,
                45.811551453
              ],
              [
                16.10843007,
                45.811552691
              ],
              [
                16.108433079,
                45.811553749
              ],
              [
                16.108436207,
                45.81155462
              ],
              [
                16.108439432,
                45.811555297
              ],
              [
                16.108442729,
                45.811555774
              ],
              [
                16.108446074,
                45.811556049
              ],
              [
                16.108449439,
                45.811556119
              ],
              [
                16.108938299,
                45.811551367
              ],
              [
                16.108936688,
                45.811470401
              ],
              [
                16.1088595,
                45.811471151
              ],
              [
                16.108855566,
                45.811273232
              ],
              [
                16.109235072,
                45.811269542
              ],
              [
                16.109239009,
                45.811467461
              ],
              [
                16.109052471,
                45.811469275
              ],
              [
                16.109053545,
                45.811523253
              ],
              [
                16.109053738,
                45.811525603
              ],
              [
                16.109054223,
                45.811527934
              ],
              [
                16.109054997,
                45.811530225
              ],
              [
                16.109056055,
                45.811532461
              ],
              [
                16.109057387,
                45.811534624
              ],
              [
                16.109058983,
                45.811536697
              ],
              [
                16.109060831,
                45.811538666
              ],
              [
                16.109062918,
                45.811540514
              ],
              [
                16.109065228,
                45.811542227
              ],
              [
                16.109067741,
                45.811543794
              ],
              [
                16.109070441,
                45.811545201
              ],
              [
                16.109073306,
                45.811546438
              ],
              [
                16.109076314,
                45.811547497
              ],
              [
                16.109079443,
                45.811548367
              ],
              [
                16.109082668,
                45.811549044
              ],
              [
                16.109085965,
                45.811549522
              ],
              [
                16.109089309,
                45.811549796
              ],
              [
                16.109092675,
                45.811549866
              ],
              [
                16.109169863,
                45.811549116
              ],
              [
                16.109581534,
                45.811545112
              ],
              [
                16.109577059,
                45.811320204
              ],
              [
                16.109499872,
                45.811320955
              ],
              [
                16.109495399,
                45.811096047
              ],
              [
                16.109874905,
                45.811092355
              ],
              [
                16.109879379,
                45.811317263
              ],
              [
                16.109692842,
                45.811319078
              ],
              [
                16.109696778,
                45.811516997
              ],
              [
                16.109696973,
                45.811519348
              ],
              [
                16.109697459,
                45.811521678
              ],
              [
                16.109698233,
                45.811523969
              ],
              [
                16.10969929,
                45.811526205
              ],
              [
                16.109700622,
                45.811528368
              ],
              [
                16.109702219,
                45.811530441
              ],
              [
                16.109704067,
                45.811532409
              ],
              [
                16.109706154,
                45.811534257
              ],
              [
                16.109708463,
                45.811535971
              ],
              [
                16.109710977,
                45.811537537
              ],
              [
                16.109713677,
                45.811538945
              ],
              [
                16.109716541,
                45.811540182
              ],
              [
                16.109719548,
                45.81154124
              ],
              [
                16.109722678,
                45.811542111
              ],
              [
                16.109725903,
                45.811542788
              ],
              [
                16.1097292,
                45.811543266
              ],
              [
                16.109732545,
                45.811543541
              ],
              [
                16.10973591,
                45.811543611
              ],
              [
                16.110227783,
                45.811538824
              ],
              [
                16.110231144,
                45.811538688
              ],
              [
                16.110234474,
                45.811538349
              ],
              [
                16.110237748,
                45.811537808
              ],
              [
                16.110240943,
                45.81153707
              ],
              [
                16.110244034,
                45.81153614
              ],
              [
                16.110246998,
                45.811535025
              ],
              [
                16.110249811,
                45.811533734
              ],
              [
                16.110252452,
                45.811532276
              ],
              [
                16.110254903,
                45.811530663
              ],
              [
                16.110257143,
                45.811528907
              ],
              [
                16.110259156,
                45.811527021
              ],
              [
                16.110260926,
                45.81152502
              ],
              [
                16.110262441,
                45.811522918
              ],
              [
                16.110263687,
                45.811520732
              ],
              [
                16.110264657,
                45.811518479
              ],
              [
                16.110265342,
                45.811516175
              ],
              [
                16.110265738,
                45.811513838
              ],
              [
                16.110265842,
                45.811511486
              ],
              [
                16.110263814,
                45.811401732
              ],
              [
                16.110173851,
                45.811402608
              ],
              [
                16.110172597,
                45.811339633
              ],
              [
                16.11026265,
                45.811338757
              ],
              [
                16.110257777,
                45.811075074
              ],
              [
                16.110254903,
                45.810919497
              ],
              [
                16.11024826,
                45.810559972
              ],
              [
                16.110248069,
                45.81055762
              ],
              [
                16.110247586,
                45.810555288
              ],
              [
                16.110246814,
                45.810552994
              ],
              [
                16.110245759,
                45.810550756
              ],
              [
                16.110244429,
                45.810548592
              ],
              [
                16.110242834,
                45.810546516
              ],
              [
                16.110240986,
                45.810544546
              ],
              [
                16.110238899,
                45.810542696
              ],
              [
                16.11023659,
                45.81054098
              ],
              [
                16.110234075,
                45.810539412
              ],
              [
                16.110231375,
                45.810538003
              ],
              [
                16.110228509,
                45.810536764
              ],
              [
                16.1102255,
                45.810535705
              ],
              [
                16.110222369,
                45.810534833
              ],
              [
                16.110219143,
                45.810534155
              ],
              [
                16.110215843,
                45.810533677
              ],
              [
                16.110212497,
                45.810533402
              ],
              [
                16.110209129,
                45.810533332
              ],
              [
                16.110039126,
                45.810534986
              ],
              [
                16.110037519,
                45.810535002
              ],
              [
                16.110034158,
                45.810535137
              ],
              [
                16.110030825,
                45.810535477
              ],
              [
                16.110027548,
                45.810536019
              ],
              [
                16.110024351,
                45.810536758
              ],
              [
                16.110021259,
                45.810537689
              ],
              [
                16.110018294,
                45.810538806
              ],
              [
                16.110015479,
                45.810540098
              ],
              [
                16.110012837,
                45.810541557
              ],
              [
                16.110010387,
                45.810543172
              ],
              [
                16.110008146,
                45.81054493
              ],
              [
                16.110006133,
                45.810546818
              ],
              [
                16.110004364,
                45.810548821
              ],
              [
                16.110002852,
                45.810550925
              ],
              [
                16.110001606,
                45.810553113
              ],
              [
                16.110000639,
                45.810555368
              ],
              [
                16.109999956,
                45.810557674
              ],
              [
                16.109999563,
                45.810560013
              ],
              [
                16.109999463,
                45.810562366
              ],
              [
                16.110000536,
                45.810616344
              ],
              [
                16.110188511,
                45.810614515
              ],
              [
                16.110192451,
                45.810812435
              ],
              [
                16.109811507,
                45.810816142
              ],
              [
                16.10980757,
                45.810618222
              ],
              [
                16.109884756,
                45.810617471
              ],
              [
                16.109883145,
                45.810536504
              ],
              [
                16.109395903,
                45.810541244
              ],
              [
                16.109394295,
                45.81054126
              ],
              [
                16.109390934,
                45.810541396
              ],
              [
                16.109387601,
                45.810541735
              ],
              [
                16.109384324,
                45.810542276
              ],
              [
                16.109381128,
                45.810543016
              ],
              [
                16.109378035,
                45.810543947
              ],
              [
                16.10937507,
                45.810545063
              ],
              [
                16.109372256,
                45.810546356
              ],
              [
                16.109369614,
                45.810547816
              ],
              [
                16.109367163,
                45.81054943
              ],
              [
                16.109364922,
                45.810551188
              ],
              [
                16.109362911,
                45.810553076
              ],
              [
                16.10936114,
                45.81055508
              ],
              [
                16.109359628,
                45.810557183
              ],
              [
                16.109358382,
                45.810559371
              ],
              [
                16.109357415,
                45.810561626
              ],
              [
                16.109356732,
                45.810563932
              ],
              [
                16.109356339,
                45.81056627
              ],
              [
                16.109356238,
                45.810568624
              ],
              [
                16.109360174,
                45.810766543
              ],
              [
                16.10954671,
                45.810764729
              ],
              [
                16.109550647,
                45.810962648
              ],
              [
                16.109171142,
                45.810966339
              ],
              [
                16.109167207,
                45.81076842
              ],
              [
                16.109244394,
                45.810767669
              ],
              [
                16.109239922,
                45.810542761
              ],
              [
                16.108829865,
                45.810546748
              ],
              [
                16.108751072,
                45.810547514
              ],
              [
                16.10874771,
                45.810547649
              ],
              [
                16.108744377,
                45.810547989
              ],
              [
                16.1087411,
                45.810548531
              ],
              [
                16.108737904,
                45.81054927
              ],
              [
                16.108734811,
                45.810550201
              ],
              [
                16.108731846,
                45.810551317
              ],
              [
                16.108729032,
                45.81055261
              ],
              [
                16.10872639,
                45.810554069
              ],
              [
                16.108723939,
                45.810555684
              ],
              [
                16.108721699,
                45.810557442
              ],
              [
                16.108719686,
                45.81055933
              ],
              [
                16.108717916,
                45.810561333
              ],
              [
                16.108716404,
                45.810563437
              ],
              [
                16.108715158,
                45.810565625
              ],
              [
                16.10871419,
                45.81056788
              ],
              [
                16.108713508,
                45.810570185
              ],
              [
                16.108713114,
                45.810572525
              ],
              [
                16.108713014,
                45.810574878
              ],
              [
                16.108714088,
                45.810628856
              ],
              [
                16.108900623,
                45.810627043
              ],
              [
                16.108904557,
                45.810824962
              ],
              [
                16.108525052,
                45.810828651
              ],
              [
                16.10852112,
                45.810630731
              ],
              [
                16.108598307,
                45.810629982
              ],
              [
                16.108596698,
                45.810549015
              ],
              [
                16.108109455,
                45.810553749
              ],
              [
                16.108107847,
                45.810553764
              ],
              [
                16.108104486,
                45.8105539
              ],
              [
                16.108101153,
                45.81055424
              ],
              [
                16.108097876,
                45.810554781
              ],
              [
                16.10809468,
                45.810555521
              ],
              [
                16.108091587,
                45.810556451
              ],
              [
                16.108088622,
                45.810557568
              ],
              [
                16.108085808,
                45.810558861
              ],
              [
                16.108083165,
                45.810560319
              ],
              [
                16.108080715,
                45.810561934
              ],
              [
                16.108078475,
                45.810563693
              ],
              [
                16.108076462,
                45.810565581
              ],
              [
                16.108074692,
                45.810567584
              ],
              [
                16.108073179,
                45.810569687
              ],
              [
                16.108071934,
                45.810571875
              ],
              [
                16.108070966,
                45.810574131
              ],
              [
                16.108070283,
                45.810576436
              ],
              [
                16.10806989,
                45.810578774
              ],
              [
                16.10806979,
                45.810581128
              ],
              [
                16.108073722,
                45.810779048
              ],
              [
                16.108260258,
                45.810777235
              ],
              [
                16.108264189,
                45.810975154
              ],
              [
                16.107884684,
                45.810978841
              ],
              [
                16.107880754,
                45.810780922
              ],
              [
                16.107957941,
                45.810780172
              ],
              [
                16.107953474,
                45.810555264
              ],
              [
                16.107850557,
                45.810556264
              ],
              [
                16.107849396,
                45.810497788
              ],
              [
                16.107848145,
                45.810434813
              ],
              [
                16.108272673,
                45.81043069
              ],
              [
                16.108268204,
                45.810205781
              ],
              [
                16.108191017,
                45.810206531
              ],
              [
                16.10818655,
                45.809981623
              ],
              [
                16.108566048,
                45.809977935
              ],
              [
                16.108570518,
                45.810202843
              ],
              [
                16.108383984,
                45.810204656
              ],
              [
                16.108387916,
                45.810402576
              ],
              [
                16.10838811,
                45.810404927
              ],
              [
                16.108388596,
                45.810407256
              ],
              [
                16.10838937,
                45.810409548
              ],
              [
                16.108390427,
                45.810411784
              ],
              [
                16.108391759,
                45.810413946
              ],
              [
                16.108393356,
                45.810416019
              ],
              [
                16.108395204,
                45.810417988
              ],
              [
                16.108397291,
                45.810419836
              ],
              [
                16.1083996,
                45.810421549
              ],
              [
                16.108402113,
                45.810423116
              ],
              [
                16.108404813,
                45.810424524
              ],
              [
                16.108407678,
                45.810425761
              ],
              [
                16.108410686,
                45.810426819
              ],
              [
                16.108413814,
                45.810427689
              ],
              [
                16.108417039,
                45.810428366
              ],
              [
                16.108420336,
                45.810428845
              ],
              [
                16.108423681,
                45.810429119
              ],
              [
                16.108427046,
                45.810429189
              ],
              [
                16.108915896,
                45.810424438
              ],
              [
                16.108914285,
                45.810343471
              ],
              [
                16.108837099,
                45.810344221
              ],
              [
                16.108833165,
                45.810146302
              ],
              [
                16.109212664,
                45.810142612
              ],
              [
                16.1092166,
                45.810340531
              ],
              [
                16.109030066,
                45.810342345
              ],
              [
                16.109031138,
                45.810396323
              ],
              [
                16.109031333,
                45.810398674
              ],
              [
                16.109031818,
                45.810401004
              ],
              [
                16.109032592,
                45.810403296
              ],
              [
                16.10903365,
                45.810405531
              ],
              [
                16.109034982,
                45.810407694
              ],
              [
                16.109036578,
                45.810409767
              ],
              [
                16.109038426,
                45.810411735
              ],
              [
                16.109040513,
                45.810413583
              ],
              [
                16.109042822,
                45.810415297
              ],
              [
                16.109045336,
                45.810416863
              ],
              [
                16.109048036,
                45.810418271
              ],
              [
                16.1090509,
                45.810419509
              ],
              [
                16.109053909,
                45.810420567
              ],
              [
                16.109057037,
                45.810421438
              ],
              [
                16.109060262,
                45.810422114
              ],
              [
                16.109063559,
                45.810422592
              ],
              [
                16.109066903,
                45.810422867
              ],
              [
                16.109070269,
                45.810422937
              ],
              [
                16.109149063,
                45.810422171
              ],
              [
                16.109559117,
                45.810418183
              ],
              [
                16.109554644,
                45.810193275
              ],
              [
                16.109477457,
                45.810194025
              ],
              [
                16.109472985,
                45.809969117
              ],
              [
                16.109852483,
                45.809965426
              ],
              [
                16.109856957,
                45.810190334
              ],
              [
                16.109670424,
                45.810192149
              ],
              [
                16.10967436,
                45.810390068
              ],
              [
                16.109674555,
                45.810392418
              ],
              [
                16.10967504,
                45.810394748
              ],
              [
                16.109675814,
                45.81039704
              ],
              [
                16.109676872,
                45.810399276
              ],
              [
                16.109678204,
                45.810401438
              ],
              [
                16.109679799,
                45.810403512
              ],
              [
                16.109681648,
                45.81040548
              ],
              [
                16.109683735,
                45.810407328
              ],
              [
                16.109686045,
                45.810409042
              ],
              [
                16.109688558,
                45.810410608
              ],
              [
                16.109691258,
                45.810412015
              ],
              [
                16.109694123,
                45.810413253
              ],
              [
                16.10969713,
                45.810414311
              ],
              [
                16.109700259,
                45.810415182
              ],
              [
                16.109703484,
                45.810415859
              ],
              [
                16.109706781,
                45.810416336
              ],
              [
                16.109710125,
                45.810416611
              ],
              [
                16.109713482,
                45.810416681
              ],
              [
                16.109715099,
                45.810416665
              ],
              [
                16.110206963,
                45.810411879
              ],
              [
                16.110210322,
                45.810411744
              ],
              [
                16.110213652,
                45.810411404
              ],
              [
                16.110216926,
                45.810410863
              ],
              [
                16.110220121,
                45.810410125
              ],
              [
                16.110223213,
                45.810409195
              ],
              [
                16.110226176,
                45.81040808
              ],
              [
                16.110228989,
                45.810406789
              ],
              [
                16.110231632,
                45.810405331
              ],
              [
                16.110234081,
                45.810403718
              ],
              [
                16.110236321,
                45.810401962
              ],
              [
                16.110238333,
                45.810400076
              ],
              [
                16.110240103,
                45.810398075
              ],
              [
                16.110241618,
                45.810395973
              ],
              [
                16.110242865,
                45.810393788
              ],
              [
                16.110243834,
                45.810391535
              ],
              [
                16.110244519,
                45.81038923
              ],
              [
                16.110244915,
                45.810386894
              ],
              [
                16.110245019,
                45.810384541
              ],
              [
                16.110235981,
                45.809895365
              ],
              [
                16.110235789,
                45.809893005
              ],
              [
                16.110235302,
                45.809890665
              ],
              [
                16.110234526,
                45.809888364
              ],
              [
                16.110233463,
                45.809886119
              ],
              [
                16.110232124,
                45.809883948
              ],
              [
                16.110230518,
                45.809881868
              ],
              [
                16.110228659,
                45.809879894
              ],
              [
                16.110226559,
                45.80987804
              ],
              [
                16.110224236,
                45.809876323
              ],
              [
                16.110221705,
                45.809874754
              ],
              [
                16.110218989,
                45.809873346
              ],
              [
                16.110216107,
                45.80987211
              ],
              [
                16.110213081,
                45.809871055
              ],
              [
                16.110209935,
                45.809870189
              ],
              [
                16.110206693,
                45.809869519
              ],
              [
                16.110203379,
                45.80986905
              ],
              [
                16.110200019,
                45.809868786
              ],
              [
                16.110196639,
                45.809868728
              ],
              [
                16.10819625,
                45.809895845
              ],
              [
                16.107883601,
                45.80989955
              ],
              [
                16.107570929,
                45.809902192
              ],
              [
                16.107258243,
                45.809903776
              ],
              [
                16.107155764,
                45.809904127
              ],
              [
                16.10716706,
                45.810473227
              ],
              [
                16.107463179,
                45.810470352
              ],
              [
                16.107467465,
                45.810686265
              ],
              [
                16.107171345,
                45.810689139
              ],
              [
                16.107211606,
                45.812717494
              ],
              [
                16.107211788,
                45.812726685
              ],
              [
                16.108368198,
                45.812721856
              ]
            ],
            [
              [
                16.10832242,
                45.812668063
              ],
              [
                16.108142296,
                45.812668816
              ],
              [
                16.108141374,
                45.812560852
              ],
              [
                16.108321498,
                45.812560099
              ],
              [
                16.10832242,
                45.812668063
              ]
            ]
          ]
        ]
      }
    },
    {
      "type": "Feature",
      "properties": {
        "objectid": 5911,
        "namjena": "Površine infrastrukturnih sustava",
        "skupnaNamjena": "Prometne površine",
        "analitika": "Promet",
        "oznaka": "IS",
        "kartografskiPrikaz": "Korištenje i namjena prostora",
        "izradivacPlana": "Zavod za urbanizam i prostorno planiranje Arhitektonskog fakulteta Sveučilišta u Zagrebu",
        "izvornoMjerilo": "1:1000",
        "godinaZadnjeIzmjene": 2020,
        "planId": 468,
        "razinaPlana": "Detaljniji planovi",
        "areaM2": 11332.158429576975
      },
      "geometry": {
        "type": "MultiPolygon",
        "coordinates": [
          [
            [
              [
                16.103842414,
                45.812740689
              ],
              [
                16.103839067,
                45.812740601
              ],
              [
                16.103835741,
                45.812740311
              ],
              [
                16.103832466,
                45.81273982
              ],
              [
                16.103829263,
                45.812739132
              ],
              [
                16.103826158,
                45.812738252
              ],
              [
                16.103823173,
                45.812737188
              ],
              [
                16.103821272,
                45.812736357
              ],
              [
                16.103820331,
                45.812735946
              ],
              [
                16.103817655,
                45.812734537
              ],
              [
                16.103815163,
                45.812732971
              ],
              [
                16.103812874,
                45.81273126
              ],
              [
                16.103810807,
                45.812729417
              ],
              [
                16.103808977,
                45.812727454
              ],
              [
                16.103807396,
                45.812725389
              ],
              [
                16.103806077,
                45.812723235
              ],
              [
                16.10380503,
                45.81272101
              ],
              [
                16.103804264,
                45.812718729
              ],
              [
                16.103803782,
                45.81271641
              ],
              [
                16.10380359,
                45.812714071
              ],
              [
                16.103799779,
                45.812521429
              ],
              [
                16.103798177,
                45.812440462
              ],
              [
                16.103797286,
                45.81239548
              ],
              [
                16.103796396,
                45.812350498
              ],
              [
                16.103794794,
                45.812269531
              ],
              [
                16.103791589,
                45.812107598
              ],
              [
                16.103788741,
                45.811963654
              ],
              [
                16.103785536,
                45.811801722
              ],
              [
                16.103783933,
                45.811720755
              ],
              [
                16.103782153,
                45.811630791
              ],
              [
                16.103780552,
                45.811549824
              ],
              [
                16.103777347,
                45.811387891
              ],
              [
                16.1037761,
                45.811324917
              ],
              [
                16.103774499,
                45.811243949
              ],
              [
                16.103771295,
                45.811082014
              ],
              [
                16.103769337,
                45.810983055
              ],
              [
                16.103768269,
                45.810929076
              ],
              [
                16.103766311,
                45.810830117
              ],
              [
                16.103764373,
                45.810732188
              ],
              [
                16.103764174,
                45.810722159
              ],
              [
                16.103764108,
                45.810718775
              ],
              [
                16.103760258,
                45.810524239
              ],
              [
                16.103759189,
                45.810470261
              ],
              [
                16.103758033,
                45.810411784
              ],
              [
                16.103757054,
                45.810362306
              ],
              [
                16.103752069,
                45.810110409
              ],
              [
                16.103748751,
                45.809942707
              ],
              [
                16.103748888,
                45.809940357
              ],
              [
                16.103749316,
                45.809938024
              ],
              [
                16.103750033,
                45.809935726
              ],
              [
                16.103751034,
                45.809933481
              ],
              [
                16.10375231,
                45.809931305
              ],
              [
                16.103753852,
                45.809929215
              ],
              [
                16.103755648,
                45.809927227
              ],
              [
                16.103757687,
                45.809925355
              ],
              [
                16.103759948,
                45.809923615
              ],
              [
                16.10376242,
                45.80992202
              ],
              [
                16.103765079,
                45.80992058
              ],
              [
                16.103767908,
                45.809919308
              ],
              [
                16.103770884,
                45.809918212
              ],
              [
                16.103773985,
                45.809917303
              ],
              [
                16.103777189,
                45.809916586
              ],
              [
                16.103780469,
                45.809916066
              ],
              [
                16.103783801,
                45.809915748
              ],
              [
                16.10378716,
                45.809915634
              ],
              [
                16.103345166,
                45.809917137
              ],
              [
                16.103345447,
                45.809957653
              ],
              [
                16.10328193,
                45.809957869
              ],
              [
                16.10328272,
                45.809997876
              ],
              [
                16.103285203,
                45.810123376
              ],
              [
                16.103293963,
                45.810566306
              ],
              [
                16.103294082,
                45.810572293
              ],
              [
                16.103294293,
                45.810582922
              ],
              [
                16.103311841,
                45.811470187
              ],
              [
                16.103316315,
                45.811696386
              ],
              [
                16.103318413,
                45.811802456
              ],
              [
                16.103323477,
                45.81205847
              ],
              [
                16.103335356,
                45.812658995
              ],
              [
                16.103336969,
                45.812740472
              ],
              [
                16.103337014,
                45.812742781
              ],
              [
                16.103842414,
                45.812740689
              ]
            ],
            [
              [
                16.103535399,
                45.812686335
              ],
              [
                16.103445343,
                45.812687206
              ],
              [
                16.103444098,
                45.812624231
              ],
              [
                16.103534153,
                45.81262336
              ],
              [
                16.103535399,
                45.812686335
              ]
            ]
          ]
        ]
      }
    },
    {
      "type": "Feature",
      "properties": {
        "objectid": 8835,
        "namjena": "Gospodarska namjena-poslovna-pretežito trgovačka - tržnica",
        "skupnaNamjena": "Poslovna namjena",
        "analitika": "Gospodarska",
        "oznaka": "K2",
        "kartografskiPrikaz": "Korištenje i namjena prostora",
        "izradivacPlana": "Zavod za urbanizam i prostorno planiranje Arhitektonskog fakulteta Sveučilišta u Zagrebu",
        "izvornoMjerilo": "1:1000",
        "godinaZadnjeIzmjene": 2020,
        "planId": 464,
        "razinaPlana": "Detaljniji planovi",
        "areaM2": 721.4848091515843
      },
      "geometry": {
        "type": "MultiPolygon",
        "coordinates": [
          [
            [
              [
                16.114589168,
                45.810314446
              ],
              [
                16.114587086,
                45.810244919
              ],
              [
                16.11448484,
                45.810245917
              ],
              [
                16.114123953,
                45.810249442
              ],
              [
                16.113903678,
                45.810517448
              ],
              [
                16.11398606,
                45.81057435
              ],
              [
                16.114268254,
                45.81035345
              ],
              [
                16.114589168,
                45.810314446
              ]
            ]
          ]
        ]
      }
    }
  ]
}
