{
  "type": "FeatureCollection",
  "name": "Novi Jelkovec – rekonstrukcija izvedenih zgrada",
  "bbox": [
    16.100965888,
    45.8095779,
    16.115863788,
    45.813197253
  ],
  "reconstruction": {
    "schema": "consensus-builder.reconstruction.v1",
    "proposal": {
      "proposalId": "reconstruction-novi-jelkovec-buildings",
      "city": "zagreb",
      "name": "Novi Jelkovec – rekonstrukcija izvedenih zgrada",
      "title": "Novi Jelkovec – rekonstrukcija izvedenih zgrada",
      "description": "Rekonstrukcija glavnih izvedenih zgrada unutar DPU-a Sopnica–Jelkovec. Tlocrti su aktualna pravna DGU geometrija, a visine su iz najboljega lokalnog podudaranja s GDI snimkom. Terase, stubišta, nadstrešnice, trafostanice i drugi pomoćni poligoni nisu zasebni volumeni.",
      "author": "zagreb.lol – lokalna analiza",
      "type": "building",
      "goal": "single",
      "primaryType": "Urban Rule",
      "typologyType": "single",
      "lifecycleStatus": "Active",
      "createdAt": "2026-08-14T00:02:00.000Z",
      "updatedAt": "2026-08-14T00:02:00.000Z",
      "tags": [
        "buildings",
        "research",
        "reconstruction",
        "neighbourhood-plan",
        "observed-built-state"
      ],
      "parentParcelIds": [
        "HR-338796-3661/9",
        "HR-338796-3661/63",
        "HR-338796-3661/98",
        "HR-338796-3661/66",
        "HR-338796-3661/31",
        "HR-338796-3661/59",
        "HR-338796-3661/41",
        "HR-338796-3661/129",
        "HR-338796-3661/37",
        "HR-338796-3661/103",
        "HR-338796-3661/35",
        "HR-338796-3661/49",
        "HR-338796-3661/110",
        "HR-338796-3661/53",
        "HR-338796-3661/55",
        "HR-338796-3661/108",
        "HR-338796-3661/119",
        "HR-338796-3661/114",
        "HR-338796-3661/125",
        "HR-338796-3661/39",
        "HR-338796-3661/121",
        "HR-338796-3661/117",
        "HR-338796-3661/105",
        "HR-338796-3661/123",
        "HR-338796-3661/112",
        "HR-338796-3661/47",
        "HR-338796-3661/127",
        "HR-338796-3661/61",
        "HR-338796-3661/33",
        "HR-338796-3661/43",
        "HR-338796-3661/29",
        "HR-338796-3661/57",
        "HR-338796-3661/51",
        "HR-338796-3661/64",
        "HR-338796-3661/85",
        "HR-338796-3661/82",
        "HR-338796-3661/84",
        "HR-338796-3661/70",
        "HR-338796-3661/79",
        "HR-338796-3661/94",
        "HR-338796-3661/95",
        "HR-338796-3661/136",
        "HR-338796-3661/81",
        "HR-338796-3661/69",
        "HR-338796-3661/67",
        "HR-338796-3661/83",
        "HR-338796-3661/80",
        "HR-338796-3661/68"
      ],
      "cadastreParcelIds": [
        "HR-338796-3661/9",
        "HR-338796-3661/63",
        "HR-338796-3661/98",
        "HR-338796-3661/66",
        "HR-338796-3661/31",
        "HR-338796-3661/59",
        "HR-338796-3661/41",
        "HR-338796-3661/129",
        "HR-338796-3661/37",
        "HR-338796-3661/103",
        "HR-338796-3661/35",
        "HR-338796-3661/49",
        "HR-338796-3661/110",
        "HR-338796-3661/53",
        "HR-338796-3661/55",
        "HR-338796-3661/108",
        "HR-338796-3661/119",
        "HR-338796-3661/114",
        "HR-338796-3661/125",
        "HR-338796-3661/39",
        "HR-338796-3661/121",
        "HR-338796-3661/117",
        "HR-338796-3661/105",
        "HR-338796-3661/123",
        "HR-338796-3661/112",
        "HR-338796-3661/47",
        "HR-338796-3661/127",
        "HR-338796-3661/61",
        "HR-338796-3661/33",
        "HR-338796-3661/43",
        "HR-338796-3661/29",
        "HR-338796-3661/57",
        "HR-338796-3661/51",
        "HR-338796-3661/64",
        "HR-338796-3661/85",
        "HR-338796-3661/82",
        "HR-338796-3661/84",
        "HR-338796-3661/70",
        "HR-338796-3661/79",
        "HR-338796-3661/94",
        "HR-338796-3661/95",
        "HR-338796-3661/136",
        "HR-338796-3661/81",
        "HR-338796-3661/69",
        "HR-338796-3661/67",
        "HR-338796-3661/83",
        "HR-338796-3661/80",
        "HR-338796-3661/68"
      ],
      "parcelIds": [
        "HR-338796-3661/9",
        "HR-338796-3661/63",
        "HR-338796-3661/98",
        "HR-338796-3661/66",
        "HR-338796-3661/31",
        "HR-338796-3661/59",
        "HR-338796-3661/41",
        "HR-338796-3661/129",
        "HR-338796-3661/37",
        "HR-338796-3661/103",
        "HR-338796-3661/35",
        "HR-338796-3661/49",
        "HR-338796-3661/110",
        "HR-338796-3661/53",
        "HR-338796-3661/55",
        "HR-338796-3661/108",
        "HR-338796-3661/119",
        "HR-338796-3661/114",
        "HR-338796-3661/125",
        "HR-338796-3661/39",
        "HR-338796-3661/121",
        "HR-338796-3661/117",
        "HR-338796-3661/105",
        "HR-338796-3661/123",
        "HR-338796-3661/112",
        "HR-338796-3661/47",
        "HR-338796-3661/127",
        "HR-338796-3661/61",
        "HR-338796-3661/33",
        "HR-338796-3661/43",
        "HR-338796-3661/29",
        "HR-338796-3661/57",
        "HR-338796-3661/51",
        "HR-338796-3661/64",
        "HR-338796-3661/85",
        "HR-338796-3661/82",
        "HR-338796-3661/84",
        "HR-338796-3661/70",
        "HR-338796-3661/79",
        "HR-338796-3661/94",
        "HR-338796-3661/95",
        "HR-338796-3661/136",
        "HR-338796-3661/81",
        "HR-338796-3661/69",
        "HR-338796-3661/67",
        "HR-338796-3661/83",
        "HR-338796-3661/80",
        "HR-338796-3661/68"
      ],
      "acceptedParcelIds": [],
      "bounds": [
        16.100965888,
        45.8095779,
        16.115863788,
        45.813197253
      ],
      "source": {
        "planName": "DPU stambenog naselja na lokaciji Sopnica - Jelkovec",
        "planYears": "DPU 2003.; izmjene 2007., 2016. i 2020.",
        "implementationStatus": "izvedeno u cijelosti prema službenoj ocjeni realizacije plana",
        "sources": [
          "https://zagreb.hr/izmjene-i-dopune-detaljnog-plana-uredjenja-stamben/168074",
          "https://www.zagreb.hr/userdocsimages/arhiva/prostorni_planovi/dpu%20sopnica%20jelkovec/s-j_graficki%20dio_I%20%2820210120%29.pdf",
          "https://data.zagreb.hr/dataset/geoportal-urbanisticki-planovi-uredenja"
        ],
        "coordinateSystem": "lokalni izvori u HTRS96/TM (EPSG:3765), izvoz za aplikaciju u WGS84",
        "footprintBasis": "aktualni DGU pravni tlocrti glavnih zgrada",
        "heightBasis": "najbolje lokalno DGU–GDI prostorno podudaranje",
        "sourceStatistics": {
          "parcelAreaM2": 395337.92548882845,
          "footprintAreaM2": 70566.41323272698,
          "siteCoveragePercent": 17.849644236755893,
          "heightEquivalentAboveGroundGbpM2": 430706.57669256954,
          "heightEquivalentKin": 1.0894643516935756,
          "buildingCount": 64,
          "observedBuildingCount": 64,
          "planDerivedBuildingCount": 0,
          "method": "zbroj površine tlocrta × procijenjeni broj etaža; dijagnostička vrijednost, nije službeni GBP"
        }
      }
    },
    "buildingProposal": {
      "parentParcelIds": [
        "HR-338796-3661/9",
        "HR-338796-3661/63",
        "HR-338796-3661/98",
        "HR-338796-3661/66",
        "HR-338796-3661/31",
        "HR-338796-3661/59",
        "HR-338796-3661/41",
        "HR-338796-3661/129",
        "HR-338796-3661/37",
        "HR-338796-3661/103",
        "HR-338796-3661/35",
        "HR-338796-3661/49",
        "HR-338796-3661/110",
        "HR-338796-3661/53",
        "HR-338796-3661/55",
        "HR-338796-3661/108",
        "HR-338796-3661/119",
        "HR-338796-3661/114",
        "HR-338796-3661/125",
        "HR-338796-3661/39",
        "HR-338796-3661/121",
        "HR-338796-3661/117",
        "HR-338796-3661/105",
        "HR-338796-3661/123",
        "HR-338796-3661/112",
        "HR-338796-3661/47",
        "HR-338796-3661/127",
        "HR-338796-3661/61",
        "HR-338796-3661/33",
        "HR-338796-3661/43",
        "HR-338796-3661/29",
        "HR-338796-3661/57",
        "HR-338796-3661/51",
        "HR-338796-3661/64",
        "HR-338796-3661/85",
        "HR-338796-3661/82",
        "HR-338796-3661/84",
        "HR-338796-3661/70",
        "HR-338796-3661/79",
        "HR-338796-3661/94",
        "HR-338796-3661/95",
        "HR-338796-3661/136",
        "HR-338796-3661/81",
        "HR-338796-3661/69",
        "HR-338796-3661/67",
        "HR-338796-3661/83",
        "HR-338796-3661/80",
        "HR-338796-3661/68"
      ],
      "parentParcelNumbers": [
        {
          "id": "HR-338796-3661/9",
          "number": "HR-338796-3661/9"
        },
        {
          "id": "HR-338796-3661/63",
          "number": "HR-338796-3661/63"
        },
        {
          "id": "HR-338796-3661/98",
          "number": "HR-338796-3661/98"
        },
        {
          "id": "HR-338796-3661/66",
          "number": "HR-338796-3661/66"
        },
        {
          "id": "HR-338796-3661/31",
          "number": "HR-338796-3661/31"
        },
        {
          "id": "HR-338796-3661/59",
          "number": "HR-338796-3661/59"
        },
        {
          "id": "HR-338796-3661/41",
          "number": "HR-338796-3661/41"
        },
        {
          "id": "HR-338796-3661/129",
          "number": "HR-338796-3661/129"
        },
        {
          "id": "HR-338796-3661/37",
          "number": "HR-338796-3661/37"
        },
        {
          "id": "HR-338796-3661/103",
          "number": "HR-338796-3661/103"
        },
        {
          "id": "HR-338796-3661/35",
          "number": "HR-338796-3661/35"
        },
        {
          "id": "HR-338796-3661/49",
          "number": "HR-338796-3661/49"
        },
        {
          "id": "HR-338796-3661/110",
          "number": "HR-338796-3661/110"
        },
        {
          "id": "HR-338796-3661/53",
          "number": "HR-338796-3661/53"
        },
        {
          "id": "HR-338796-3661/55",
          "number": "HR-338796-3661/55"
        },
        {
          "id": "HR-338796-3661/108",
          "number": "HR-338796-3661/108"
        },
        {
          "id": "HR-338796-3661/119",
          "number": "HR-338796-3661/119"
        },
        {
          "id": "HR-338796-3661/114",
          "number": "HR-338796-3661/114"
        },
        {
          "id": "HR-338796-3661/125",
          "number": "HR-338796-3661/125"
        },
        {
          "id": "HR-338796-3661/39",
          "number": "HR-338796-3661/39"
        },
        {
          "id": "HR-338796-3661/121",
          "number": "HR-338796-3661/121"
        },
        {
          "id": "HR-338796-3661/117",
          "number": "HR-338796-3661/117"
        },
        {
          "id": "HR-338796-3661/105",
          "number": "HR-338796-3661/105"
        },
        {
          "id": "HR-338796-3661/123",
          "number": "HR-338796-3661/123"
        },
        {
          "id": "HR-338796-3661/112",
          "number": "HR-338796-3661/112"
        },
        {
          "id": "HR-338796-3661/47",
          "number": "HR-338796-3661/47"
        },
        {
          "id": "HR-338796-3661/127",
          "number": "HR-338796-3661/127"
        },
        {
          "id": "HR-338796-3661/61",
          "number": "HR-338796-3661/61"
        },
        {
          "id": "HR-338796-3661/33",
          "number": "HR-338796-3661/33"
        },
        {
          "id": "HR-338796-3661/43",
          "number": "HR-338796-3661/43"
        },
        {
          "id": "HR-338796-3661/29",
          "number": "HR-338796-3661/29"
        },
        {
          "id": "HR-338796-3661/57",
          "number": "HR-338796-3661/57"
        },
        {
          "id": "HR-338796-3661/51",
          "number": "HR-338796-3661/51"
        },
        {
          "id": "HR-338796-3661/64",
          "number": "HR-338796-3661/64"
        },
        {
          "id": "HR-338796-3661/85",
          "number": "HR-338796-3661/85"
        },
        {
          "id": "HR-338796-3661/82",
          "number": "HR-338796-3661/82"
        },
        {
          "id": "HR-338796-3661/84",
          "number": "HR-338796-3661/84"
        },
        {
          "id": "HR-338796-3661/70",
          "number": "HR-338796-3661/70"
        },
        {
          "id": "HR-338796-3661/79",
          "number": "HR-338796-3661/79"
        },
        {
          "id": "HR-338796-3661/94",
          "number": "HR-338796-3661/94"
        },
        {
          "id": "HR-338796-3661/95",
          "number": "HR-338796-3661/95"
        },
        {
          "id": "HR-338796-3661/136",
          "number": "HR-338796-3661/136"
        },
        {
          "id": "HR-338796-3661/81",
          "number": "HR-338796-3661/81"
        },
        {
          "id": "HR-338796-3661/69",
          "number": "HR-338796-3661/69"
        },
        {
          "id": "HR-338796-3661/67",
          "number": "HR-338796-3661/67"
        },
        {
          "id": "HR-338796-3661/83",
          "number": "HR-338796-3661/83"
        },
        {
          "id": "HR-338796-3661/80",
          "number": "HR-338796-3661/80"
        },
        {
          "id": "HR-338796-3661/68",
          "number": "HR-338796-3661/68"
        }
      ],
      "createdFrom": "reconstructed-neighbourhood-plan",
      "typologyType": "single",
      "blockName": "Novi Jelkovec – rekonstrukcija naselja",
      "parameters": {
        "typology": "single",
        "floorHeightM": 3,
        "geometryBasis": "observed-built-state",
        "sourceStatistics": {
          "parcelAreaM2": 395337.92548882845,
          "footprintAreaM2": 70566.41323272698,
          "siteCoveragePercent": 17.849644236755893,
          "heightEquivalentAboveGroundGbpM2": 430706.57669256954,
          "heightEquivalentKin": 1.0894643516935756,
          "buildingCount": 64,
          "observedBuildingCount": 64,
          "planDerivedBuildingCount": 0,
          "method": "zbroj površine tlocrta × procijenjeni broj etaža; dijagnostička vrijednost, nije službeni GBP"
        }
      },
      "ancestorKey": "HR-338796-3661/103|HR-338796-3661/105|HR-338796-3661/108|HR-338796-3661/110|HR-338796-3661/112|HR-338796-3661/114|HR-338796-3661/117|HR-338796-3661/119|HR-338796-3661/121|HR-338796-3661/123|HR-338796-3661/125|HR-338796-3661/127|HR-338796-3661/129|HR-338796-3661/136|HR-338796-3661/29|HR-338796-3661/31|HR-338796-3661/33|HR-338796-3661/35|HR-338796-3661/37|HR-338796-3661/39|HR-338796-3661/41|HR-338796-3661/43|HR-338796-3661/47|HR-338796-3661/49|HR-338796-3661/51|HR-338796-3661/53|HR-338796-3661/55|HR-338796-3661/57|HR-338796-3661/59|HR-338796-3661/61|HR-338796-3661/63|HR-338796-3661/64|HR-338796-3661/66|HR-338796-3661/67|HR-338796-3661/68|HR-338796-3661/69|HR-338796-3661/70|HR-338796-3661/79|HR-338796-3661/80|HR-338796-3661/81|HR-338796-3661/82|HR-338796-3661/83|HR-338796-3661/84|HR-338796-3661/85|HR-338796-3661/9|HR-338796-3661/94|HR-338796-3661/95|HR-338796-3661/98",
      "takeWholeParcels": false,
      "metadata": {
        "sourceStatistics": {
          "parcelAreaM2": 395337.92548882845,
          "footprintAreaM2": 70566.41323272698,
          "siteCoveragePercent": 17.849644236755893,
          "heightEquivalentAboveGroundGbpM2": 430706.57669256954,
          "heightEquivalentKin": 1.0894643516935756,
          "buildingCount": 64,
          "observedBuildingCount": 64,
          "planDerivedBuildingCount": 0,
          "method": "zbroj površine tlocrta × procijenjeni broj etaža; dijagnostička vrijednost, nije službeni GBP"
        }
      }
    }
  },
  "features": [
    {
      "type": "Feature",
      "properties": {
        "id": "plan-site:novi-jelkovec",
        "name": "DPU stambenog naselja na lokaciji Sopnica - Jelkovec",
        "source": "Grad Zagreb – planirana namjena površina",
        "areaM2": 395338.6653480422,
        "featureCount": 133,
        "consensus:role": "site"
      },
      "geometry": {
        "type": "Polygon",
        "coordinates": [
          [
            [
              16.101324711,
              45.809677933
            ],
            [
              16.101310359,
              45.809662665
            ],
            [
              16.101297945,
              45.809646588
            ],
            [
              16.101287563,
              45.809629822
            ],
            [
              16.101279289,
              45.809612491
            ],
            [
              16.101273186,
              45.809594725
            ],
            [
              16.101269565,
              45.8095779
            ],
            [
              16.100965888,
              45.809580831
            ],
            [
              16.101184376,
              45.811015374
            ],
            [
              16.101370947,
              45.812240298
            ],
            [
              16.101432987,
              45.812670448
            ],
            [
              16.101442371,
              45.812728628
            ],
            [
              16.101442778,
              45.812731343
            ],
            [
              16.101442241,
              45.812732601
            ],
            [
              16.10144099,
              45.812734806
            ],
            [
              16.101439469,
              45.812736927
            ],
            [
              16.101437685,
              45.812738945
            ],
            [
              16.101435654,
              45.812740847
            ],
            [
              16.101433393,
              45.812742616
            ],
            [
              16.101430919,
              45.81274424
            ],
            [
              16.10142825,
              45.812745705
            ],
            [
              16.101425407,
              45.812747001
            ],
            [
              16.101422413,
              45.812748117
            ],
            [
              16.10141929,
              45.812749044
            ],
            [
              16.101416061,
              45.812749777
            ],
            [
              16.101412755,
              45.812750308
            ],
            [
              16.101409394,
              45.812750635
            ],
            [
              16.101406005,
              45.812750754
            ],
            [
              16.101405304,
              45.812750779
            ],
            [
              16.101322386,
              45.812753756
            ],
            [
              16.101323075,
              45.812788656
            ],
            [
              16.101327663,
              45.813020996
            ],
            [
              16.101440602,
              45.813020531
            ],
            [
              16.101454857,
              45.813020473
            ],
            [
              16.101458191,
              45.81302056
            ],
            [
              16.101461504,
              45.813020849
            ],
            [
              16.101464768,
              45.813021336
            ],
            [
              16.101467959,
              45.813022019
            ],
            [
              16.101471054,
              45.813022892
            ],
            [
              16.10147403,
              45.81302395
            ],
            [
              16.101476864,
              45.813025183
            ],
            [
              16.101479535,
              45.813026582
            ],
            [
              16.101482023,
              45.813028138
            ],
            [
              16.10148431,
              45.813029837
            ],
            [
              16.101486378,
              45.813031669
            ],
            [
              16.101488212,
              45.813033619
            ],
            [
              16.101489799,
              45.813035673
            ],
            [
              16.101491125,
              45.813037814
            ],
            [
              16.101492182,
              45.813040028
            ],
            [
              16.101492962,
              45.813042298
            ],
            [
              16.101493458,
              45.813044606
            ],
            [
              16.101498886,
              45.813080227
            ],
            [
              16.101516717,
              45.813197253
            ],
            [
              16.10153169,
              45.813197108
            ],
            [
              16.101557262,
              45.813196861
            ],
            [
              16.101904321,
              45.813193509
            ],
            [
              16.101895381,
              45.81313486
            ],
            [
              16.10191106,
              45.813135383
            ],
            [
              16.101915364,
              45.813135924
            ],
            [
              16.10191479,
              45.813126549
            ],
            [
              16.101915382,
              45.813117177
            ],
            [
              16.101917135,
              45.813107874
            ],
            [
              16.101920036,
              45.813098714
            ],
            [
              16.101924064,
              45.813089763
            ],
            [
              16.101929188,
              45.813081092
            ],
            [
              16.101935369,
              45.813072764
            ],
            [
              16.101942561,
              45.813064843
            ],
            [
              16.101950709,
              45.813057389
            ],
            [
              16.101959752,
              45.813050457
            ],
            [
              16.10196962,
              45.8130441
            ],
            [
              16.101980242,
              45.813038366
            ],
            [
              16.101991534,
              45.813033299
            ],
            [
              16.102003413,
              45.813028936
            ],
            [
              16.102015789,
              45.813025312
            ],
            [
              16.102028569,
              45.813022452
            ],
            [
              16.102041654,
              45.813020379
            ],
            [
              16.102054948,
              45.813019108
            ],
            [
              16.102055668,
              45.813019084
            ],
            [
              16.10206835,
              45.813018649
            ],
            [
              16.102219105,
              45.813018071
            ],
            [
              16.102281128,
              45.813017837
            ],
            [
              16.102555219,
              45.813016593
            ],
            [
              16.102668501,
              45.81301608
            ],
            [
              16.103179041,
              45.813013761
            ],
            [
              16.104037746,
              45.813010568
            ],
            [
              16.104133974,
              45.81301021
            ],
            [
              16.104133939,
              45.813009504
            ],
            [
              16.106849698,
              45.812998349
            ],
            [
              16.106853397,
              45.813000865
            ],
            [
              16.106884934,
              45.813000747
            ],
            [
              16.107031754,
              45.813000172
            ],
            [
              16.107094163,
              45.812999937
            ],
            [
              16.107152509,
              45.81299972
            ],
            [
              16.107314533,
              45.812999118
            ],
            [
              16.108050361,
              45.812996382
            ],
            [
              16.108366906,
              45.812995218
            ],
            [
              16.108838509,
              45.812993144
            ],
            [
              16.109526421,
              45.812989919
            ],
            [
              16.110127089,
              45.812987021
            ],
            [
              16.110425959,
              45.812985616
            ],
            [
              16.110579005,
              45.812984896
            ],
            [
              16.110859266,
              45.812983578
            ],
            [
              16.110880455,
              45.812983477
            ],
            [
              16.110903403,
              45.812983368
            ],
            [
              16.111095175,
              45.812982506
            ],
            [
              16.111387231,
              45.812981056
            ],
            [
              16.111561847,
              45.8129803
            ],
            [
              16.112007072,
              45.812978124
            ],
            [
              16.112210511,
              45.812977195
            ],
            [
              16.112373032,
              45.812976396
            ],
            [
              16.112759194,
              45.812974556
            ],
            [
              16.113332582,
              45.812971819
            ],
            [
              16.113600876,
              45.812970477
            ],
            [
              16.113815905,
              45.812969441
            ],
            [
              16.113853213,
              45.812969261
            ],
            [
              16.114054593,
              45.812968322
            ],
            [
              16.114246323,
              45.812967439
            ],
            [
              16.114292904,
              45.812967237
            ],
            [
              16.114320699,
              45.812967061
            ],
            [
              16.114335429,
              45.812966993
            ],
            [
              16.114451448,
              45.812966453
            ],
            [
              16.114679581,
              45.812965392
            ],
            [
              16.114786512,
              45.812964853
            ],
            [
              16.114803835,
              45.812964775
            ],
            [
              16.114810183,
              45.81296466
            ],
            [
              16.114813186,
              45.812964734
            ],
            [
              16.114878517,
              45.812964443
            ],
            [
              16.11496769,
              45.812964024
            ],
            [
              16.115027433,
              45.812963723
            ],
            [
              16.115071926,
              45.8129635
            ],
            [
              16.115047964,
              45.812693732
            ],
            [
              16.115047593,
              45.81268043
            ],
            [
              16.115046948,
              45.812657216
            ],
            [
              16.115038561,
              45.812237709
            ],
            [
              16.115033371,
              45.811978079
            ],
            [
              16.115020709,
              45.811344694
            ],
            [
              16.115027233,
              45.811208318
            ],
            [
              16.11505219,
              45.811072986
            ],
            [
              16.115095359,
              45.810939915
            ],
            [
              16.115156351,
              45.810810299
            ],
            [
              16.115234616,
              45.810685305
            ],
            [
              16.115289273,
              45.810613375
            ],
            [
              16.115349659,
              45.810543723
            ],
            [
              16.115415581,
              45.81047657
            ],
            [
              16.115487262,
              45.810412296
            ],
            [
              16.115563667,
              45.81035074
            ],
            [
              16.115644583,
              45.810292071
            ],
            [
              16.11568713,
              45.810265332
            ],
            [
              16.115836545,
              45.810171432
            ],
            [
              16.115863788,
              45.810154311
            ],
            [
              16.115853487,
              45.810153047
            ],
            [
              16.115837999,
              45.810150094
            ],
            [
              16.115822967,
              45.810146152
            ],
            [
              16.11580852,
              45.810141257
            ],
            [
              16.115794781,
              45.810135451
            ],
            [
              16.115781868,
              45.810128781
            ],
            [
              16.115777953,
              45.81012656
            ],
            [
              16.115732167,
              45.810100845
            ],
            [
              16.115731002,
              45.810099882
            ],
            [
              16.115596744,
              45.809989117
            ],
            [
              16.11559558,
              45.809988156
            ],
            [
              16.115488068,
              45.809927067
            ],
            [
              16.115455744,
              45.809909103
            ],
            [
              16.115422872,
              45.809891635
            ],
            [
              16.115389465,
              45.809874669
            ],
            [
              16.115387653,
              45.809874115
            ],
            [
              16.115093026,
              45.809783886
            ],
            [
              16.115034529,
              45.809765146
            ],
            [
              16.114896751,
              45.809727675
            ],
            [
              16.114888383,
              45.809725595
            ],
            [
              16.11482684,
              45.809712817
            ],
            [
              16.114814962,
              45.809710351
            ],
            [
              16.114785366,
              45.809704207
            ],
            [
              16.11474769,
              45.809697807
            ],
            [
              16.114678134,
              45.809685994
            ],
            [
              16.114651009,
              45.809682025
            ],
            [
              16.114618444,
              45.809677259
            ],
            [
              16.1144924,
              45.809664828
            ],
            [
              16.114449844,
              45.80966112
            ],
            [
              16.114279867,
              45.809656131
            ],
            [
              16.114251066,
              45.809656176
            ],
            [
              16.11200105,
              45.809686754
            ],
            [
              16.111117006,
              45.809698756
            ],
            [
              16.11075684,
              45.809703644
            ],
            [
              16.110339885,
              45.809709301
            ],
            [
              16.109207513,
              45.809724658
            ],
            [
              16.108941056,
              45.809696774
            ],
            [
              16.108683794,
              45.809700261
            ],
            [
              16.108293876,
              45.80973704
            ],
            [
              16.108293779,
              45.809737045
            ],
            [
              16.107865167,
              45.809742268
            ],
            [
              16.107580171,
              45.809744672
            ],
            [
              16.106600123,
              45.809748579
            ],
            [
              16.106215011,
              45.809749898
            ],
            [
              16.106157682,
              45.809750094
            ],
            [
              16.105211937,
              45.809753324
            ],
            [
              16.104926136,
              45.809754301
            ],
            [
              16.104693948,
              45.809755092
            ],
            [
              16.104558239,
              45.809755556
            ],
            [
              16.104435009,
              45.809755976
            ],
            [
              16.104412242,
              45.809756054
            ],
            [
              16.104058974,
              45.809757256
            ],
            [
              16.103947309,
              45.809757636
            ],
            [
              16.103783355,
              45.809758193
            ],
            [
              16.103743278,
              45.809758329
            ],
            [
              16.103396512,
              45.809759508
            ],
            [
              16.10274251,
              45.809761729
            ],
            [
              16.102476659,
              45.80973114
            ],
            [
              16.102219352,
              45.809732012
            ],
            [
              16.10182871,
              45.809764825
            ],
            [
              16.101579901,
              45.809765666
            ],
            [
              16.1015714,
              45.809765695
            ],
            [
              16.101545292,
              45.809764994
            ],
            [
              16.101519368,
              45.809762719
            ],
            [
              16.101493823,
              45.809758888
            ],
            [
              16.101468846,
              45.809753528
            ],
            [
              16.101444623,
              45.80974668
            ],
            [
              16.101421336,
              45.809738396
            ],
            [
              16.101399159,
              45.809728736
            ],
            [
              16.101378258,
              45.809717774
            ],
            [
              16.101374525,
              45.809715438
            ],
            [
              16.101367681,
              45.809711156
            ],
            [
              16.101358787,
              45.80970559
            ],
            [
              16.101340894,
              45.809692277
            ],
            [
              16.101324711,
              45.809677933
            ]
          ]
        ]
      }
    },
    {
      "type": "Feature",
      "properties": {
        "name": "kuća 2216",
        "block": "Novi Jelkovec – rekonstrukcija naselja",
        "type": "proposedBuildingSingle",
        "footprintMode": "polygon",
        "height": 25.8259,
        "heightM": 25.8259,
        "floors": 9,
        "storeys": 9,
        "floorCountBasis": "procjena iz GDI izmjerene visine / 3 m; nije podatak iz dozvole",
        "color": "#2f6fed",
        "reconstructionState": "observed-built-state",
        "source": "DGU pravni tlocrt + podudarna GDI izmjerena visina",
        "dguBuildingId": 11905114,
        "dguBuildingNumber": "2216",
        "dguBuildingType": "KUĆA",
        "dguFootprintAreaM2": 1082.4289499943766,
        "gdiObjectId": 251127,
        "gdiSurveyYear": 2008,
        "gdiHeightM": 25.8259,
        "gdiMatchOverlapRatio": 0.9933171535906935,
        "observedUseClass": "Stambena i mješovita",
        "observedUseGroup": "Stambene i mješovite površine",
        "consensus:role": "building",
        "consensus:index": 0
      },
      "geometry": {
        "type": "MultiPolygon",
        "coordinates": [
          [
            [
              [
                16.102067365,
                45.810565693
              ],
              [
                16.102056551,
                45.810566555
              ],
              [
                16.102058522,
                45.810578889
              ],
              [
                16.101804525,
                45.8105978
              ],
              [
                16.101799722,
                45.81056755
              ],
              [
                16.101788265,
                45.81056841
              ],
              [
                16.101723902,
                45.810139163
              ],
              [
                16.101733939,
                45.810139018
              ],
              [
                16.101991678,
                45.810136407
              ],
              [
                16.102002229,
                45.810136354
              ],
              [
                16.102067365,
                45.810565693
              ]
            ]
          ]
        ]
      }
    },
    {
      "type": "Feature",
      "properties": {
        "name": "zgrada mješovite uporabe 3578",
        "block": "Novi Jelkovec – rekonstrukcija naselja",
        "type": "proposedBuildingSingle",
        "footprintMode": "polygon",
        "height": 25.8259,
        "heightM": 25.8259,
        "floors": 9,
        "storeys": 9,
        "floorCountBasis": "procjena iz GDI izmjerene visine / 3 m; nije podatak iz dozvole",
        "color": "#6f42c1",
        "reconstructionState": "observed-built-state",
        "source": "DGU pravni tlocrt + podudarna GDI izmjerena visina",
        "dguBuildingId": 11904840,
        "dguBuildingNumber": "3578",
        "dguBuildingType": "ZGRADA MJEŠOVITE UPORABE",
        "dguFootprintAreaM2": 1819.4184999887316,
        "gdiObjectId": 251127,
        "gdiSurveyYear": 2008,
        "gdiHeightM": 25.8259,
        "gdiMatchOverlapRatio": 0.5832465924452389,
        "observedUseClass": "Stambena i mješovita",
        "observedUseGroup": "Stambene i mješovite površine",
        "consensus:role": "building",
        "consensus:index": 1
      },
      "geometry": {
        "type": "MultiPolygon",
        "coordinates": [
          [
            [
              [
                16.102124823,
                45.811025418
              ],
              [
                16.102136021,
                45.811024827
              ],
              [
                16.102251988,
                45.811778989
              ],
              [
                16.102239887,
                45.811779847
              ],
              [
                16.10198511,
                45.811799115
              ],
              [
                16.101975455,
                45.811799801
              ],
              [
                16.101860525,
                45.811045103
              ],
              [
                16.101871597,
                45.811044242
              ],
              [
                16.102124823,
                45.811025418
              ]
            ]
          ]
        ]
      }
    },
    {
      "type": "Feature",
      "properties": {
        "name": "kuća 2749",
        "block": "Novi Jelkovec – rekonstrukcija naselja",
        "type": "proposedBuildingSingle",
        "footprintMode": "polygon",
        "height": 25.8259,
        "heightM": 25.8259,
        "floors": 9,
        "storeys": 9,
        "floorCountBasis": "procjena iz GDI izmjerene visine / 3 m; nije podatak iz dozvole",
        "color": "#d63384",
        "reconstructionState": "observed-built-state",
        "source": "DGU pravni tlocrt + podudarna GDI izmjerena visina",
        "dguBuildingId": 11906536,
        "dguBuildingNumber": "2749",
        "dguBuildingType": "KUĆA",
        "dguFootprintAreaM2": 1567.4640499988802,
        "gdiObjectId": 251127,
        "gdiSurveyYear": 2008,
        "gdiHeightM": 25.8259,
        "gdiMatchOverlapRatio": 0.6698985647931018,
        "observedUseClass": "Stambena i mješovita",
        "observedUseGroup": "Stambene i mješovite površine",
        "consensus:role": "building",
        "consensus:index": 2
      },
      "geometry": {
        "type": "MultiPolygon",
        "coordinates": [
          [
            [
              [
                16.102135651,
                45.811022577
              ],
              [
                16.102136021,
                45.811024827
              ],
              [
                16.102124823,
                45.811025418
              ],
              [
                16.101871597,
                45.811044242
              ],
              [
                16.101860525,
                45.811045103
              ],
              [
                16.101818126,
                45.810765569
              ],
              [
                16.101829583,
                45.810764799
              ],
              [
                16.101825158,
                45.81073581
              ],
              [
                16.101807098,
                45.810615804
              ],
              [
                16.101804525,
                45.8105978
              ],
              [
                16.102058522,
                45.810578889
              ],
              [
                16.102063299,
                45.810612738
              ],
              [
                16.102225818,
                45.810611144
              ],
              [
                16.102576591,
                45.810607776
              ],
              [
                16.102578697,
                45.810727726
              ],
              [
                16.102244136,
                45.810730971
              ],
              [
                16.102081488,
                45.810732564
              ],
              [
                16.102083451,
                45.810745978
              ],
              [
                16.102094523,
                45.810745117
              ],
              [
                16.102135651,
                45.811022577
              ]
            ]
          ]
        ]
      }
    },
    {
      "type": "Feature",
      "properties": {
        "name": "zgrada mješovite uporabe 3610",
        "block": "Novi Jelkovec – rekonstrukcija naselja",
        "type": "proposedBuildingSingle",
        "footprintMode": "polygon",
        "height": 24.586,
        "heightM": 24.586,
        "floors": 8,
        "storeys": 8,
        "floorCountBasis": "procjena iz GDI izmjerene visine / 3 m; nije podatak iz dozvole",
        "color": "#198754",
        "reconstructionState": "observed-built-state",
        "source": "DGU pravni tlocrt + podudarna GDI izmjerena visina",
        "dguBuildingId": 11903929,
        "dguBuildingNumber": "3610",
        "dguBuildingType": "ZGRADA MJEŠOVITE UPORABE",
        "dguFootprintAreaM2": 792.5035500051448,
        "gdiObjectId": 251126,
        "gdiSurveyYear": 2008,
        "gdiHeightM": 24.586,
        "gdiMatchOverlapRatio": 0.7317530086040978,
        "observedUseClass": "Stambena i mješovita",
        "observedUseGroup": "Stambene i mješovite površine",
        "consensus:role": "building",
        "consensus:index": 3
      },
      "geometry": {
        "type": "MultiPolygon",
        "coordinates": [
          [
            [
              [
                16.101733939,
                45.810139018
              ],
              [
                16.101723902,
                45.810139163
              ],
              [
                16.101706841,
                45.81002357
              ],
              [
                16.101705601,
                45.810016997
              ],
              [
                16.102468001,
                45.810010114
              ],
              [
                16.102468475,
                45.810015785
              ],
              [
                16.10247036,
                45.810130605
              ],
              [
                16.102002229,
                45.810136354
              ],
              [
                16.101991678,
                45.810136407
              ],
              [
                16.101733939,
                45.810139018
              ]
            ]
          ]
        ]
      }
    },
    {
      "type": "Feature",
      "properties": {
        "name": "kuća 2303",
        "block": "Novi Jelkovec – rekonstrukcija naselja",
        "type": "proposedBuildingSingle",
        "footprintMode": "polygon",
        "height": 25.9293,
        "heightM": 25.9293,
        "floors": 9,
        "storeys": 9,
        "floorCountBasis": "procjena iz GDI izmjerene visine / 3 m; nije podatak iz dozvole",
        "color": "#fd7e14",
        "reconstructionState": "observed-built-state",
        "source": "DGU pravni tlocrt + podudarna GDI izmjerena visina",
        "dguBuildingId": 11907016,
        "dguBuildingNumber": "2303",
        "dguBuildingType": "KUĆA",
        "dguFootprintAreaM2": 1416.9551000019494,
        "gdiObjectId": 251081,
        "gdiSurveyYear": 2008,
        "gdiHeightM": 25.9293,
        "gdiMatchOverlapRatio": 0.7524517897084692,
        "observedUseClass": "Stambena i mješovita",
        "observedUseGroup": "Stambene i mješovite površine",
        "consensus:role": "building",
        "consensus:index": 4
      },
      "geometry": {
        "type": "MultiPolygon",
        "coordinates": [
          [
            [
              [
                16.101975455,
                45.811799801
              ],
              [
                16.10198511,
                45.811799115
              ],
              [
                16.102239887,
                45.811779847
              ],
              [
                16.102251988,
                45.811778989
              ],
              [
                16.102273502,
                45.811919882
              ],
              [
                16.102341352,
                45.812366326
              ],
              [
                16.102328735,
                45.812367272
              ],
              [
                16.102286508,
                45.812370364
              ],
              [
                16.102076022,
                45.812385468
              ],
              [
                16.102065593,
                45.812386331
              ],
              [
                16.101996711,
                45.811940693
              ],
              [
                16.101975455,
                45.811799801
              ]
            ]
          ]
        ]
      }
    },
    {
      "type": "Feature",
      "properties": {
        "name": "zgrada mješovite uporabe 3636",
        "block": "Novi Jelkovec – rekonstrukcija naselja",
        "type": "proposedBuildingSingle",
        "footprintMode": "polygon",
        "height": 22.30394156,
        "heightM": 22.30394156,
        "floors": 7,
        "storeys": 7,
        "floorCountBasis": "procjena iz GDI izmjerene visine / 3 m; nije podatak iz dozvole",
        "color": "#0dcaf0",
        "reconstructionState": "observed-built-state",
        "source": "DGU pravni tlocrt + podudarna GDI izmjerena visina",
        "dguBuildingId": 11904726,
        "dguBuildingNumber": "3636",
        "dguBuildingType": "ZGRADA MJEŠOVITE UPORABE",
        "dguFootprintAreaM2": 1049.7721500013856,
        "gdiObjectId": 288171,
        "gdiSurveyYear": 2022,
        "gdiHeightM": 22.30394156,
        "gdiMatchOverlapRatio": 0.9929115142968521,
        "observedUseClass": "Stambena i mješovita",
        "observedUseGroup": "Stambene i mješovite površine",
        "consensus:role": "building",
        "consensus:index": 5
      },
      "geometry": {
        "type": "MultiPolygon",
        "coordinates": [
          [
            [
              [
                16.102734084,
                45.812724731
              ],
              [
                16.10217753,
                45.812730803
              ],
              [
                16.101961599,
                45.81273338
              ],
              [
                16.101957352,
                45.812733455
              ],
              [
                16.101953578,
                45.812576878
              ],
              [
                16.102175548,
                45.812575491
              ],
              [
                16.102449893,
                45.812573387
              ],
              [
                16.102449702,
                45.812564118
              ],
              [
                16.102560369,
                45.812562794
              ],
              [
                16.10256056,
                45.812572242
              ],
              [
                16.102731835,
                45.812570588
              ],
              [
                16.102734084,
                45.812724731
              ]
            ]
          ]
        ]
      }
    },
    {
      "type": "Feature",
      "properties": {
        "name": "zgrada mješovite uporabe 3580",
        "block": "Novi Jelkovec – rekonstrukcija naselja",
        "type": "proposedBuildingSingle",
        "footprintMode": "polygon",
        "height": 22.2574,
        "heightM": 22.2574,
        "floors": 7,
        "storeys": 7,
        "floorCountBasis": "procjena iz GDI izmjerene visine / 3 m; nije podatak iz dozvole",
        "color": "#ffc107",
        "reconstructionState": "observed-built-state",
        "source": "DGU pravni tlocrt + podudarna GDI izmjerena visina",
        "dguBuildingId": 11904842,
        "dguBuildingNumber": "3580",
        "dguBuildingType": "ZGRADA MJEŠOVITE UPORABE",
        "dguFootprintAreaM2": 1527.9486500050307,
        "gdiObjectId": 268853,
        "gdiSurveyYear": 2022,
        "gdiHeightM": 22.2574,
        "gdiMatchOverlapRatio": 0.5521677165929256,
        "observedUseClass": "Stambena i mješovita",
        "observedUseGroup": "Stambene i mješovite površine",
        "consensus:role": "building",
        "consensus:index": 6
      },
      "geometry": {
        "type": "MultiPolygon",
        "coordinates": [
          [
            [
              [
                16.102946083,
                45.812659963
              ],
              [
                16.102917517,
                45.812660043
              ],
              [
                16.102917425,
                45.812654824
              ],
              [
                16.102865567,
                45.812655274
              ],
              [
                16.102865659,
                45.812660403
              ],
              [
                16.102837607,
                45.812660576
              ],
              [
                16.102837514,
                45.812655536
              ],
              [
                16.102810749,
                45.812655803
              ],
              [
                16.102773817,
                45.812656125
              ],
              [
                16.102771289,
                45.812559208
              ],
              [
                16.102251159,
                45.812564237
              ],
              [
                16.102250753,
                45.812548939
              ],
              [
                16.10210136,
                45.812549499
              ],
              [
                16.102090809,
                45.812549552
              ],
              [
                16.102065593,
                45.812386331
              ],
              [
                16.102076022,
                45.812385468
              ],
              [
                16.102286508,
                45.812370364
              ],
              [
                16.102286617,
                45.812373244
              ],
              [
                16.102288497,
                45.812434437
              ],
              [
                16.102307928,
                45.812434234
              ],
              [
                16.102768742,
                45.812428909
              ],
              [
                16.103091465,
                45.812427061
              ],
              [
                16.103091551,
                45.812433
              ],
              [
                16.103093745,
                45.812540803
              ],
              [
                16.10313029,
                45.81254048
              ],
              [
                16.103131989,
                45.812627406
              ],
              [
                16.103132373,
                45.812645763
              ],
              [
                16.103132196,
                45.812652601
              ],
              [
                16.103104915,
                45.812652866
              ],
              [
                16.103104878,
                45.812658175
              ],
              [
                16.103076825,
                45.812658437
              ],
              [
                16.103076734,
                45.812653128
              ],
              [
                16.103025261,
                45.812653669
              ],
              [
                16.103025225,
                45.812658798
              ],
              [
                16.102997429,
                45.812659151
              ],
              [
                16.102997337,
                45.812654022
              ],
              [
                16.102945736,
                45.812654473
              ],
              [
                16.102946083,
                45.812659963
              ]
            ]
          ]
        ]
      }
    },
    {
      "type": "Feature",
      "properties": {
        "name": "zgrada mješovite uporabe 3579",
        "block": "Novi Jelkovec – rekonstrukcija naselja",
        "type": "proposedBuildingSingle",
        "footprintMode": "polygon",
        "height": 24.9518,
        "heightM": 24.9518,
        "floors": 8,
        "storeys": 8,
        "floorCountBasis": "procjena iz GDI izmjerene visine / 3 m; nije podatak iz dozvole",
        "color": "#20c997",
        "reconstructionState": "observed-built-state",
        "source": "DGU pravni tlocrt + podudarna GDI izmjerena visina",
        "dguBuildingId": 11904841,
        "dguBuildingNumber": "3579",
        "dguBuildingType": "ZGRADA MJEŠOVITE UPORABE",
        "dguFootprintAreaM2": 838.9588000120493,
        "gdiObjectId": 251129,
        "gdiSurveyYear": 2008,
        "gdiHeightM": 24.9518,
        "gdiMatchOverlapRatio": 0.9928948565907512,
        "observedUseClass": "Stambena i mješovita",
        "observedUseGroup": "Stambene i mješovite površine",
        "consensus:role": "building",
        "consensus:index": 7
      },
      "geometry": {
        "type": "MultiPolygon",
        "coordinates": [
          [
            [
              [
                16.102468001,
                45.810010114
              ],
              [
                16.103269136,
                45.810002191
              ],
              [
                16.103273287,
                45.810124308
              ],
              [
                16.103262224,
                45.810123999
              ],
              [
                16.103007577,
                45.810126084
              ],
              [
                16.102995867,
                45.810126224
              ],
              [
                16.10247036,
                45.810130605
              ],
              [
                16.102468475,
                45.810015785
              ],
              [
                16.102468001,
                45.810010114
              ]
            ]
          ]
        ]
      }
    },
    {
      "type": "Feature",
      "properties": {
        "name": "zgrada mješovite uporabe 3581",
        "block": "Novi Jelkovec – rekonstrukcija naselja",
        "type": "proposedBuildingSingle",
        "footprintMode": "polygon",
        "height": 26.051,
        "heightM": 26.051,
        "floors": 9,
        "storeys": 9,
        "floorCountBasis": "procjena iz GDI izmjerene visine / 3 m; nije podatak iz dozvole",
        "color": "#2f6fed",
        "reconstructionState": "observed-built-state",
        "source": "DGU pravni tlocrt + podudarna GDI izmjerena visina",
        "dguBuildingId": 11904843,
        "dguBuildingNumber": "3581",
        "dguBuildingType": "ZGRADA MJEŠOVITE UPORABE",
        "dguFootprintAreaM2": 981.6478500083588,
        "gdiObjectId": 251135,
        "gdiSurveyYear": 2008,
        "gdiHeightM": 26.051,
        "gdiMatchOverlapRatio": 0.982703420548473,
        "observedUseClass": "Stambena i mješovita",
        "observedUseGroup": "Stambene i mješovite površine",
        "consensus:role": "building",
        "consensus:index": 8
      },
      "geometry": {
        "type": "MultiPolygon",
        "coordinates": [
          [
            [
              [
                16.102642356,
                45.811908298
              ],
              [
                16.102640721,
                45.811812554
              ],
              [
                16.103293771,
                45.811806186
              ],
              [
                16.103304194,
                45.811806042
              ],
              [
                16.103308957,
                45.81205953
              ],
              [
                16.103299177,
                45.812059587
              ],
              [
                16.103043751,
                45.812061489
              ],
              [
                16.103033199,
                45.812061632
              ],
              [
                16.103030203,
                45.811921884
              ],
              [
                16.102779535,
                45.811924162
              ],
              [
                16.10264275,
                45.811925306
              ],
              [
                16.102642356,
                45.811908298
              ]
            ]
          ]
        ]
      }
    },
    {
      "type": "Feature",
      "properties": {
        "name": "zgrada mješovite uporabe 3609",
        "block": "Novi Jelkovec – rekonstrukcija naselja",
        "type": "proposedBuildingSingle",
        "footprintMode": "polygon",
        "height": 26.6935,
        "heightM": 26.6935,
        "floors": 9,
        "storeys": 9,
        "floorCountBasis": "procjena iz GDI izmjerene visine / 3 m; nije podatak iz dozvole",
        "color": "#6f42c1",
        "reconstructionState": "observed-built-state",
        "source": "DGU pravni tlocrt + podudarna GDI izmjerena visina",
        "dguBuildingId": 11903928,
        "dguBuildingNumber": "3609",
        "dguBuildingType": "ZGRADA MJEŠOVITE UPORABE",
        "dguFootprintAreaM2": 1507.5309999945316,
        "gdiObjectId": 251128,
        "gdiSurveyYear": 2008,
        "gdiHeightM": 26.6935,
        "gdiMatchOverlapRatio": 0.6984269151786394,
        "observedUseClass": "Stambena i mješovita",
        "observedUseGroup": "Stambene i mješovite površine",
        "consensus:role": "building",
        "consensus:index": 9
      },
      "geometry": {
        "type": "MultiPolygon",
        "coordinates": [
          [
            [
              [
                16.10330117,
                45.811470858
              ],
              [
                16.103288945,
                45.811470995
              ],
              [
                16.103034163,
                45.81147308
              ],
              [
                16.103022969,
                45.811473131
              ],
              [
                16.103020674,
                45.811361458
              ],
              [
                16.102869605,
                45.811362913
              ],
              [
                16.102581237,
                45.811365689
              ],
              [
                16.102579091,
                45.811251318
              ],
              [
                16.102867459,
                45.811248541
              ],
              [
                16.103018264,
                45.811247896
              ],
              [
                16.103013676,
                45.811024371
              ],
              [
                16.103024997,
                45.81102468
              ],
              [
                16.103277725,
                45.811021599
              ],
              [
                16.103289306,
                45.811021459
              ],
              [
                16.10330117,
                45.811470858
              ]
            ]
          ]
        ]
      }
    },
    {
      "type": "Feature",
      "properties": {
        "name": "zgrada mješovite uporabe 3584",
        "block": "Novi Jelkovec – rekonstrukcija naselja",
        "type": "proposedBuildingSingle",
        "footprintMode": "polygon",
        "height": 26.6935,
        "heightM": 26.6935,
        "floors": 9,
        "storeys": 9,
        "floorCountBasis": "procjena iz GDI izmjerene visine / 3 m; nije podatak iz dozvole",
        "color": "#d63384",
        "reconstructionState": "observed-built-state",
        "source": "DGU pravni tlocrt + podudarna GDI izmjerena visina",
        "dguBuildingId": 11904846,
        "dguBuildingNumber": "3584",
        "dguBuildingType": "ZGRADA MJEŠOVITE UPORABE",
        "dguFootprintAreaM2": 1076.1072499911133,
        "gdiObjectId": 251128,
        "gdiSurveyYear": 2008,
        "gdiHeightM": 26.6935,
        "gdiMatchOverlapRatio": 0.9816765908534255,
        "observedUseClass": "Stambena i mješovita",
        "observedUseGroup": "Stambene i mješovite površine",
        "consensus:role": "building",
        "consensus:index": 10
      },
      "geometry": {
        "type": "MultiPolygon",
        "coordinates": [
          [
            [
              [
                16.103007577,
                45.810126084
              ],
              [
                16.103262224,
                45.810123999
              ],
              [
                16.103273287,
                45.810124308
              ],
              [
                16.10328181,
                45.810573065
              ],
              [
                16.103269971,
                45.810573294
              ],
              [
                16.103015965,
                45.810575471
              ],
              [
                16.103004771,
                45.810575342
              ],
              [
                16.102995867,
                45.810126224
              ],
              [
                16.103007577,
                45.810126084
              ]
            ]
          ]
        ]
      }
    },
    {
      "type": "Feature",
      "properties": {
        "name": "zgrada mješovite uporabe 3583",
        "block": "Novi Jelkovec – rekonstrukcija naselja",
        "type": "proposedBuildingSingle",
        "footprintMode": "polygon",
        "height": 26.6935,
        "heightM": 26.6935,
        "floors": 9,
        "storeys": 9,
        "floorCountBasis": "procjena iz GDI izmjerene visine / 3 m; nije podatak iz dozvole",
        "color": "#198754",
        "reconstructionState": "observed-built-state",
        "source": "DGU pravni tlocrt + podudarna GDI izmjerena visina",
        "dguBuildingId": 11904845,
        "dguBuildingNumber": "3583",
        "dguBuildingType": "ZGRADA MJEŠOVITE UPORABE",
        "dguFootprintAreaM2": 1071.3054000009229,
        "gdiObjectId": 251128,
        "gdiSurveyYear": 2008,
        "gdiHeightM": 26.6935,
        "gdiMatchOverlapRatio": 0.9810797670287322,
        "observedUseClass": "Stambena i mješovita",
        "observedUseGroup": "Stambene i mješovite površine",
        "consensus:role": "building",
        "consensus:index": 11
      },
      "geometry": {
        "type": "MultiPolygon",
        "coordinates": [
          [
            [
              [
                16.103015965,
                45.810575471
              ],
              [
                16.103269971,
                45.810573294
              ],
              [
                16.10328181,
                45.810573065
              ],
              [
                16.103289306,
                45.811021459
              ],
              [
                16.103277725,
                45.811021599
              ],
              [
                16.103024997,
                45.81102468
              ],
              [
                16.103013676,
                45.811024371
              ],
              [
                16.103004771,
                45.810575342
              ],
              [
                16.103015965,
                45.810575471
              ]
            ]
          ]
        ]
      }
    },
    {
      "type": "Feature",
      "properties": {
        "name": "zgrada mješovite uporabe 3582",
        "block": "Novi Jelkovec – rekonstrukcija naselja",
        "type": "proposedBuildingSingle",
        "footprintMode": "polygon",
        "height": 26.6935,
        "heightM": 26.6935,
        "floors": 9,
        "storeys": 9,
        "floorCountBasis": "procjena iz GDI izmjerene visine / 3 m; nije podatak iz dozvole",
        "color": "#fd7e14",
        "reconstructionState": "observed-built-state",
        "source": "DGU pravni tlocrt + podudarna GDI izmjerena visina",
        "dguBuildingId": 11904844,
        "dguBuildingNumber": "3582",
        "dguBuildingType": "ZGRADA MJEŠOVITE UPORABE",
        "dguFootprintAreaM2": 540.7315500088018,
        "gdiObjectId": 251128,
        "gdiSurveyYear": 2008,
        "gdiHeightM": 26.6935,
        "gdiMatchOverlapRatio": 0.9772148276690628,
        "observedUseClass": "Stambena i mješovita",
        "observedUseGroup": "Stambene i mješovite površine",
        "consensus:role": "building",
        "consensus:index": 12
      },
      "geometry": {
        "type": "MultiPolygon",
        "coordinates": [
          [
            [
              [
                16.103288945,
                45.811470995
              ],
              [
                16.10330117,
                45.811470858
              ],
              [
                16.103304846,
                45.811696089
              ],
              [
                16.103293265,
                45.811696229
              ],
              [
                16.103188906,
                45.811697216
              ],
              [
                16.103125724,
                45.811697807
              ],
              [
                16.103038866,
                45.811698675
              ],
              [
                16.10302767,
                45.811698816
              ],
              [
                16.103022969,
                45.811473131
              ],
              [
                16.103034163,
                45.81147308
              ],
              [
                16.103288945,
                45.811470995
              ]
            ]
          ]
        ]
      }
    },
    {
      "type": "Feature",
      "properties": {
        "name": "zgrada mješovite uporabe 3585",
        "block": "Novi Jelkovec – rekonstrukcija naselja",
        "type": "proposedBuildingSingle",
        "footprintMode": "polygon",
        "height": 25.4026,
        "heightM": 25.4026,
        "floors": 8,
        "storeys": 8,
        "floorCountBasis": "procjena iz GDI izmjerene visine / 3 m; nije podatak iz dozvole",
        "color": "#0dcaf0",
        "reconstructionState": "observed-built-state",
        "source": "DGU pravni tlocrt + podudarna GDI izmjerena visina",
        "dguBuildingId": 11904847,
        "dguBuildingNumber": "3585",
        "dguBuildingType": "ZGRADA MJEŠOVITE UPORABE",
        "dguFootprintAreaM2": 1234.0307500061165,
        "gdiObjectId": 251080,
        "gdiSurveyYear": 2008,
        "gdiHeightM": 25.4026,
        "gdiMatchOverlapRatio": 0.5925417480732791,
        "observedUseClass": "Stambena i mješovita",
        "observedUseGroup": "Stambene i mješovite površine",
        "consensus:role": "building",
        "consensus:index": 13
      },
      "geometry": {
        "type": "MultiPolygon",
        "coordinates": [
          [
            [
              [
                16.103112453,
                45.812370717
              ],
              [
                16.103050557,
                45.812371312
              ],
              [
                16.103040005,
                45.812371455
              ],
              [
                16.103033199,
                45.812061632
              ],
              [
                16.103043751,
                45.812061489
              ],
              [
                16.103299177,
                45.812059587
              ],
              [
                16.103308957,
                45.81205953
              ],
              [
                16.103321502,
                45.81264867
              ],
              [
                16.103311465,
                45.812648725
              ],
              [
                16.103311577,
                45.812651065
              ],
              [
                16.103158836,
                45.812651884
              ],
              [
                16.103158497,
                45.812627228
              ],
              [
                16.103131989,
                45.812627406
              ],
              [
                16.10313029,
                45.81254048
              ],
              [
                16.103093745,
                45.812540803
              ],
              [
                16.103091551,
                45.812433
              ],
              [
                16.103091465,
                45.812427061
              ],
              [
                16.103113598,
                45.812426868
              ],
              [
                16.103112561,
                45.812373507
              ],
              [
                16.103112453,
                45.812370717
              ]
            ]
          ]
        ]
      }
    },
    {
      "type": "Feature",
      "properties": {
        "name": "zgrada mješovite uporabe 3588",
        "block": "Novi Jelkovec – rekonstrukcija naselja",
        "type": "proposedBuildingSingle",
        "footprintMode": "polygon",
        "height": 18.75487395,
        "heightM": 18.75487395,
        "floors": 6,
        "storeys": 6,
        "floorCountBasis": "procjena iz GDI izmjerene visine / 3 m; nije podatak iz dozvole",
        "color": "#ffc107",
        "reconstructionState": "observed-built-state",
        "source": "DGU pravni tlocrt + podudarna GDI izmjerena visina",
        "dguBuildingId": 11904850,
        "dguBuildingNumber": "3588",
        "dguBuildingType": "ZGRADA MJEŠOVITE UPORABE",
        "dguFootprintAreaM2": 659.8746000097447,
        "gdiObjectId": 268998,
        "gdiSurveyYear": 2022,
        "gdiHeightM": 18.75487395,
        "gdiMatchOverlapRatio": 0.8593089229236818,
        "observedUseClass": "Stambena i mješovita",
        "observedUseGroup": "Stambene i mješovite površine",
        "consensus:role": "building",
        "consensus:index": 14
      },
      "geometry": {
        "type": "MultiPolygon",
        "coordinates": [
          [
            [
              [
                16.10446931,
                45.810824356
              ],
              [
                16.103766355,
                45.810829748
              ],
              [
                16.103764161,
                45.810721765
              ],
              [
                16.104467124,
                45.810715023
              ],
              [
                16.10446931,
                45.810824356
              ]
            ]
          ]
        ]
      }
    },
    {
      "type": "Feature",
      "properties": {
        "name": "kuća 2642",
        "block": "Novi Jelkovec – rekonstrukcija naselja",
        "type": "proposedBuildingSingle",
        "footprintMode": "polygon",
        "height": 20.52167732,
        "heightM": 20.52167732,
        "floors": 7,
        "storeys": 7,
        "floorCountBasis": "procjena iz GDI izmjerene visine / 3 m; nije podatak iz dozvole",
        "color": "#20c997",
        "reconstructionState": "observed-built-state",
        "source": "DGU pravni tlocrt + podudarna GDI izmjerena visina",
        "dguBuildingId": 11904298,
        "dguBuildingNumber": "2642",
        "dguBuildingType": "KUĆA",
        "dguFootprintAreaM2": 722.331149998926,
        "gdiObjectId": 288185,
        "gdiSurveyYear": 2022,
        "gdiHeightM": 20.52167732,
        "gdiMatchOverlapRatio": 0.9998638524357125,
        "observedUseClass": "Stambena i mješovita",
        "observedUseGroup": "Stambene i mješovite površine",
        "consensus:role": "building",
        "consensus:index": 15
      },
      "geometry": {
        "type": "MultiPolygon",
        "coordinates": [
          [
            [
              [
                16.104302769,
                45.812138649
              ],
              [
                16.104303061,
                45.812151967
              ],
              [
                16.10433536,
                45.812151629
              ],
              [
                16.104335068,
                45.812138311
              ],
              [
                16.104379077,
                45.812137834
              ],
              [
                16.104379369,
                45.812151152
              ],
              [
                16.104412439,
                45.812150906
              ],
              [
                16.104412146,
                45.812137858
              ],
              [
                16.104456285,
                45.812137201
              ],
              [
                16.104456577,
                45.812150429
              ],
              [
                16.104489005,
                45.812150092
              ],
              [
                16.104491296,
                45.812262664
              ],
              [
                16.104139998,
                45.812266036
              ],
              [
                16.103794878,
                45.812269159
              ],
              [
                16.103794484,
                45.812252062
              ],
              [
                16.10379287,
                45.812171254
              ],
              [
                16.103792586,
                45.812156857
              ],
              [
                16.103797347,
                45.812156783
              ],
              [
                16.103797056,
                45.812143375
              ],
              [
                16.103841065,
                45.812142898
              ],
              [
                16.103841356,
                45.812156396
              ],
              [
                16.103874555,
                45.812156061
              ],
              [
                16.103874264,
                45.812142653
              ],
              [
                16.103918274,
                45.812142176
              ],
              [
                16.103918564,
                45.812155674
              ],
              [
                16.103951249,
                45.812155337
              ],
              [
                16.103950957,
                45.812142019
              ],
              [
                16.103994968,
                45.812141362
              ],
              [
                16.103995258,
                45.81215486
              ],
              [
                16.104027814,
                45.812154613
              ],
              [
                16.104027521,
                45.812141385
              ],
              [
                16.104071659,
                45.812140908
              ],
              [
                16.104071951,
                45.812154136
              ],
              [
                16.104105022,
                45.812153801
              ],
              [
                16.104104729,
                45.812140663
              ],
              [
                16.104148868,
                45.812140006
              ],
              [
                16.104149031,
                45.812153413
              ],
              [
                16.104181587,
                45.812153076
              ],
              [
                16.104181424,
                45.812139759
              ],
              [
                16.104225561,
                45.812139372
              ],
              [
                16.104225724,
                45.812152689
              ],
              [
                16.104259181,
                45.812152355
              ],
              [
                16.104258891,
                45.812138857
              ],
              [
                16.104302769,
                45.812138649
              ]
            ]
          ]
        ]
      }
    },
    {
      "type": "Feature",
      "properties": {
        "name": "zgrada mješovite uporabe 3587",
        "block": "Novi Jelkovec – rekonstrukcija naselja",
        "type": "proposedBuildingSingle",
        "footprintMode": "polygon",
        "height": 19.0454,
        "heightM": 19.0454,
        "floors": 6,
        "storeys": 6,
        "floorCountBasis": "procjena iz GDI izmjerene visine / 3 m; nije podatak iz dozvole",
        "color": "#2f6fed",
        "reconstructionState": "observed-built-state",
        "source": "DGU pravni tlocrt + podudarna GDI izmjerena visina",
        "dguBuildingId": 11904849,
        "dguBuildingNumber": "3587",
        "dguBuildingType": "ZGRADA MJEŠOVITE UPORABE",
        "dguFootprintAreaM2": 686.5593499931038,
        "gdiObjectId": 268852,
        "gdiSurveyYear": 2022,
        "gdiHeightM": 19.0454,
        "gdiMatchOverlapRatio": 0.4991854697128602,
        "observedUseClass": "Stambena i mješovita",
        "observedUseGroup": "Stambene i mješovite površine",
        "consensus:role": "building",
        "consensus:index": 16
      },
      "geometry": {
        "type": "MultiPolygon",
        "coordinates": [
          [
            [
              [
                16.104499937,
                45.812514366
              ],
              [
                16.104502609,
                45.81262775
              ],
              [
                16.103802066,
                45.812634591
              ],
              [
                16.103799783,
                45.812521029
              ],
              [
                16.104499937,
                45.812514366
              ]
            ]
          ]
        ]
      }
    },
    {
      "type": "Feature",
      "properties": {
        "name": "zgrada mješovite uporabe 3611",
        "block": "Novi Jelkovec – rekonstrukcija naselja",
        "type": "proposedBuildingSingle",
        "footprintMode": "polygon",
        "height": 13.6524,
        "heightM": 13.6524,
        "floors": 5,
        "storeys": 5,
        "floorCountBasis": "procjena iz GDI izmjerene visine / 3 m; nije podatak iz dozvole",
        "color": "#6f42c1",
        "reconstructionState": "observed-built-state",
        "source": "DGU pravni tlocrt + podudarna GDI izmjerena visina",
        "dguBuildingId": 11904231,
        "dguBuildingNumber": "3611",
        "dguBuildingType": "ZGRADA MJEŠOVITE UPORABE",
        "dguFootprintAreaM2": 924.4174500059728,
        "gdiObjectId": 251139,
        "gdiSurveyYear": 2008,
        "gdiHeightM": 13.6524,
        "gdiMatchOverlapRatio": 0.9957851621233857,
        "observedUseClass": "Stambena i mješovita",
        "observedUseGroup": "Stambene i mješovite površine",
        "consensus:role": "building",
        "consensus:index": 17
      },
      "geometry": {
        "type": "MultiPolygon",
        "coordinates": [
          [
            [
              [
                16.104355612,
                45.811199536
              ],
              [
                16.10435585,
                45.811202237
              ],
              [
                16.104316347,
                45.81120246
              ],
              [
                16.104316058,
                45.811188782
              ],
              [
                16.104163059,
                45.811190321
              ],
              [
                16.104163737,
                45.811203641
              ],
              [
                16.104124745,
                45.811204405
              ],
              [
                16.104124636,
                45.811201526
              ],
              [
                16.104124455,
                45.811190728
              ],
              [
                16.104105539,
                45.811191022
              ],
              [
                16.104097303,
                45.811191173
              ],
              [
                16.104091898,
                45.811191335
              ],
              [
                16.10393221,
                45.811192671
              ],
              [
                16.103932499,
                45.811206349
              ],
              [
                16.103893511,
                45.811206483
              ],
              [
                16.103893402,
                45.811203694
              ],
              [
                16.103893349,
                45.811192986
              ],
              [
                16.103874818,
                45.811193372
              ],
              [
                16.103870313,
                45.811193536
              ],
              [
                16.103858346,
                45.811193764
              ],
              [
                16.103841618,
                45.811193796
              ],
              [
                16.103808291,
                45.811194041
              ],
              [
                16.10378706,
                45.811194147
              ],
              [
                16.103773549,
                45.81119428
              ],
              [
                16.103771261,
                45.811081438
              ],
              [
                16.103775248,
                45.811081632
              ],
              [
                16.103793263,
                45.811081424
              ],
              [
                16.10383444,
                45.811081117
              ],
              [
                16.103875745,
                45.81108081
              ],
              [
                16.103901225,
                45.811080269
              ],
              [
                16.103927473,
                45.81108027
              ],
              [
                16.104081888,
                45.811078646
              ],
              [
                16.104105954,
                45.811078009
              ],
              [
                16.104132075,
                45.81107783
              ],
              [
                16.104158452,
                45.811077831
              ],
              [
                16.104235787,
                45.811077109
              ],
              [
                16.104316212,
                45.811076218
              ],
              [
                16.10434079,
                45.811075943
              ],
              [
                16.104366911,
                45.811075674
              ],
              [
                16.104392389,
                45.811075492
              ],
              [
                16.104546932,
                45.811073868
              ],
              [
                16.104573311,
                45.811073599
              ],
              [
                16.10459776,
                45.811073414
              ],
              [
                16.104623496,
                45.811073053
              ],
              [
                16.104702118,
                45.811072335
              ],
              [
                16.104705439,
                45.811184911
              ],
              [
                16.104621669,
                45.811185791
              ],
              [
                16.104615364,
                45.811185859
              ],
              [
                16.104603783,
                45.811185999
              ],
              [
                16.104585897,
                45.811186117
              ],
              [
                16.104586204,
                45.811197275
              ],
              [
                16.104586186,
                45.811199795
              ],
              [
                16.10454681,
                45.811200288
              ],
              [
                16.104546907,
                45.811186522
              ],
              [
                16.104387603,
                45.81118804
              ],
              [
                16.104380784,
                45.811188106
              ],
              [
                16.104372805,
                45.811188259
              ],
              [
                16.104354919,
                45.811188377
              ],
              [
                16.104355612,
                45.811199536
              ]
            ]
          ]
        ]
      }
    },
    {
      "type": "Feature",
      "properties": {
        "name": "kuća 2872",
        "block": "Novi Jelkovec – rekonstrukcija naselja",
        "type": "proposedBuildingSingle",
        "footprintMode": "polygon",
        "height": 13.841,
        "heightM": 13.841,
        "floors": 5,
        "storeys": 5,
        "floorCountBasis": "procjena iz GDI izmjerene visine / 3 m; nije podatak iz dozvole",
        "color": "#d63384",
        "reconstructionState": "observed-built-state",
        "source": "DGU pravni tlocrt + podudarna GDI izmjerena visina",
        "dguBuildingId": 11901407,
        "dguBuildingNumber": "2872",
        "dguBuildingType": "KUĆA",
        "dguFootprintAreaM2": 1347.7786999627624,
        "gdiObjectId": 251141,
        "gdiSurveyYear": 2008,
        "gdiHeightM": 13.841,
        "gdiMatchOverlapRatio": 0.9845454469436734,
        "observedUseClass": "Stambena i mješovita",
        "observedUseGroup": "Stambene i mješovite površine",
        "consensus:role": "building",
        "consensus:index": 18
      },
      "geometry": {
        "type": "MultiPolygon",
        "coordinates": [
          [
            [
              [
                16.104848412,
                45.810344997
              ],
              [
                16.105036406,
                45.810343397
              ],
              [
                16.105080028,
                45.810342918
              ],
              [
                16.105159163,
                45.810342292
              ],
              [
                16.105161336,
                45.810453604
              ],
              [
                16.103763135,
                45.81046721
              ],
              [
                16.103760966,
                45.810355808
              ],
              [
                16.103872914,
                45.810354756
              ],
              [
                16.103920011,
                45.8103542
              ],
              [
                16.104107236,
                45.810352239
              ],
              [
                16.104151757,
                45.810351853
              ],
              [
                16.104338465,
                45.810350251
              ],
              [
                16.104382475,
                45.810349413
              ],
              [
                16.104573946,
                45.810347467
              ],
              [
                16.10461834,
                45.81034699
              ],
              [
                16.104804405,
                45.810345385
              ],
              [
                16.104848412,
                45.810344997
              ]
            ]
          ]
        ]
      }
    },
    {
      "type": "Feature",
      "properties": {
        "name": "kuća 2873",
        "block": "Novi Jelkovec – rekonstrukcija naselja",
        "type": "proposedBuildingSingle",
        "footprintMode": "polygon",
        "height": 14.1968,
        "heightM": 14.1968,
        "floors": 5,
        "storeys": 5,
        "floorCountBasis": "procjena iz GDI izmjerene visine / 3 m; nije podatak iz dozvole",
        "color": "#198754",
        "reconstructionState": "observed-built-state",
        "source": "DGU pravni tlocrt + podudarna GDI izmjerena visina",
        "dguBuildingId": 11901408,
        "dguBuildingNumber": "2873",
        "dguBuildingType": "KUĆA",
        "dguFootprintAreaM2": 1594.0036000362827,
        "gdiObjectId": 251136,
        "gdiSurveyYear": 2008,
        "gdiHeightM": 14.1968,
        "gdiMatchOverlapRatio": 0.9998518404277835,
        "observedUseClass": "Stambena i mješovita",
        "observedUseGroup": "Stambene i mješovite površine",
        "consensus:role": "building",
        "consensus:index": 19
      },
      "geometry": {
        "type": "MultiPolygon",
        "coordinates": [
          [
            [
              [
                16.104655909,
                45.811911234
              ],
              [
                16.104637121,
                45.811911529
              ],
              [
                16.10462258,
                45.811911748
              ],
              [
                16.104591696,
                45.811912181
              ],
              [
                16.104557469,
                45.811912243
              ],
              [
                16.104425185,
                45.811913674
              ],
              [
                16.104406011,
                45.811913878
              ],
              [
                16.104390699,
                45.811914005
              ],
              [
                16.104360073,
                45.811914259
              ],
              [
                16.104325973,
                45.811914501
              ],
              [
                16.10419073,
                45.811915922
              ],
              [
                16.104172072,
                45.811916037
              ],
              [
                16.104156502,
                45.811916163
              ],
              [
                16.104125749,
                45.811916237
              ],
              [
                16.10409126,
                45.811916927
              ],
              [
                16.104026662,
                45.811917603
              ],
              [
                16.104021,
                45.811917673
              ],
              [
                16.104000798,
                45.811917873
              ],
              [
                16.103987158,
                45.811918006
              ],
              [
                16.103869672,
                45.811919308
              ],
              [
                16.10378989,
                45.811920111
              ],
              [
                16.103787778,
                45.811800521
              ],
              [
                16.103838993,
                45.811799979
              ],
              [
                16.10383896,
                45.811786482
              ],
              [
                16.103867656,
                45.811786222
              ],
              [
                16.10390819,
                45.811785822
              ],
              [
                16.10401834,
                45.811784764
              ],
              [
                16.105138109,
                45.811774063
              ],
              [
                16.10513853,
                45.811787201
              ],
              [
                16.105187816,
                45.811786562
              ],
              [
                16.105190001,
                45.811896164
              ],
              [
                16.105190188,
                45.811906153
              ],
              [
                16.105122245,
                45.811906818
              ],
              [
                16.105102813,
                45.81190711
              ],
              [
                16.105088144,
                45.81190724
              ],
              [
                16.105056745,
                45.811907671
              ],
              [
                16.105023547,
                45.811907826
              ],
              [
                16.10489075,
                45.811908987
              ],
              [
                16.104871319,
                45.81190919
              ],
              [
                16.104856649,
                45.811909409
              ],
              [
                16.10482538,
                45.81190966
              ],
              [
                16.104793081,
                45.811910089
              ],
              [
                16.104655909,
                45.811911234
              ]
            ]
          ]
        ]
      }
    },
    {
      "type": "Feature",
      "properties": {
        "name": "kuća 3554",
        "block": "Novi Jelkovec – rekonstrukcija naselja",
        "type": "proposedBuildingSingle",
        "footprintMode": "polygon",
        "height": 18.84959971,
        "heightM": 18.84959971,
        "floors": 6,
        "storeys": 6,
        "floorCountBasis": "procjena iz GDI izmjerene visine / 3 m; nije podatak iz dozvole",
        "color": "#fd7e14",
        "reconstructionState": "observed-built-state",
        "source": "DGU pravni tlocrt + podudarna GDI izmjerena visina",
        "dguBuildingId": 11909878,
        "dguBuildingNumber": "3554",
        "dguBuildingType": "KUĆA",
        "dguFootprintAreaM2": 1880.2961499923051,
        "gdiObjectId": 268999,
        "gdiSurveyYear": 2022,
        "gdiHeightM": 18.84959971,
        "gdiMatchOverlapRatio": 0.9999999999999999,
        "observedUseClass": "Stambena i mješovita",
        "observedUseGroup": "Stambene i mješovite površine",
        "consensus:role": "building",
        "consensus:index": 20
      },
      "geometry": {
        "type": "MultiPolygon",
        "coordinates": [
          [
            [
              [
                16.105384289,
                45.810093107
              ],
              [
                16.105384737,
                45.810102556
              ],
              [
                16.105229169,
                45.810103998
              ],
              [
                16.105073086,
                45.810105438
              ],
              [
                16.105036542,
                45.810105762
              ],
              [
                16.104964484,
                45.810106323
              ],
              [
                16.104917775,
                45.810106791
              ],
              [
                16.10476182,
                45.810108321
              ],
              [
                16.104606508,
                45.810109853
              ],
              [
                16.104569836,
                45.810110176
              ],
              [
                16.104500737,
                45.810110837
              ],
              [
                16.104451197,
                45.810111295
              ],
              [
                16.104296401,
                45.810112649
              ],
              [
                16.10414019,
                45.810113908
              ],
              [
                16.104101974,
                45.810114225
              ],
              [
                16.104045229,
                45.810114658
              ],
              [
                16.103830342,
                45.810116523
              ],
              [
                16.103799846,
                45.810116687
              ],
              [
                16.103762916,
                45.810117099
              ],
              [
                16.103754295,
                45.810117159
              ],
              [
                16.103751649,
                45.810000356
              ],
              [
                16.103751373,
                45.809984879
              ],
              [
                16.103982602,
                45.809982801
              ],
              [
                16.104060966,
                45.809981903
              ],
              [
                16.104137914,
                45.80998109
              ],
              [
                16.10421512,
                45.809980368
              ],
              [
                16.104292197,
                45.809979465
              ],
              [
                16.104369403,
                45.809978652
              ],
              [
                16.104449182,
                45.809977849
              ],
              [
                16.10452716,
                45.809976949
              ],
              [
                16.104604109,
                45.809976136
              ],
              [
                16.104681185,
                45.809975413
              ],
              [
                16.104759164,
                45.809974513
              ],
              [
                16.104835597,
                45.809973697
              ],
              [
                16.104915762,
                45.809972895
              ],
              [
                16.104993741,
                45.809971994
              ],
              [
                16.105070946,
                45.809971182
              ],
              [
                16.105148151,
                45.809970459
              ],
              [
                16.105225358,
                45.809969556
              ],
              [
                16.105302306,
                45.809968742
              ],
              [
                16.105382214,
                45.809967848
              ],
              [
                16.105384289,
                45.810093107
              ]
            ]
          ]
        ]
      }
    },
    {
      "type": "Feature",
      "properties": {
        "name": "kuća 2871",
        "block": "Novi Jelkovec – rekonstrukcija naselja",
        "type": "proposedBuildingSingle",
        "footprintMode": "polygon",
        "height": 14.011,
        "heightM": 14.011,
        "floors": 5,
        "storeys": 5,
        "floorCountBasis": "procjena iz GDI izmjerene visine / 3 m; nije podatak iz dozvole",
        "color": "#0dcaf0",
        "reconstructionState": "observed-built-state",
        "source": "DGU pravni tlocrt + podudarna GDI izmjerena visina",
        "dguBuildingId": 11901406,
        "dguBuildingNumber": "2871",
        "dguBuildingType": "KUĆA",
        "dguFootprintAreaM2": 1807.8954000092372,
        "gdiObjectId": 251137,
        "gdiSurveyYear": 2008,
        "gdiHeightM": 14.011,
        "gdiMatchOverlapRatio": 0.9328254710372897,
        "observedUseClass": "Stambena i mješovita",
        "observedUseGroup": "Stambene i mješovite površine",
        "consensus:role": "building",
        "consensus:index": 21
      },
      "geometry": {
        "type": "MultiPolygon",
        "coordinates": [
          [
            [
              [
                16.104789115,
                45.811542959
              ],
              [
                16.104715511,
                45.811543604
              ],
              [
                16.104245963,
                45.811547917
              ],
              [
                16.103975865,
                45.81155067
              ],
              [
                16.103857997,
                45.811551522
              ],
              [
                16.103780919,
                45.811552064
              ],
              [
                16.103780552,
                45.811549454
              ],
              [
                16.103778585,
                45.81144579
              ],
              [
                16.104012136,
                45.811443721
              ],
              [
                16.10401206,
                45.811436252
              ],
              [
                16.104006913,
                45.811436234
              ],
              [
                16.104006649,
                45.811419047
              ],
              [
                16.104013984,
                45.811418983
              ],
              [
                16.104131468,
                45.81141777
              ],
              [
                16.104247537,
                45.811416553
              ],
              [
                16.104362705,
                45.811415332
              ],
              [
                16.104480833,
                45.811414031
              ],
              [
                16.104597931,
                45.811412817
              ],
              [
                16.104713743,
                45.811411598
              ],
              [
                16.104787734,
                45.811410774
              ],
              [
                16.104828782,
                45.811410466
              ],
              [
                16.104903158,
                45.811409824
              ],
              [
                16.104946394,
                45.811409433
              ],
              [
                16.105021285,
                45.811408612
              ],
              [
                16.105062591,
                45.811408215
              ],
              [
                16.105137353,
                45.811407574
              ],
              [
                16.105179687,
                45.81140727
              ],
              [
                16.10525342,
                45.811406625
              ],
              [
                16.105294854,
                45.811406228
              ],
              [
                16.105368845,
                45.811405404
              ],
              [
                16.105411695,
                45.811405012
              ],
              [
                16.105410174,
                45.811420034
              ],
              [
                16.105412104,
                45.81142004
              ],
              [
                16.10541437,
                45.811536392
              ],
              [
                16.105373836,
                45.811536791
              ],
              [
                16.105258539,
                45.811538013
              ],
              [
                16.105182103,
                45.811538829
              ],
              [
                16.105143113,
                45.811539324
              ],
              [
                16.10502743,
                45.811540453
              ],
              [
                16.104950866,
                45.811541269
              ],
              [
                16.104908144,
                45.811541661
              ],
              [
                16.104789115,
                45.811542959
              ]
            ]
          ]
        ]
      }
    },
    {
      "type": "Feature",
      "properties": {
        "name": "zgrada mješovite uporabe 3553",
        "block": "Novi Jelkovec – rekonstrukcija naselja",
        "type": "proposedBuildingSingle",
        "footprintMode": "polygon",
        "height": 19.2904,
        "heightM": 19.2904,
        "floors": 6,
        "storeys": 6,
        "floorCountBasis": "procjena iz GDI izmjerene visine / 3 m; nije podatak iz dozvole",
        "color": "#ffc107",
        "reconstructionState": "observed-built-state",
        "source": "DGU pravni tlocrt + podudarna GDI izmjerena visina",
        "dguBuildingId": 11909877,
        "dguBuildingNumber": "3553",
        "dguBuildingType": "ZGRADA MJEŠOVITE UPORABE",
        "dguFootprintAreaM2": 1937.577050018621,
        "gdiObjectId": 268850,
        "gdiSurveyYear": 2022,
        "gdiHeightM": 19.2904,
        "gdiMatchOverlapRatio": 0.9999285369734486,
        "observedUseClass": "Stambena i mješovita",
        "observedUseGroup": "Stambene i mješovite površine",
        "consensus:role": "building",
        "consensus:index": 22
      },
      "geometry": {
        "type": "MultiPolygon",
        "coordinates": [
          [
            [
              [
                16.106292486,
                45.812494283
              ],
              [
                16.106308314,
                45.812494157
              ],
              [
                16.106310617,
                45.81260556
              ],
              [
                16.106310805,
                45.812615458
              ],
              [
                16.104679764,
                45.812631602
              ],
              [
                16.104679574,
                45.812621973
              ],
              [
                16.104676896,
                45.81250949
              ],
              [
                16.104676749,
                45.812493923
              ],
              [
                16.106292215,
                45.812477996
              ],
              [
                16.106292486,
                45.812494283
              ]
            ]
          ]
        ]
      }
    },
    {
      "type": "Feature",
      "properties": {
        "name": "stambena zgrada 3555",
        "block": "Novi Jelkovec – rekonstrukcija naselja",
        "type": "proposedBuildingSingle",
        "footprintMode": "polygon",
        "height": 17.1764,
        "heightM": 17.1764,
        "floors": 6,
        "storeys": 6,
        "floorCountBasis": "procjena iz GDI izmjerene visine / 3 m; nije podatak iz dozvole",
        "color": "#20c997",
        "reconstructionState": "observed-built-state",
        "source": "DGU pravni tlocrt + podudarna GDI izmjerena visina",
        "dguBuildingId": 11909879,
        "dguBuildingNumber": "3555",
        "dguBuildingType": "STAMBENA ZGRADA",
        "dguFootprintAreaM2": 1473.211350014109,
        "gdiObjectId": 268994,
        "gdiSurveyYear": 2022,
        "gdiHeightM": 17.1764,
        "gdiMatchOverlapRatio": 0.7851189845170051,
        "observedUseClass": "Stambena i mješovita",
        "observedUseGroup": "Stambene i mješovite površine",
        "consensus:role": "building",
        "consensus:index": 23
      },
      "geometry": {
        "type": "MultiPolygon",
        "coordinates": [
          [
            [
              [
                16.106276517,
                45.811163161
              ],
              [
                16.106043224,
                45.811165417
              ],
              [
                16.105927414,
                45.811166457
              ],
              [
                16.105811218,
                45.811167586
              ],
              [
                16.105695665,
                45.811168717
              ],
              [
                16.105578182,
                45.811169841
              ],
              [
                16.105461213,
                45.811170967
              ],
              [
                16.105345145,
                45.811172096
              ],
              [
                16.105229721,
                45.811173226
              ],
              [
                16.105113911,
                45.811174266
              ],
              [
                16.104997972,
                45.811175395
              ],
              [
                16.104879716,
                45.811176606
              ],
              [
                16.104878962,
                45.811064938
              ],
              [
                16.104878663,
                45.81105261
              ],
              [
                16.10495484,
                45.811051974
              ],
              [
                16.105001292,
                45.811051595
              ],
              [
                16.105165998,
                45.811050274
              ],
              [
                16.105188001,
                45.81105008
              ],
              [
                16.105233553,
                45.811049698
              ],
              [
                16.105398259,
                45.811048377
              ],
              [
                16.105419748,
                45.811048181
              ],
              [
                16.105465557,
                45.8110478
              ],
              [
                16.105630262,
                45.811046569
              ],
              [
                16.105653038,
                45.811046377
              ],
              [
                16.105699362,
                45.811045907
              ],
              [
                16.105864196,
                45.811044677
              ],
              [
                16.105885299,
                45.811044479
              ],
              [
                16.105931494,
                45.811044009
              ],
              [
                16.106095814,
                45.811042776
              ],
              [
                16.106116145,
                45.811042576
              ],
              [
                16.106162984,
                45.811042108
              ],
              [
                16.10616317,
                45.811052096
              ],
              [
                16.10627126,
                45.811051029
              ],
              [
                16.106275121,
                45.811050952
              ],
              [
                16.106276517,
                45.811163161
              ]
            ]
          ]
        ]
      }
    },
    {
      "type": "Feature",
      "properties": {
        "name": "kuća 2870",
        "block": "Novi Jelkovec – rekonstrukcija naselja",
        "type": "proposedBuildingSingle",
        "footprintMode": "polygon",
        "height": 14.564,
        "heightM": 14.564,
        "floors": 5,
        "storeys": 5,
        "floorCountBasis": "procjena iz GDI izmjerene visine / 3 m; nije podatak iz dozvole",
        "color": "#2f6fed",
        "reconstructionState": "observed-built-state",
        "source": "DGU pravni tlocrt + podudarna GDI izmjerena visina",
        "dguBuildingId": 11901405,
        "dguBuildingNumber": "2870",
        "dguBuildingType": "KUĆA",
        "dguFootprintAreaM2": 1388.5270000115008,
        "gdiObjectId": 251140,
        "gdiSurveyYear": 2008,
        "gdiHeightM": 14.564,
        "gdiMatchOverlapRatio": 0.9965754993741082,
        "observedUseClass": "Stambena i mješovita",
        "observedUseGroup": "Stambene i mješovite površine",
        "consensus:role": "building",
        "consensus:index": 24
      },
      "geometry": {
        "type": "MultiPolygon",
        "coordinates": [
          [
            [
              [
                16.10594563,
                45.810809301
              ],
              [
                16.105887596,
                45.810810001
              ],
              [
                16.105868295,
                45.810810114
              ],
              [
                16.105779249,
                45.810811157
              ],
              [
                16.105756087,
                45.810811437
              ],
              [
                16.105715683,
                45.810811747
              ],
              [
                16.105657264,
                45.810812175
              ],
              [
                16.105638606,
                45.810812291
              ],
              [
                16.105546473,
                45.810813233
              ],
              [
                16.105523053,
                45.810813602
              ],
              [
                16.105482648,
                45.810813912
              ],
              [
                16.105422428,
                45.810814424
              ],
              [
                16.105405314,
                45.810814635
              ],
              [
                16.105320001,
                45.81081533
              ],
              [
                16.105292464,
                45.810815595
              ],
              [
                16.105253732,
                45.810816001
              ],
              [
                16.105194798,
                45.810816607
              ],
              [
                16.105174981,
                45.810816809
              ],
              [
                16.105061232,
                45.810817765
              ],
              [
                16.105042187,
                45.810817969
              ],
              [
                16.104983253,
                45.810818575
              ],
              [
                16.104943877,
                45.810818979
              ],
              [
                16.104916854,
                45.810819336
              ],
              [
                16.104884684,
                45.810819854
              ],
              [
                16.104883025,
                45.810708724
              ],
              [
                16.104960617,
                45.810708002
              ],
              [
                16.104960474,
                45.810691805
              ],
              [
                16.10496279,
                45.810691813
              ],
              [
                16.10503871,
                45.810690996
              ],
              [
                16.105041155,
                45.810691005
              ],
              [
                16.105041426,
                45.810707202
              ],
              [
                16.10511593,
                45.81070647
              ],
              [
                16.105190949,
                45.810705739
              ],
              [
                16.105190549,
                45.810689451
              ],
              [
                16.105192993,
                45.81068955
              ],
              [
                16.105270458,
                45.810688738
              ],
              [
                16.105271502,
                45.810704848
              ],
              [
                16.105346263,
                45.810704206
              ],
              [
                16.105421925,
                45.810703478
              ],
              [
                16.105421655,
                45.81068701
              ],
              [
                16.105423971,
                45.810687018
              ],
              [
                16.105499247,
                45.810686289
              ],
              [
                16.105501692,
                45.810686297
              ],
              [
                16.105501833,
                45.810702674
              ],
              [
                16.105579168,
                45.810701951
              ],
              [
                16.105654316,
                45.810701221
              ],
              [
                16.105653659,
                45.810684932
              ],
              [
                16.105655718,
                45.810684849
              ],
              [
                16.105732409,
                45.810684124
              ],
              [
                16.105734725,
                45.810684222
              ],
              [
                16.105734868,
                45.810700419
              ],
              [
                16.105809758,
                45.810699687
              ],
              [
                16.105884648,
                45.810698956
              ],
              [
                16.105884505,
                45.810682669
              ],
              [
                16.105886821,
                45.810682677
              ],
              [
                16.105962612,
                45.810681949
              ],
              [
                16.105964928,
                45.810681957
              ],
              [
                16.1059652,
                45.810698154
              ],
              [
                16.106041248,
                45.810697426
              ],
              [
                16.106272609,
                45.810695165
              ],
              [
                16.10627466,
                45.810805936
              ],
              [
                16.106197323,
                45.81080693
              ],
              [
                16.106178278,
                45.810807134
              ],
              [
                16.106118573,
                45.810807648
              ],
              [
                16.106079583,
                45.810808053
              ],
              [
                16.106060282,
                45.810808167
              ],
              [
                16.106005724,
                45.810808609
              ],
              [
                16.105986551,
                45.810808812
              ],
              [
                16.10594563,
                45.810809301
              ]
            ]
          ]
        ]
      }
    },
    {
      "type": "Feature",
      "properties": {
        "name": "kuća 2809",
        "block": "Novi Jelkovec – rekonstrukcija naselja",
        "type": "proposedBuildingSingle",
        "footprintMode": "polygon",
        "height": 17.1453,
        "heightM": 17.1453,
        "floors": 6,
        "storeys": 6,
        "floorCountBasis": "procjena iz GDI izmjerene visine / 3 m; nije podatak iz dozvole",
        "color": "#6f42c1",
        "reconstructionState": "observed-built-state",
        "source": "DGU pravni tlocrt + podudarna GDI izmjerena visina",
        "dguBuildingId": 11901639,
        "dguBuildingNumber": "2809",
        "dguBuildingType": "KUĆA",
        "dguFootprintAreaM2": 1507.8133500108568,
        "gdiObjectId": 251082,
        "gdiSurveyYear": 2008,
        "gdiHeightM": 17.1453,
        "gdiMatchOverlapRatio": 1,
        "observedUseClass": "Stambena i mješovita",
        "observedUseGroup": "Stambene i mješovite površine",
        "consensus:role": "building",
        "consensus:index": 25
      },
      "geometry": {
        "type": "MultiPolygon",
        "coordinates": [
          [
            [
              [
                16.105213159,
                45.81213325
              ],
              [
                16.105290496,
                45.812132528
              ],
              [
                16.105367835,
                45.812131535
              ],
              [
                16.105444914,
                45.812130812
              ],
              [
                16.105522251,
                45.812129999
              ],
              [
                16.105600747,
                45.81212919
              ],
              [
                16.105679371,
                45.812128382
              ],
              [
                16.105756322,
                45.812127657
              ],
              [
                16.105833531,
                45.812126754
              ],
              [
                16.105910482,
                45.81212603
              ],
              [
                16.105988205,
                45.812125218
              ],
              [
                16.106065156,
                45.812124404
              ],
              [
                16.106143909,
                45.812123595
              ],
              [
                16.106299096,
                45.812122241
              ],
              [
                16.106301307,
                45.81224678
              ],
              [
                16.106284837,
                45.812246813
              ],
              [
                16.106264376,
                45.812247102
              ],
              [
                16.106223327,
                45.812247501
              ],
              [
                16.106144059,
                45.812248397
              ],
              [
                16.106039312,
                45.812249566
              ],
              [
                16.106018208,
                45.812249763
              ],
              [
                16.105991828,
                45.812250122
              ],
              [
                16.105912817,
                45.812251019
              ],
              [
                16.105807555,
                45.812252186
              ],
              [
                16.105786322,
                45.812252472
              ],
              [
                16.105760328,
                45.812252743
              ],
              [
                16.105680417,
                45.812253637
              ],
              [
                16.10557284,
                45.812254615
              ],
              [
                16.105551608,
                45.812254812
              ],
              [
                16.105525743,
                45.812255082
              ],
              [
                16.10544609,
                45.812255887
              ],
              [
                16.1053416,
                45.812256966
              ],
              [
                16.105320883,
                45.812257164
              ],
              [
                16.105293988,
                45.812257431
              ],
              [
                16.105214463,
                45.812258326
              ],
              [
                16.105111132,
                45.812259409
              ],
              [
                16.105089513,
                45.812259604
              ],
              [
                16.105062619,
                45.812259871
              ],
              [
                16.104982966,
                45.812260675
              ],
              [
                16.104905499,
                45.812261577
              ],
              [
                16.104902814,
                45.812149904
              ],
              [
                16.104902524,
                45.812136406
              ],
              [
                16.104982306,
                45.812135602
              ],
              [
                16.105059,
                45.812134787
              ],
              [
                16.105136208,
                45.812133974
              ],
              [
                16.105213159,
                45.81213325
              ]
            ]
          ]
        ]
      }
    },
    {
      "type": "Feature",
      "properties": {
        "name": "zgrada mješovite uporabe 3591",
        "block": "Novi Jelkovec – rekonstrukcija naselja",
        "type": "proposedBuildingSingle",
        "footprintMode": "polygon",
        "height": 17.26306396,
        "heightM": 17.26306396,
        "floors": 6,
        "storeys": 6,
        "floorCountBasis": "procjena iz GDI izmjerene visine / 3 m; nije podatak iz dozvole",
        "color": "#d63384",
        "reconstructionState": "observed-built-state",
        "source": "DGU pravni tlocrt + podudarna GDI izmjerena visina",
        "dguBuildingId": 11903812,
        "dguBuildingNumber": "3591",
        "dguBuildingType": "ZGRADA MJEŠOVITE UPORABE",
        "dguFootprintAreaM2": 1070.2745000187638,
        "gdiObjectId": 268992,
        "gdiSurveyYear": 2022,
        "gdiHeightM": 17.26306396,
        "gdiMatchOverlapRatio": 0.8038588426404544,
        "observedUseClass": "Stambena i mješovita",
        "observedUseGroup": "Stambene i mješovite površine",
        "consensus:role": "building",
        "consensus:index": 26
      },
      "geometry": {
        "type": "MultiPolygon",
        "coordinates": [
          [
            [
              [
                16.106296549,
                45.811899443
              ],
              [
                16.106183701,
                45.811899953
              ],
              [
                16.106147411,
                45.811900548
              ],
              [
                16.106143424,
                45.811900355
              ],
              [
                16.106065959,
                45.811901077
              ],
              [
                16.106031987,
                45.81190141
              ],
              [
                16.105873196,
                45.811903022
              ],
              [
                16.105839353,
                45.811903355
              ],
              [
                16.10575777,
                45.811904153
              ],
              [
                16.105676573,
                45.811904863
              ],
              [
                16.105642859,
                45.811905196
              ],
              [
                16.105483168,
                45.811906625
              ],
              [
                16.105450612,
                45.811906962
              ],
              [
                16.105367742,
                45.811907756
              ],
              [
                16.105367185,
                45.811895607
              ],
              [
                16.105365092,
                45.811772867
              ],
              [
                16.105452852,
                45.811772001
              ],
              [
                16.105474341,
                45.811771805
              ],
              [
                16.105646,
                45.811770148
              ],
              [
                16.105667746,
                45.811769953
              ],
              [
                16.105754863,
                45.811769084
              ],
              [
                16.105841979,
                45.811768215
              ],
              [
                16.105863598,
                45.81176793
              ],
              [
                16.106035514,
                45.811766183
              ],
              [
                16.106056875,
                45.811765987
              ],
              [
                16.106144635,
                45.81176503
              ],
              [
                16.106145321,
                45.811777269
              ],
              [
                16.106188685,
                45.811776969
              ],
              [
                16.106188513,
                45.811764821
              ],
              [
                16.106221069,
                45.811764573
              ],
              [
                16.106221112,
                45.811776631
              ],
              [
                16.106294066,
                45.811777062
              ],
              [
                16.106295964,
                45.811872807
              ],
              [
                16.106269842,
                45.811873077
              ],
              [
                16.106269674,
                45.811878745
              ],
              [
                16.106296182,
                45.811878386
              ],
              [
                16.106296549,
                45.811899443
              ]
            ]
          ]
        ]
      }
    },
    {
      "type": "Feature",
      "properties": {
        "name": "zgrada mješovite uporabe 3634",
        "block": "Novi Jelkovec – rekonstrukcija naselja",
        "type": "proposedBuildingSingle",
        "footprintMode": "polygon",
        "height": 18.9054,
        "heightM": 18.9054,
        "floors": 6,
        "storeys": 6,
        "floorCountBasis": "procjena iz GDI izmjerene visine / 3 m; nije podatak iz dozvole",
        "color": "#198754",
        "reconstructionState": "observed-built-state",
        "source": "DGU pravni tlocrt + podudarna GDI izmjerena visina",
        "dguBuildingId": 11904724,
        "dguBuildingNumber": "3634",
        "dguBuildingType": "ZGRADA MJEŠOVITE UPORABE",
        "dguFootprintAreaM2": 734.3653500069399,
        "gdiObjectId": 269000,
        "gdiSurveyYear": 2022,
        "gdiHeightM": 18.9054,
        "gdiMatchOverlapRatio": 0.9982881165992463,
        "observedUseClass": "Stambena i mješovita",
        "observedUseGroup": "Stambene i mješovite površine",
        "consensus:role": "building",
        "consensus:index": 27
      },
      "geometry": {
        "type": "MultiPolygon",
        "coordinates": [
          [
            [
              [
                16.106122513,
                45.810102672
              ],
              [
                16.106059204,
                45.810103264
              ],
              [
                16.106058794,
                45.810088416
              ],
              [
                16.106025724,
                45.810088842
              ],
              [
                16.105910174,
                45.810089883
              ],
              [
                16.105890872,
                45.810090086
              ],
              [
                16.105891153,
                45.810104934
              ],
              [
                16.105827717,
                45.810105435
              ],
              [
                16.105827435,
                45.810090677
              ],
              [
                16.105793979,
                45.810091102
              ],
              [
                16.105678428,
                45.810092233
              ],
              [
                16.105659255,
                45.810092436
              ],
              [
                16.10565941,
                45.810107014
              ],
              [
                16.105596487,
                45.810107606
              ],
              [
                16.105596079,
                45.810092578
              ],
              [
                16.105561847,
                45.81009345
              ],
              [
                16.105559821,
                45.809979529
              ],
              [
                16.105560255,
                45.809972692
              ],
              [
                16.105637588,
                45.809972059
              ],
              [
                16.105653158,
                45.809971933
              ],
              [
                16.105668727,
                45.809971807
              ],
              [
                16.105669709,
                45.809978468
              ],
              [
                16.105762485,
                45.809977529
              ],
              [
                16.105762403,
                45.80997087
              ],
              [
                16.10586959,
                45.8099698
              ],
              [
                16.105885159,
                45.809969674
              ],
              [
                16.105900343,
                45.809969546
              ],
              [
                16.105901325,
                45.809976208
              ],
              [
                16.1059941,
                45.809975358
              ],
              [
                16.10599389,
                45.809968699
              ],
              [
                16.106101076,
                45.809967629
              ],
              [
                16.106116518,
                45.809967412
              ],
              [
                16.106131058,
                45.809967283
              ],
              [
                16.106131268,
                45.809974032
              ],
              [
                16.106133455,
                45.809974039
              ],
              [
                16.10622546,
                45.809972917
              ],
              [
                16.106225378,
                45.809966258
              ],
              [
                16.10625716,
                45.809966008
              ],
              [
                16.106257243,
                45.809972576
              ],
              [
                16.106260429,
                45.810086411
              ],
              [
                16.106141403,
                45.810087711
              ],
              [
                16.106122103,
                45.810087734
              ],
              [
                16.106122513,
                45.810102672
              ]
            ]
          ]
        ]
      }
    },
    {
      "type": "Feature",
      "properties": {
        "name": "zgrada mješovite uporabe 3586",
        "block": "Novi Jelkovec – rekonstrukcija naselja",
        "type": "proposedBuildingSingle",
        "footprintMode": "polygon",
        "height": 2.363,
        "heightM": 2.363,
        "floors": 1,
        "storeys": 1,
        "floorCountBasis": "procjena iz GDI izmjerene visine / 3 m; nije podatak iz dozvole",
        "color": "#fd7e14",
        "reconstructionState": "observed-built-state",
        "source": "DGU pravni tlocrt + podudarna GDI izmjerena visina",
        "dguBuildingId": 11904848,
        "dguBuildingNumber": "3586",
        "dguBuildingType": "ZGRADA MJEŠOVITE UPORABE",
        "dguFootprintAreaM2": 667.1625999992248,
        "gdiObjectId": 251404,
        "gdiSurveyYear": 2008,
        "gdiHeightM": 2.363,
        "gdiMatchOverlapRatio": 0.9966748946294731,
        "observedUseClass": "Stambena i mješovita",
        "observedUseGroup": "Stambene i mješovite površine",
        "consensus:role": "building",
        "consensus:index": 28
      },
      "geometry": {
        "type": "MultiPolygon",
        "coordinates": [
          [
            [
              [
                16.106259956,
                45.810445698
              ],
              [
                16.106165762,
                45.810447083
              ],
              [
                16.105706516,
                45.810451438
              ],
              [
                16.105560214,
                45.810452372
              ],
              [
                16.105558031,
                45.81034241
              ],
              [
                16.10559612,
                45.810342002
              ],
              [
                16.105610403,
                45.810341871
              ],
              [
                16.105681688,
                45.810341307
              ],
              [
                16.105695843,
                45.810341176
              ],
              [
                16.105766872,
                45.810340431
              ],
              [
                16.105780769,
                45.810340299
              ],
              [
                16.105852185,
                45.810339646
              ],
              [
                16.105866596,
                45.810339516
              ],
              [
                16.105941357,
                45.810338784
              ],
              [
                16.105955511,
                45.810338653
              ],
              [
                16.106026155,
                45.810337906
              ],
              [
                16.106041339,
                45.810337779
              ],
              [
                16.106111725,
                45.810337122
              ],
              [
                16.106125879,
                45.81033699
              ],
              [
                16.106196136,
                45.810336333
              ],
              [
                16.106210419,
                45.810336202
              ],
              [
                16.106258029,
                45.810335736
              ],
              [
                16.106259956,
                45.810445698
              ]
            ]
          ]
        ]
      }
    },
    {
      "type": "Feature",
      "properties": {
        "name": "zgrada mješovite uporabe 3621",
        "block": "Novi Jelkovec – rekonstrukcija naselja",
        "type": "proposedBuildingSingle",
        "footprintMode": "polygon",
        "height": 13.281,
        "heightM": 13.281,
        "floors": 4,
        "storeys": 4,
        "floorCountBasis": "procjena iz GDI izmjerene visine / 3 m; nije podatak iz dozvole",
        "color": "#0dcaf0",
        "reconstructionState": "observed-built-state",
        "source": "DGU pravni tlocrt + podudarna GDI izmjerena visina",
        "dguBuildingId": 11904605,
        "dguBuildingNumber": "3621",
        "dguBuildingType": "ZGRADA MJEŠOVITE UPORABE",
        "dguFootprintAreaM2": 688.2879500013927,
        "gdiObjectId": 251267,
        "gdiSurveyYear": 2008,
        "gdiHeightM": 13.281,
        "gdiMatchOverlapRatio": 0.993664699685431,
        "observedUseClass": "Stambena i mješovita",
        "observedUseGroup": "Stambene i mješovite površine",
        "consensus:role": "building",
        "consensus:index": 29
      },
      "geometry": {
        "type": "MultiPolygon",
        "coordinates": [
          [
            [
              [
                16.106264438,
                45.811526097
              ],
              [
                16.106208205,
                45.811526803
              ],
              [
                16.106172303,
                45.811527129
              ],
              [
                16.106079783,
                45.81152798
              ],
              [
                16.106030499,
                45.81152853
              ],
              [
                16.105977484,
                45.811528977
              ],
              [
                16.105940681,
                45.81152939
              ],
              [
                16.10584829,
                45.811530241
              ],
              [
                16.105799263,
                45.811530702
              ],
              [
                16.105745605,
                45.811531146
              ],
              [
                16.105709188,
                45.811531561
              ],
              [
                16.105615896,
                45.811532408
              ],
              [
                16.105615711,
                45.81152215
              ],
              [
                16.105589462,
                45.811522239
              ],
              [
                16.105587683,
                45.811427845
              ],
              [
                16.105612904,
                45.811427662
              ],
              [
                16.105613366,
                45.811416866
              ],
              [
                16.10579699,
                45.81141516
              ],
              [
                16.105845502,
                45.811414698
              ],
              [
                16.106028483,
                45.811412989
              ],
              [
                16.106076866,
                45.811412526
              ],
              [
                16.106261905,
                45.811410825
              ],
              [
                16.106261961,
                45.811421172
              ],
              [
                16.106287053,
                45.811420989
              ],
              [
                16.106287801,
                45.81151565
              ],
              [
                16.106264253,
                45.811515929
              ],
              [
                16.106264438,
                45.811526097
              ]
            ]
          ]
        ]
      }
    },
    {
      "type": "Feature",
      "properties": {
        "name": "zatvoreni bazen 9215",
        "block": "Novi Jelkovec – rekonstrukcija naselja",
        "type": "proposedBuildingSingle",
        "footprintMode": "polygon",
        "height": 11.32433147,
        "heightM": 11.32433147,
        "floors": 4,
        "storeys": 4,
        "floorCountBasis": "procjena iz GDI izmjerene visine / 3 m; nije podatak iz dozvole",
        "color": "#ffc107",
        "reconstructionState": "observed-built-state",
        "source": "DGU pravni tlocrt + podudarna GDI izmjerena visina",
        "dguBuildingId": 11901080,
        "dguBuildingNumber": "9215",
        "dguBuildingType": "ZATVORENI BAZEN",
        "dguFootprintAreaM2": 2050.5418500158266,
        "gdiObjectId": 288183,
        "gdiSurveyYear": 2022,
        "gdiHeightM": 11.32433147,
        "gdiMatchOverlapRatio": 0.9715045070938647,
        "observedUseClass": "D5- Školska",
        "observedUseGroup": "Javne i društvene površine",
        "consensus:role": "building",
        "consensus:index": 30
      },
      "geometry": {
        "type": "MultiPolygon",
        "coordinates": [
          [
            [
              [
                16.106986847,
                45.810439023
              ],
              [
                16.106661553,
                45.810442222
              ],
              [
                16.106651725,
                45.809974025
              ],
              [
                16.107157677,
                45.809969017
              ],
              [
                16.10716661,
                45.810437121
              ],
              [
                16.107024935,
                45.810438704
              ],
              [
                16.107025069,
                45.81045625
              ],
              [
                16.106987367,
                45.81045657
              ],
              [
                16.106986847,
                45.810439023
              ]
            ]
          ]
        ]
      }
    },
    {
      "type": "Feature",
      "properties": {
        "name": "sportska dvorana 9214",
        "block": "Novi Jelkovec – rekonstrukcija naselja",
        "type": "proposedBuildingSingle",
        "footprintMode": "polygon",
        "height": 10.10804608,
        "heightM": 10.10804608,
        "floors": 3,
        "storeys": 3,
        "floorCountBasis": "procjena iz GDI izmjerene visine / 3 m; nije podatak iz dozvole",
        "color": "#20c997",
        "reconstructionState": "observed-built-state",
        "source": "DGU pravni tlocrt + podudarna GDI izmjerena visina",
        "dguBuildingId": 11901079,
        "dguBuildingNumber": "9214",
        "dguBuildingType": "SPORTSKA DVORANA",
        "dguFootprintAreaM2": 2120.34889998622,
        "gdiObjectId": 288181,
        "gdiSurveyYear": 2022,
        "gdiHeightM": 10.10804608,
        "gdiMatchOverlapRatio": 0.9846783495709356,
        "observedUseClass": "D5- Školska",
        "observedUseGroup": "Javne i društvene površine",
        "consensus:role": "building",
        "consensus:index": 31
      },
      "geometry": {
        "type": "MultiPolygon",
        "coordinates": [
          [
            [
              [
                16.107171017,
                45.810688629
              ],
              [
                16.107181496,
                45.811174734
              ],
              [
                16.106676305,
                45.811179745
              ],
              [
                16.106666345,
                45.810693731
              ],
              [
                16.107171017,
                45.810688629
              ]
            ]
          ]
        ]
      }
    },
    {
      "type": "Feature",
      "properties": {
        "name": "garaža 9340",
        "block": "Novi Jelkovec – rekonstrukcija naselja",
        "type": "proposedBuildingSingle",
        "footprintMode": "polygon",
        "height": 16.29851196,
        "heightM": 16.29851196,
        "floors": 5,
        "storeys": 5,
        "floorCountBasis": "procjena iz GDI izmjerene visine / 3 m; nije podatak iz dozvole",
        "color": "#2f6fed",
        "reconstructionState": "observed-built-state",
        "source": "DGU pravni tlocrt + podudarna GDI izmjerena visina",
        "dguBuildingId": 11901023,
        "dguBuildingNumber": "9340",
        "dguBuildingType": "GARAŽA",
        "dguFootprintAreaM2": 3411.837100000464,
        "gdiObjectId": 288187,
        "gdiSurveyYear": 2022,
        "gdiHeightM": 16.29851196,
        "gdiMatchOverlapRatio": 0.7161929154605282,
        "observedUseClass": "D5- Školska",
        "observedUseGroup": "Javne i društvene površine",
        "consensus:role": "building",
        "consensus:index": 32
      },
      "geometry": {
        "type": "MultiPolygon",
        "coordinates": [
          [
            [
              [
                16.10669982,
                45.811348717
              ],
              [
                16.106699747,
                45.811340889
              ],
              [
                16.106705924,
                45.81134073
              ],
              [
                16.10670532,
                45.811316883
              ],
              [
                16.107181564,
                45.811311593
              ],
              [
                16.107183324,
                45.811408957
              ],
              [
                16.107185511,
                45.811408965
              ],
              [
                16.107194943,
                45.81187932
              ],
              [
                16.107190697,
                45.811879305
              ],
              [
                16.107194112,
                45.812089059
              ],
              [
                16.106693932,
                45.812093817
              ],
              [
                16.106683703,
                45.811572801
              ],
              [
                16.10666376,
                45.811572642
              ],
              [
                16.106659417,
                45.811348848
              ],
              [
                16.10669982,
                45.811348717
              ]
            ]
          ]
        ]
      }
    },
    {
      "type": "Feature",
      "properties": {
        "name": "škola 9341",
        "block": "Novi Jelkovec – rekonstrukcija naselja",
        "type": "proposedBuildingSingle",
        "footprintMode": "polygon",
        "height": 11.73728733,
        "heightM": 11.73728733,
        "floors": 4,
        "storeys": 4,
        "floorCountBasis": "procjena iz GDI izmjerene visine / 3 m; nije podatak iz dozvole",
        "color": "#6f42c1",
        "reconstructionState": "observed-built-state",
        "source": "DGU pravni tlocrt + podudarna GDI izmjerena visina",
        "dguBuildingId": 11901169,
        "dguBuildingNumber": "9341",
        "dguBuildingType": "ŠKOLA",
        "dguFootprintAreaM2": 1971.8491500062585,
        "gdiObjectId": 288173,
        "gdiSurveyYear": 2022,
        "gdiHeightM": 11.73728733,
        "gdiMatchOverlapRatio": 0.9858187345853616,
        "observedUseClass": "D5- Školska",
        "observedUseGroup": "Javne i društvene površine",
        "consensus:role": "building",
        "consensus:index": 33
      },
      "geometry": {
        "type": "MultiPolygon",
        "coordinates": [
          [
            [
              [
                16.106799345,
                45.812601484
              ],
              [
                16.106692411,
                45.812602376
              ],
              [
                16.106788498,
                45.812332588
              ],
              [
                16.106758026,
                45.812292802
              ],
              [
                16.106745931,
                45.812292761
              ],
              [
                16.106711313,
                45.812293451
              ],
              [
                16.106709925,
                45.81223478
              ],
              [
                16.106744797,
                45.81223445
              ],
              [
                16.106744601,
                45.812225811
              ],
              [
                16.106710628,
                45.812226234
              ],
              [
                16.106707943,
                45.812132377
              ],
              [
                16.107046755,
                45.812129583
              ],
              [
                16.107046405,
                45.812106187
              ],
              [
                16.107116789,
                45.812106159
              ],
              [
                16.107117271,
                45.812129016
              ],
              [
                16.10720027,
                45.812128311
              ],
              [
                16.107210741,
                45.81259723
              ],
              [
                16.10712645,
                45.81259874
              ],
              [
                16.107126562,
                45.81260108
              ],
              [
                16.107210725,
                45.81259957
              ],
              [
                16.107211765,
                45.812634665
              ],
              [
                16.107124127,
                45.812636344
              ],
              [
                16.107123716,
                45.812621586
              ],
              [
                16.107057056,
                45.812622616
              ],
              [
                16.107056571,
                45.81260003
              ],
              [
                16.106799207,
                45.812602743
              ],
              [
                16.106799345,
                45.812601484
              ]
            ]
          ]
        ]
      }
    },
    {
      "type": "Feature",
      "properties": {
        "name": "javna zgrada 3309",
        "block": "Novi Jelkovec – rekonstrukcija naselja",
        "type": "proposedBuildingSingle",
        "footprintMode": "polygon",
        "height": 17.65700587,
        "heightM": 17.65700587,
        "floors": 6,
        "storeys": 6,
        "floorCountBasis": "procjena iz GDI izmjerene visine / 3 m; nije podatak iz dozvole",
        "color": "#d63384",
        "reconstructionState": "observed-built-state",
        "source": "DGU pravni tlocrt + podudarna GDI izmjerena visina",
        "dguBuildingId": 11902721,
        "dguBuildingNumber": "3309",
        "dguBuildingType": "JAVNA ZGRADA",
        "dguFootprintAreaM2": 347.1176500020972,
        "gdiObjectId": 288182,
        "gdiSurveyYear": 2022,
        "gdiHeightM": 17.65700587,
        "gdiMatchOverlapRatio": 0.8287781413593212,
        "observedUseClass": "D7- Kulturna",
        "observedUseGroup": "Javne i društvene površine",
        "consensus:role": "building",
        "consensus:index": 34
      },
      "geometry": {
        "type": "MultiPolygon",
        "coordinates": [
          [
            [
              [
                16.107463468,
                45.81048889
              ],
              [
                16.107467359,
                45.810685958
              ],
              [
                16.107263535,
                45.810687957
              ],
              [
                16.107263029,
                45.81066843
              ],
              [
                16.107261904,
                45.81060877
              ],
              [
                16.107259386,
                45.810491068
              ],
              [
                16.10738549,
                45.810489702
              ],
              [
                16.10746141,
                45.810488883
              ],
              [
                16.107463468,
                45.81048889
              ]
            ]
          ]
        ]
      }
    },
    {
      "type": "Feature",
      "properties": {
        "name": "kuća 2329",
        "block": "Novi Jelkovec – rekonstrukcija naselja",
        "type": "proposedBuildingSingle",
        "footprintMode": "polygon",
        "height": 21.0314,
        "heightM": 21.0314,
        "floors": 7,
        "storeys": 7,
        "floorCountBasis": "procjena iz GDI izmjerene visine / 3 m; nije podatak iz dozvole",
        "color": "#198754",
        "reconstructionState": "observed-built-state",
        "source": "DGU pravni tlocrt + podudarna GDI izmjerena visina",
        "dguBuildingId": 11907181,
        "dguBuildingNumber": "2329",
        "dguBuildingType": "KUĆA",
        "dguFootprintAreaM2": 297.6763000113721,
        "gdiObjectId": 269006,
        "gdiSurveyYear": 2022,
        "gdiHeightM": 21.0314,
        "gdiMatchOverlapRatio": 0.9921460173300736,
        "observedUseClass": "Stambena i mješovita",
        "observedUseGroup": "Stambene i mješovite površine",
        "consensus:role": "building",
        "consensus:index": 35
      },
      "geometry": {
        "type": "MultiPolygon",
        "coordinates": [
          [
            [
              [
                16.1080344,
                45.81079606
              ],
              [
                16.108250707,
                45.810793833
              ],
              [
                16.108250508,
                45.81080391
              ],
              [
                16.108252089,
                45.810853674
              ],
              [
                16.10825345,
                45.810953286
              ],
              [
                16.108037528,
                45.810955515
              ],
              [
                16.108034843,
                45.810806319
              ],
              [
                16.1080344,
                45.81079606
              ]
            ]
          ]
        ]
      }
    },
    {
      "type": "Feature",
      "properties": {
        "name": "kuća 2218",
        "block": "Novi Jelkovec – rekonstrukcija naselja",
        "type": "proposedBuildingSingle",
        "footprintMode": "polygon",
        "height": 13.996,
        "heightM": 13.996,
        "floors": 5,
        "storeys": 5,
        "floorCountBasis": "procjena iz GDI izmjerene visine / 3 m; nije podatak iz dozvole",
        "color": "#fd7e14",
        "reconstructionState": "observed-built-state",
        "source": "DGU pravni tlocrt + podudarna GDI izmjerena visina",
        "dguBuildingId": 11905116,
        "dguBuildingNumber": "2218",
        "dguBuildingType": "KUĆA",
        "dguFootprintAreaM2": 261.54684999988876,
        "gdiObjectId": 251408,
        "gdiSurveyYear": 2008,
        "gdiHeightM": 13.996,
        "gdiMatchOverlapRatio": 0.952122593758673,
        "observedUseClass": "Stambena i mješovita",
        "observedUseGroup": "Stambene i mješovite površine",
        "consensus:role": "building",
        "consensus:index": 36
      },
      "geometry": {
        "type": "MultiPolygon",
        "coordinates": [
          [
            [
              [
                16.1082698,
                45.812034805
              ],
              [
                16.10826491,
                45.812034878
              ],
              [
                16.108265483,
                45.812063314
              ],
              [
                16.108248625,
                45.812063616
              ],
              [
                16.108248811,
                45.812073784
              ],
              [
                16.108248925,
                45.812075854
              ],
              [
                16.108060537,
                45.812077638
              ],
              [
                16.108059321,
                45.812030934
              ],
              [
                16.108055461,
                45.812030921
              ],
              [
                16.108053559,
                45.811953442
              ],
              [
                16.108057805,
                45.811953547
              ],
              [
                16.108057692,
                45.811932941
              ],
              [
                16.108080084,
                45.811932478
              ],
              [
                16.10826358,
                45.811930948
              ],
              [
                16.108263823,
                45.811951374
              ],
              [
                16.108268069,
                45.811951298
              ],
              [
                16.1082698,
                45.812034805
              ]
            ]
          ]
        ]
      }
    },
    {
      "type": "Feature",
      "properties": {
        "name": "kuća 2328",
        "block": "Novi Jelkovec – rekonstrukcija naselja",
        "type": "proposedBuildingSingle",
        "footprintMode": "polygon",
        "height": 21.6594,
        "heightM": 21.6594,
        "floors": 7,
        "storeys": 7,
        "floorCountBasis": "procjena iz GDI izmjerene visine / 3 m; nije podatak iz dozvole",
        "color": "#0dcaf0",
        "reconstructionState": "observed-built-state",
        "source": "DGU pravni tlocrt + podudarna GDI izmjerena visina",
        "dguBuildingId": 11907180,
        "dguBuildingNumber": "2328",
        "dguBuildingType": "KUĆA",
        "dguFootprintAreaM2": 282.1434999968849,
        "gdiObjectId": 268988,
        "gdiSurveyYear": 2022,
        "gdiHeightM": 21.6594,
        "gdiMatchOverlapRatio": 0.9983894214784512,
        "observedUseClass": "Stambena i mješovita",
        "observedUseGroup": "Stambene i mješovite površine",
        "consensus:role": "building",
        "consensus:index": 37
      },
      "geometry": {
        "type": "MultiPolygon",
        "coordinates": [
          [
            [
              [
                16.108549437,
                45.810083029
              ],
              [
                16.108557415,
                45.810082966
              ],
              [
                16.108558985,
                45.810171061
              ],
              [
                16.108551007,
                45.810171124
              ],
              [
                16.108508802,
                45.810171519
              ],
              [
                16.108508881,
                45.810178538
              ],
              [
                16.108391273,
                45.810179485
              ],
              [
                16.108383166,
                45.810179637
              ],
              [
                16.108383086,
                45.810172618
              ],
              [
                16.108342296,
                45.810173018
              ],
              [
                16.108334833,
                45.810173083
              ],
              [
                16.108333391,
                45.810085078
              ],
              [
                16.108340854,
                45.810085013
              ],
              [
                16.108339973,
                45.810027154
              ],
              [
                16.108344734,
                45.81002708
              ],
              [
                16.108423483,
                45.81002636
              ],
              [
                16.108464144,
                45.81002605
              ],
              [
                16.108542636,
                45.810025329
              ],
              [
                16.108548297,
                45.810025438
              ],
              [
                16.108549437,
                45.810083029
              ]
            ]
          ]
        ]
      }
    },
    {
      "type": "Feature",
      "properties": {
        "name": "kuća 2513",
        "block": "Novi Jelkovec – rekonstrukcija naselja",
        "type": "proposedBuildingSingle",
        "footprintMode": "polygon",
        "height": 21.63490321,
        "heightM": 21.63490321,
        "floors": 7,
        "storeys": 7,
        "floorCountBasis": "procjena iz GDI izmjerene visine / 3 m; nije podatak iz dozvole",
        "color": "#ffc107",
        "reconstructionState": "observed-built-state",
        "source": "DGU pravni tlocrt + podudarna GDI izmjerena visina",
        "dguBuildingId": 11910754,
        "dguBuildingNumber": "2513",
        "dguBuildingType": "KUĆA",
        "dguFootprintAreaM2": 282.58889999895604,
        "gdiObjectId": 268876,
        "gdiSurveyYear": 2022,
        "gdiHeightM": 21.63490321,
        "gdiMatchOverlapRatio": 0.9999188774989697,
        "observedUseClass": "Stambena i mješovita",
        "observedUseGroup": "Stambene i mješovite površine",
        "consensus:role": "building",
        "consensus:index": 38
      },
      "geometry": {
        "type": "MultiPolygon",
        "coordinates": [
          [
            [
              [
                16.108363066,
                45.811211723
              ],
              [
                16.108362182,
                45.811154223
              ],
              [
                16.108366428,
                45.811154147
              ],
              [
                16.108445953,
                45.81115316
              ],
              [
                16.108485457,
                45.811152756
              ],
              [
                16.108565625,
                45.811151861
              ],
              [
                16.108570515,
                45.811151697
              ],
              [
                16.108571653,
                45.811209648
              ],
              [
                16.108579374,
                45.811209585
              ],
              [
                16.108581071,
                45.81129795
              ],
              [
                16.108573611,
                45.811297565
              ],
              [
                16.108530632,
                45.811298047
              ],
              [
                16.108530837,
                45.811305516
              ],
              [
                16.108430467,
                45.811306612
              ],
              [
                16.10840679,
                45.811306801
              ],
              [
                16.108406585,
                45.811299422
              ],
              [
                16.108364249,
                45.811299907
              ],
              [
                16.108356528,
                45.81129997
              ],
              [
                16.108355216,
                45.811211876
              ],
              [
                16.108363066,
                45.811211723
              ]
            ]
          ]
        ]
      }
    },
    {
      "type": "Feature",
      "properties": {
        "name": "kuća 2356",
        "block": "Novi Jelkovec – rekonstrukcija naselja",
        "type": "proposedBuildingSingle",
        "footprintMode": "polygon",
        "height": 21.35369446,
        "heightM": 21.35369446,
        "floors": 7,
        "storeys": 7,
        "floorCountBasis": "procjena iz GDI izmjerene visine / 3 m; nije podatak iz dozvole",
        "color": "#20c997",
        "reconstructionState": "observed-built-state",
        "source": "DGU pravni tlocrt + podudarna GDI izmjerena visina",
        "dguBuildingId": 11901149,
        "dguBuildingNumber": "2356",
        "dguBuildingType": "KUĆA",
        "dguFootprintAreaM2": 259.0777999973451,
        "gdiObjectId": 288194,
        "gdiSurveyYear": 2022,
        "gdiHeightM": 21.35369446,
        "gdiMatchOverlapRatio": 0.9948534415133989,
        "observedUseClass": "Stambena i mješovita",
        "observedUseGroup": "Stambene i mješovite površine",
        "consensus:role": "building",
        "consensus:index": 39
      },
      "geometry": {
        "type": "MultiPolygon",
        "coordinates": [
          [
            [
              [
                16.108678728,
                45.810655291
              ],
              [
                16.108805089,
                45.810654104
              ],
              [
                16.108879979,
                45.810653371
              ],
              [
                16.108882924,
                45.810655361
              ],
              [
                16.108884461,
                45.810748405
              ],
              [
                16.108885284,
                45.810796187
              ],
              [
                16.108882439,
                45.810798246
              ],
              [
                16.108681187,
                45.810800257
              ],
              [
                16.108678243,
                45.810798177
              ],
              [
                16.108675883,
                45.810657351
              ],
              [
                16.108678728,
                45.810655291
              ]
            ]
          ]
        ]
      }
    },
    {
      "type": "Feature",
      "properties": {
        "name": "kuća 2962",
        "block": "Novi Jelkovec – rekonstrukcija naselja",
        "type": "proposedBuildingSingle",
        "footprintMode": "polygon",
        "height": 20.6604,
        "heightM": 20.6604,
        "floors": 7,
        "storeys": 7,
        "floorCountBasis": "procjena iz GDI izmjerene visine / 3 m; nije podatak iz dozvole",
        "color": "#2f6fed",
        "reconstructionState": "observed-built-state",
        "source": "DGU pravni tlocrt + podudarna GDI izmjerena visina",
        "dguBuildingId": 11911618,
        "dguBuildingNumber": "2962",
        "dguBuildingType": "KUĆA",
        "dguFootprintAreaM2": 255.90799999987257,
        "gdiObjectId": 269008,
        "gdiSurveyYear": 2022,
        "gdiHeightM": 20.6604,
        "gdiMatchOverlapRatio": 0.9998199479515097,
        "observedUseClass": "Stambena i mješovita",
        "observedUseGroup": "Stambene i mješovite površine",
        "consensus:role": "building",
        "consensus:index": 40
      },
      "geometry": {
        "type": "MultiPolygon",
        "coordinates": [
          [
            [
              [
                16.108904124,
                45.811781167
              ],
              [
                16.108907751,
                45.811924786
              ],
              [
                16.108701478,
                45.811926689
              ],
              [
                16.108698498,
                45.811782622
              ],
              [
                16.108829234,
                45.81178172
              ],
              [
                16.108904124,
                45.811781167
              ]
            ]
          ]
        ]
      }
    },
    {
      "type": "Feature",
      "properties": {
        "name": "kuća 2664",
        "block": "Novi Jelkovec – rekonstrukcija naselja",
        "type": "proposedBuildingSingle",
        "footprintMode": "polygon",
        "height": 17.46,
        "heightM": 17.46,
        "floors": 6,
        "storeys": 6,
        "floorCountBasis": "procjena iz GDI izmjerene visine / 3 m; nije podatak iz dozvole",
        "color": "#6f42c1",
        "reconstructionState": "observed-built-state",
        "source": "DGU pravni tlocrt + podudarna GDI izmjerena visina",
        "dguBuildingId": 11906705,
        "dguBuildingNumber": "2664",
        "dguBuildingType": "KUĆA",
        "dguFootprintAreaM2": 274.53329999819823,
        "gdiObjectId": 251288,
        "gdiSurveyYear": 2008,
        "gdiHeightM": 17.46,
        "gdiMatchOverlapRatio": 0.9523397350344648,
        "observedUseClass": "Stambena i mješovita",
        "observedUseGroup": "Stambene i mješovite površine",
        "consensus:role": "building",
        "consensus:index": 41
      },
      "geometry": {
        "type": "MultiPolygon",
        "coordinates": [
          [
            [
              [
                16.108991178,
                45.810318218
              ],
              [
                16.108986553,
                45.810170096
              ],
              [
                16.109200677,
                45.810166959
              ],
              [
                16.109203496,
                45.810315795
              ],
              [
                16.109118568,
                45.810316764
              ],
              [
                16.109118679,
                45.810319374
              ],
              [
                16.109075444,
                45.810319766
              ],
              [
                16.109075461,
                45.810317337
              ],
              [
                16.108991178,
                45.810318218
              ]
            ]
          ]
        ]
      }
    },
    {
      "type": "Feature",
      "properties": {
        "name": "kuća 2514",
        "block": "Novi Jelkovec – rekonstrukcija naselja",
        "type": "proposedBuildingSingle",
        "footprintMode": "polygon",
        "height": 20.8714,
        "heightM": 20.8714,
        "floors": 7,
        "storeys": 7,
        "floorCountBasis": "procjena iz GDI izmjerene visine / 3 m; nije podatak iz dozvole",
        "color": "#d63384",
        "reconstructionState": "observed-built-state",
        "source": "DGU pravni tlocrt + podudarna GDI izmjerena visina",
        "dguBuildingId": 11910755,
        "dguBuildingNumber": "2514",
        "dguBuildingType": "KUĆA",
        "dguFootprintAreaM2": 256.2382999965742,
        "gdiObjectId": 268989,
        "gdiSurveyYear": 2022,
        "gdiHeightM": 20.8714,
        "gdiMatchOverlapRatio": 0.8571210383444062,
        "observedUseClass": "Stambena i mješovita",
        "observedUseGroup": "Stambene i mješovite površine",
        "consensus:role": "building",
        "consensus:index": 42
      },
      "geometry": {
        "type": "MultiPolygon",
        "coordinates": [
          [
            [
              [
                16.109219045,
                45.811440862
              ],
              [
                16.109013161,
                45.811442587
              ],
              [
                16.109010438,
                45.811298521
              ],
              [
                16.109216321,
                45.811296795
              ],
              [
                16.109219045,
                45.811440862
              ]
            ]
          ]
        ]
      }
    },
    {
      "type": "Feature",
      "properties": {
        "name": "kuća 2217",
        "block": "Novi Jelkovec – rekonstrukcija naselja",
        "type": "proposedBuildingSingle",
        "footprintMode": "polygon",
        "height": 17.529,
        "heightM": 17.529,
        "floors": 6,
        "storeys": 6,
        "floorCountBasis": "procjena iz GDI izmjerene visine / 3 m; nije podatak iz dozvole",
        "color": "#198754",
        "reconstructionState": "observed-built-state",
        "source": "DGU pravni tlocrt + podudarna GDI izmjerena visina",
        "dguBuildingId": 11905115,
        "dguBuildingNumber": "2217",
        "dguBuildingType": "KUĆA",
        "dguFootprintAreaM2": 297.61459999581876,
        "gdiObjectId": 251287,
        "gdiSurveyYear": 2008,
        "gdiHeightM": 17.529,
        "gdiMatchOverlapRatio": 0.9901942958145493,
        "observedUseClass": "Stambena i mješovita",
        "observedUseGroup": "Stambene i mješovite površine",
        "consensus:role": "building",
        "consensus:index": 43
      },
      "geometry": {
        "type": "MultiPolygon",
        "coordinates": [
          [
            [
              [
                16.109321362,
                45.81079327
              ],
              [
                16.109320531,
                45.810783369
              ],
              [
                16.109537481,
                45.810781141
              ],
              [
                16.109537669,
                45.81079113
              ],
              [
                16.109538564,
                45.8108471
              ],
              [
                16.109539583,
                45.810940682
              ],
              [
                16.109324049,
                45.810942735
              ],
              [
                16.109321362,
                45.81079327
              ]
            ]
          ]
        ]
      }
    },
    {
      "type": "Feature",
      "properties": {
        "name": "kuća 2551",
        "block": "Novi Jelkovec – rekonstrukcija naselja",
        "type": "proposedBuildingSingle",
        "footprintMode": "polygon",
        "height": 21.05277526,
        "heightM": 21.05277526,
        "floors": 7,
        "storeys": 7,
        "floorCountBasis": "procjena iz GDI izmjerene visine / 3 m; nije podatak iz dozvole",
        "color": "#fd7e14",
        "reconstructionState": "observed-built-state",
        "source": "DGU pravni tlocrt + podudarna GDI izmjerena visina",
        "dguBuildingId": 11910002,
        "dguBuildingNumber": "2551",
        "dguBuildingType": "KUĆA",
        "dguFootprintAreaM2": 261.75254999795266,
        "gdiObjectId": 269009,
        "gdiSurveyYear": 2022,
        "gdiHeightM": 21.05277526,
        "gdiMatchOverlapRatio": 0.9999622468250955,
        "observedUseClass": "Stambena i mješovita",
        "observedUseGroup": "Stambene i mješovite površine",
        "consensus:role": "building",
        "consensus:index": 44
      },
      "geometry": {
        "type": "MultiPolygon",
        "coordinates": [
          [
            [
              [
                16.109341126,
                45.811941565
              ],
              [
                16.109344345,
                45.811941306
              ],
              [
                16.109344231,
                45.811920791
              ],
              [
                16.10936405,
                45.811920229
              ],
              [
                16.109549605,
                45.811918613
              ],
              [
                16.109549719,
                45.811939219
              ],
              [
                16.109554349,
                45.811939505
              ],
              [
                16.109556087,
                45.812022292
              ],
              [
                16.109551583,
                45.812022366
              ],
              [
                16.109551897,
                45.812051071
              ],
              [
                16.109534911,
                45.812051283
              ],
              [
                16.109535097,
                45.812061451
              ],
              [
                16.109535076,
                45.81206442
              ],
              [
                16.10934682,
                45.812065756
              ],
              [
                16.109345735,
                45.812018513
              ],
              [
                16.109342649,
                45.812018323
              ],
              [
                16.109341126,
                45.811941565
              ]
            ]
          ]
        ]
      }
    },
    {
      "type": "Feature",
      "properties": {
        "name": "kuća 3043",
        "block": "Novi Jelkovec – rekonstrukcija naselja",
        "type": "proposedBuildingSingle",
        "footprintMode": "polygon",
        "height": 7.99839216,
        "heightM": 7.99839216,
        "floors": 3,
        "storeys": 3,
        "floorCountBasis": "procjena iz GDI izmjerene visine / 3 m; nije podatak iz dozvole",
        "color": "#0dcaf0",
        "reconstructionState": "observed-built-state",
        "source": "DGU pravni tlocrt + podudarna GDI izmjerena visina",
        "dguBuildingId": 11909838,
        "dguBuildingNumber": "3043",
        "dguBuildingType": "KUĆA",
        "dguFootprintAreaM2": 2290.91549999175,
        "gdiObjectId": 288178,
        "gdiSurveyYear": 2022,
        "gdiHeightM": 7.99839216,
        "gdiMatchOverlapRatio": 0.3191816406400227,
        "observedUseClass": "D4- Predškolska",
        "observedUseGroup": "Javne i društvene površine",
        "consensus:role": "building",
        "consensus:index": 45
      },
      "geometry": {
        "type": "MultiPolygon",
        "coordinates": [
          [
            [
              [
                16.110211388,
                45.812486574
              ],
              [
                16.110211917,
                45.812502952
              ],
              [
                16.110212608,
                45.812533007
              ],
              [
                16.110212919,
                45.812543806
              ],
              [
                16.11021352,
                45.812568282
              ],
              [
                16.109960276,
                45.812570657
              ],
              [
                16.109901339,
                45.812571266
              ],
              [
                16.109722601,
                45.812572995
              ],
              [
                16.109388802,
                45.812576173
              ],
              [
                16.109330767,
                45.812576695
              ],
              [
                16.109134528,
                45.812578633
              ],
              [
                16.10895682,
                45.812580185
              ],
              [
                16.1087979,
                45.81258144
              ],
              [
                16.108797303,
                45.812556424
              ],
              [
                16.108797122,
                45.812545626
              ],
              [
                16.108796428,
                45.81251602
              ],
              [
                16.108796155,
                45.812499913
              ],
              [
                16.108795453,
                45.812471477
              ],
              [
                16.108794234,
                45.812406688
              ],
              [
                16.108793303,
                45.812392648
              ],
              [
                16.109130318,
                45.812389392
              ],
              [
                16.109129888,
                45.812395779
              ],
              [
                16.109130736,
                45.81240325
              ],
              [
                16.109130581,
                45.812425385
              ],
              [
                16.109152459,
                45.81242492
              ],
              [
                16.109151635,
                45.812395494
              ],
              [
                16.109151655,
                45.812392704
              ],
              [
                16.109274417,
                45.812391504
              ],
              [
                16.10927444,
                45.812388085
              ],
              [
                16.109724695,
                45.812383775
              ],
              [
                16.10972467,
                45.812387285
              ],
              [
                16.109851029,
                45.812386906
              ],
              [
                16.109851969,
                45.812418042
              ],
              [
                16.10987346,
                45.812417756
              ],
              [
                16.10987284,
                45.812395979
              ],
              [
                16.109873031,
                45.812387071
              ],
              [
                16.109872805,
                45.812382482
              ],
              [
                16.110208792,
                45.812379129
              ],
              [
                16.110208954,
                45.812392807
              ],
              [
                16.110211388,
                45.812486574
              ]
            ]
          ]
        ]
      }
    },
    {
      "type": "Feature",
      "properties": {
        "name": "kuća 2316",
        "block": "Novi Jelkovec – rekonstrukcija naselja",
        "type": "proposedBuildingSingle",
        "footprintMode": "polygon",
        "height": 21.66364313,
        "heightM": 21.66364313,
        "floors": 7,
        "storeys": 7,
        "floorCountBasis": "procjena iz GDI izmjerene visine / 3 m; nije podatak iz dozvole",
        "color": "#ffc107",
        "reconstructionState": "observed-built-state",
        "source": "DGU pravni tlocrt + podudarna GDI izmjerena visina",
        "dguBuildingId": 11907168,
        "dguBuildingNumber": "2316",
        "dguBuildingType": "KUĆA",
        "dguFootprintAreaM2": 281.2070000001615,
        "gdiObjectId": 268985,
        "gdiSurveyYear": 2022,
        "gdiHeightM": 21.66364313,
        "gdiMatchOverlapRatio": 0.9986944669259621,
        "observedUseClass": "Stambena i mješovita",
        "observedUseGroup": "Stambene i mješovite površine",
        "consensus:role": "building",
        "consensus:index": 46
      },
      "geometry": {
        "type": "MultiPolygon",
        "coordinates": [
          [
            [
              [
                16.109621335,
                45.810160479
              ],
              [
                16.109619374,
                45.810072743
              ],
              [
                16.109627095,
                45.810072679
              ],
              [
                16.109625698,
                45.810014727
              ],
              [
                16.109630717,
                45.810014565
              ],
              [
                16.109829906,
                45.810012815
              ],
              [
                16.109834023,
                45.81001274
              ],
              [
                16.10983529,
                45.810070871
              ],
              [
                16.109842367,
                45.810070805
              ],
              [
                16.109845102,
                45.810158274
              ],
              [
                16.109837382,
                45.810158248
              ],
              [
                16.109794533,
                45.810158731
              ],
              [
                16.10979461,
                45.81016602
              ],
              [
                16.109718563,
                45.81016675
              ],
              [
                16.109678287,
                45.810167152
              ],
              [
                16.109671468,
                45.810167219
              ],
              [
                16.10967139,
                45.81015993
              ],
              [
                16.109629313,
                45.810160327
              ],
              [
                16.109621335,
                45.810160479
              ]
            ]
          ]
        ]
      }
    },
    {
      "type": "Feature",
      "properties": {
        "name": "kuća 2357",
        "block": "Novi Jelkovec – rekonstrukcija naselja",
        "type": "proposedBuildingSingle",
        "footprintMode": "polygon",
        "height": 21.84746561,
        "heightM": 21.84746561,
        "floors": 7,
        "storeys": 7,
        "floorCountBasis": "procjena iz GDI izmjerene visine / 3 m; nije podatak iz dozvole",
        "color": "#20c997",
        "reconstructionState": "observed-built-state",
        "source": "DGU pravni tlocrt + podudarna GDI izmjerena visina",
        "dguBuildingId": 11901150,
        "dguBuildingNumber": "2357",
        "dguBuildingType": "KUĆA",
        "dguFootprintAreaM2": 273.89424999862956,
        "gdiObjectId": 268987,
        "gdiSurveyYear": 2022,
        "gdiHeightM": 21.84746561,
        "gdiMatchOverlapRatio": 0.9848986552412206,
        "observedUseClass": "Stambena i mješovita",
        "observedUseGroup": "Stambene i mješovite površine",
        "consensus:role": "building",
        "consensus:index": 47
      },
      "geometry": {
        "type": "MultiPolygon",
        "coordinates": [
          [
            [
              [
                16.109866698,
                45.811285341
              ],
              [
                16.109858847,
                45.811285584
              ],
              [
                16.109699931,
                45.811286841
              ],
              [
                16.109651162,
                45.811287304
              ],
              [
                16.109643314,
                45.811287277
              ],
              [
                16.109641613,
                45.811199272
              ],
              [
                16.109649076,
                45.811199207
              ],
              [
                16.109648043,
                45.811144406
              ],
              [
                16.109648061,
                45.811141797
              ],
              [
                16.109653723,
                45.811141726
              ],
              [
                16.109731445,
                45.811141002
              ],
              [
                16.109773394,
                45.811140605
              ],
              [
                16.109851373,
                45.811139792
              ],
              [
                16.109856391,
                45.811139809
              ],
              [
                16.109857407,
                45.811196949
              ],
              [
                16.109865771,
                45.811196888
              ],
              [
                16.109866698,
                45.811285341
              ]
            ]
          ]
        ]
      }
    },
    {
      "type": "Feature",
      "properties": {
        "name": "kuća 2219",
        "block": "Novi Jelkovec – rekonstrukcija naselja",
        "type": "proposedBuildingSingle",
        "footprintMode": "polygon",
        "height": 20.2904,
        "heightM": 20.2904,
        "floors": 7,
        "storeys": 7,
        "floorCountBasis": "procjena iz GDI izmjerene visine / 3 m; nije podatak iz dozvole",
        "color": "#2f6fed",
        "reconstructionState": "observed-built-state",
        "source": "DGU pravni tlocrt + podudarna GDI izmjerena visina",
        "dguBuildingId": 11905117,
        "dguBuildingNumber": "2219",
        "dguBuildingType": "KUĆA",
        "dguFootprintAreaM2": 303.30534999556664,
        "gdiObjectId": 268986,
        "gdiSurveyYear": 2022,
        "gdiHeightM": 20.2904,
        "gdiMatchOverlapRatio": 0.9997683695869702,
        "observedUseClass": "Stambena i mješovita",
        "observedUseGroup": "Stambene i mješovite površine",
        "consensus:role": "building",
        "consensus:index": 48
      },
      "geometry": {
        "type": "MultiPolygon",
        "coordinates": [
          [
            [
              [
                16.10994375,
                45.810643241
              ],
              [
                16.109962279,
                45.810643034
              ],
              [
                16.110042959,
                45.810642319
              ],
              [
                16.11016829,
                45.810641217
              ],
              [
                16.110186564,
                45.81064074
              ],
              [
                16.110189154,
                45.810785976
              ],
              [
                16.110170625,
                45.810786002
              ],
              [
                16.109964487,
                45.810787638
              ],
              [
                16.10994673,
                45.810787758
              ],
              [
                16.10994375,
                45.810643241
              ]
            ]
          ]
        ]
      }
    },
    {
      "type": "Feature",
      "properties": {
        "name": "kuća 2587",
        "block": "Novi Jelkovec – rekonstrukcija naselja",
        "type": "proposedBuildingSingle",
        "footprintMode": "polygon",
        "height": 20.8564,
        "heightM": 20.8564,
        "floors": 7,
        "storeys": 7,
        "floorCountBasis": "procjena iz GDI izmjerene visine / 3 m; nije podatak iz dozvole",
        "color": "#6f42c1",
        "reconstructionState": "observed-built-state",
        "source": "DGU pravni tlocrt + podudarna GDI izmjerena visina",
        "dguBuildingId": 11904424,
        "dguBuildingNumber": "2587",
        "dguBuildingType": "KUĆA",
        "dguFootprintAreaM2": 293.6267499996639,
        "gdiObjectId": 269007,
        "gdiSurveyYear": 2022,
        "gdiHeightM": 20.8564,
        "gdiMatchOverlapRatio": 0.9970517366527644,
        "observedUseClass": "Stambena i mješovita",
        "observedUseGroup": "Stambene i mješovite površine",
        "consensus:role": "building",
        "consensus:index": 49
      },
      "geometry": {
        "type": "MultiPolygon",
        "coordinates": [
          [
            [
              [
                16.110168535,
                45.811915598
              ],
              [
                16.110012316,
                45.811917224
              ],
              [
                16.110012335,
                45.811914615
              ],
              [
                16.109986727,
                45.811914887
              ],
              [
                16.109986244,
                45.811891941
              ],
              [
                16.109982255,
                45.811891927
              ],
              [
                16.109980509,
                45.81181031
              ],
              [
                16.109984498,
                45.811810324
              ],
              [
                16.109983745,
                45.81177073
              ],
              [
                16.109983332,
                45.811756062
              ],
              [
                16.110190893,
                45.811753981
              ],
              [
                16.110191047,
                45.811768738
              ],
              [
                16.110191669,
                45.811808691
              ],
              [
                16.110196044,
                45.811808616
              ],
              [
                16.110196425,
                45.811827783
              ],
              [
                16.11019766,
                45.811890593
              ],
              [
                16.110193414,
                45.811890578
              ],
              [
                16.110193774,
                45.811912804
              ],
              [
                16.110191843,
                45.811912888
              ],
              [
                16.110168423,
                45.811913078
              ],
              [
                16.110168535,
                45.811915598
              ]
            ]
          ]
        ]
      }
    },
    {
      "type": "Feature",
      "properties": {
        "name": "zgrada mješovite uporabe 3617",
        "block": "Novi Jelkovec – rekonstrukcija naselja",
        "type": "proposedBuildingSingle",
        "footprintMode": "polygon",
        "height": 17.8904,
        "heightM": 17.8904,
        "floors": 6,
        "storeys": 6,
        "floorCountBasis": "procjena iz GDI izmjerene visine / 3 m; nije podatak iz dozvole",
        "color": "#d63384",
        "reconstructionState": "observed-built-state",
        "source": "DGU pravni tlocrt + podudarna GDI izmjerena visina",
        "dguBuildingId": 11904601,
        "dguBuildingNumber": "3617",
        "dguBuildingType": "ZGRADA MJEŠOVITE UPORABE",
        "dguFootprintAreaM2": 1145.8555499947092,
        "gdiObjectId": 268982,
        "gdiSurveyYear": 2022,
        "gdiHeightM": 17.8904,
        "gdiMatchOverlapRatio": 0.376503333802898,
        "observedUseClass": "Stambena i mješovita",
        "observedUseGroup": "Stambene i mješovite površine",
        "consensus:role": "building",
        "consensus:index": 50
      },
      "geometry": {
        "type": "MultiPolygon",
        "coordinates": [
          [
            [
              [
                16.110666672,
                45.810246197
              ],
              [
                16.110666179,
                45.8102246
              ],
              [
                16.110663297,
                45.810084223
              ],
              [
                16.110790172,
                45.810082945
              ],
              [
                16.110859142,
                45.81008228
              ],
              [
                16.110862334,
                45.810251993
              ],
              [
                16.110864083,
                45.81033352
              ],
              [
                16.110872822,
                45.810759962
              ],
              [
                16.110676846,
                45.810761994
              ],
              [
                16.110675253,
                45.810676688
              ],
              [
                16.110670786,
                45.810449835
              ],
              [
                16.110668606,
                45.810337983
              ],
              [
                16.110668625,
                45.810335194
              ],
              [
                16.110667324,
                45.810281831
              ],
              [
                16.110666745,
                45.810254206
              ],
              [
                16.110666672,
                45.810246197
              ]
            ]
          ]
        ]
      }
    },
    {
      "type": "Feature",
      "properties": {
        "name": "zgrada mješovite uporabe 3644",
        "block": "Novi Jelkovec – rekonstrukcija naselja",
        "type": "proposedBuildingSingle",
        "footprintMode": "polygon",
        "height": 22.499,
        "heightM": 22.499,
        "floors": 7,
        "storeys": 7,
        "floorCountBasis": "procjena iz GDI izmjerene visine / 3 m; nije podatak iz dozvole",
        "color": "#198754",
        "reconstructionState": "observed-built-state",
        "source": "DGU pravni tlocrt + podudarna GDI izmjerena visina",
        "dguBuildingId": 11904806,
        "dguBuildingNumber": "3644",
        "dguBuildingType": "ZGRADA MJEŠOVITE UPORABE",
        "dguFootprintAreaM2": 1541.8154999986334,
        "gdiObjectId": 251289,
        "gdiSurveyYear": 2008,
        "gdiHeightM": 22.499,
        "gdiMatchOverlapRatio": 0.3700158498627018,
        "observedUseClass": "Stambena i mješovita",
        "observedUseGroup": "Stambene i mješovite površine",
        "consensus:role": "building",
        "consensus:index": 51
      },
      "geometry": {
        "type": "MultiPolygon",
        "coordinates": [
          [
            [
              [
                16.11077985,
                45.811841829
              ],
              [
                16.110693894,
                45.811842436
              ],
              [
                16.110693774,
                45.811841086
              ],
              [
                16.110693108,
                45.811807431
              ],
              [
                16.110692919,
                45.811797623
              ],
              [
                16.110691675,
                45.811736163
              ],
              [
                16.110691103,
                45.811707457
              ],
              [
                16.110690448,
                45.811672183
              ],
              [
                16.110689495,
                45.811624311
              ],
              [
                16.110688239,
                45.81156438
              ],
              [
                16.1106864,
                45.811477454
              ],
              [
                16.110685076,
                45.811427421
              ],
              [
                16.11068496,
                45.811425621
              ],
              [
                16.110683919,
                45.811371899
              ],
              [
                16.110682317,
                45.811287853
              ],
              [
                16.110681276,
                45.811234132
              ],
              [
                16.110680126,
                45.811177531
              ],
              [
                16.110678518,
                45.811094474
              ],
              [
                16.110677483,
                45.811039853
              ],
              [
                16.110676159,
                45.810971284
              ],
              [
                16.110734965,
                45.810970765
              ],
              [
                16.110876119,
                45.810970166
              ],
              [
                16.110878494,
                45.811091016
              ],
              [
                16.110892648,
                45.811090885
              ],
              [
                16.11089309,
                45.811119859
              ],
              [
                16.110895406,
                45.811119867
              ],
              [
                16.110896546,
                45.811177908
              ],
              [
                16.110880461,
                45.811178033
              ],
              [
                16.110882544,
                45.811285386
              ],
              [
                16.1108985,
                45.81128526
              ],
              [
                16.110900216,
                45.811371466
              ],
              [
                16.11088426,
                45.811371682
              ],
              [
                16.1108853,
                45.811425493
              ],
              [
                16.11088636,
                45.811476605
              ],
              [
                16.110902441,
                45.81147693
              ],
              [
                16.110903645,
                45.811562684
              ],
              [
                16.110888075,
                45.811562811
              ],
              [
                16.110890285,
                45.811670434
              ],
              [
                16.110905599,
                45.811670127
              ],
              [
                16.110906619,
                45.811726907
              ],
              [
                16.110891435,
                45.811727125
              ],
              [
                16.110893347,
                45.811840506
              ],
              [
                16.110820643,
                45.811841248
              ],
              [
                16.110796579,
                45.811841526
              ],
              [
                16.110795444,
                45.811801301
              ],
              [
                16.110778716,
                45.811801424
              ],
              [
                16.11077985,
                45.811841829
              ]
            ]
          ]
        ]
      }
    },
    {
      "type": "Feature",
      "properties": {
        "name": "zgrada mješovite uporabe 3081",
        "block": "Novi Jelkovec – rekonstrukcija naselja",
        "type": "proposedBuildingSingle",
        "footprintMode": "polygon",
        "height": 16.47448683,
        "heightM": 16.47448683,
        "floors": 5,
        "storeys": 5,
        "floorCountBasis": "procjena iz GDI izmjerene visine / 3 m; nije podatak iz dozvole",
        "color": "#fd7e14",
        "reconstructionState": "observed-built-state",
        "source": "DGU pravni tlocrt + podudarna GDI izmjerena visina",
        "dguBuildingId": 11904658,
        "dguBuildingNumber": "3081",
        "dguBuildingType": "ZGRADA MJEŠOVITE UPORABE",
        "dguFootprintAreaM2": 1453.7644499981461,
        "gdiObjectId": 288186,
        "gdiSurveyYear": 2022,
        "gdiHeightM": 16.47448683,
        "gdiMatchOverlapRatio": 0.4753534657098457,
        "observedUseClass": "Stambena i mješovita",
        "observedUseGroup": "Stambene i mješovite površine",
        "consensus:role": "building",
        "consensus:index": 52
      },
      "geometry": {
        "type": "MultiPolygon",
        "coordinates": [
          [
            [
              [
                16.111377946,
                45.810986
              ],
              [
                16.111196642,
                45.810987363
              ],
              [
                16.111193007,
                45.810807032
              ],
              [
                16.111191578,
                45.810735044
              ],
              [
                16.111171376,
                45.810735245
              ],
              [
                16.111170703,
                45.81070258
              ],
              [
                16.111190905,
                45.810702379
              ],
              [
                16.111190635,
                45.810685642
              ],
              [
                16.111170176,
                45.810685842
              ],
              [
                16.111169758,
                45.810653358
              ],
              [
                16.111189961,
                45.810653157
              ],
              [
                16.111189128,
                45.810606454
              ],
              [
                16.111168411,
                45.810606654
              ],
              [
                16.11116812,
                45.81057453
              ],
              [
                16.11118845,
                45.810574329
              ],
              [
                16.111188183,
                45.810557322
              ],
              [
                16.111167595,
                45.810557522
              ],
              [
                16.111167305,
                45.810525219
              ],
              [
                16.111187506,
                45.810525108
              ],
              [
                16.111187109,
                45.81050819
              ],
              [
                16.111166908,
                45.810508301
              ],
              [
                16.11116636,
                45.810476087
              ],
              [
                16.111186562,
                45.810475886
              ],
              [
                16.111185612,
                45.810427473
              ],
              [
                16.111165281,
                45.810427674
              ],
              [
                16.111164862,
                45.81039546
              ],
              [
                16.111184936,
                45.810395258
              ],
              [
                16.111184539,
                45.810378251
              ],
              [
                16.111164337,
                45.810378452
              ],
              [
                16.111163661,
                45.810346147
              ],
              [
                16.111183992,
                45.810345946
              ],
              [
                16.111183596,
                45.810328939
              ],
              [
                16.111163136,
                45.810329139
              ],
              [
                16.111162718,
                45.810296745
              ],
              [
                16.111183177,
                45.810296635
              ],
              [
                16.111182948,
                45.810274049
              ],
              [
                16.11118247,
                45.810250293
              ],
              [
                16.111161754,
                45.810250492
              ],
              [
                16.111161206,
                45.810218188
              ],
              [
                16.111181795,
                45.810217988
              ],
              [
                16.111181398,
                45.810200981
              ],
              [
                16.111160681,
                45.81020118
              ],
              [
                16.111159877,
                45.810168875
              ],
              [
                16.111180852,
                45.810168586
              ],
              [
                16.111180454,
                45.810151759
              ],
              [
                16.111159866,
                45.810151958
              ],
              [
                16.111159319,
                45.810119564
              ],
              [
                16.111179779,
                45.810119364
              ],
              [
                16.111179444,
                45.810093448
              ],
              [
                16.111360233,
                45.810091724
              ],
              [
                16.111361671,
                45.810162543
              ],
              [
                16.11135601,
                45.810162524
              ],
              [
                16.111357023,
                45.810201758
              ],
              [
                16.111362682,
                45.810202137
              ],
              [
                16.111363065,
                45.810221034
              ],
              [
                16.111364254,
                45.810272147
              ],
              [
                16.111364967,
                45.810336124
              ],
              [
                16.111365072,
                45.810339544
              ],
              [
                16.111359025,
                45.810339523
              ],
              [
                16.111360297,
                45.810378579
              ],
              [
                16.11136596,
                45.810378328
              ],
              [
                16.111366208,
                45.810379679
              ],
              [
                16.111366598,
                45.810397676
              ],
              [
                16.111368047,
                45.810448339
              ],
              [
                16.111368843,
                45.810518886
              ],
              [
                16.111363053,
                45.810518866
              ],
              [
                16.11136381,
                45.81055792
              ],
              [
                16.111369597,
                45.81055839
              ],
              [
                16.111369979,
                45.810577466
              ],
              [
                16.111370915,
                45.810627948
              ],
              [
                16.111372114,
                45.810696067
              ],
              [
                16.11136671,
                45.810696048
              ],
              [
                16.111367338,
                45.810735282
              ],
              [
                16.111372743,
                45.81073512
              ],
              [
                16.111373036,
                45.810748438
              ],
              [
                16.111373549,
                45.810767155
              ],
              [
                16.111375079,
                45.810843283
              ],
              [
                16.111375468,
                45.81086128
              ],
              [
                16.111375756,
                45.810875408
              ],
              [
                16.111369836,
                45.810875568
              ],
              [
                16.111370849,
                45.810914893
              ],
              [
                16.111376641,
                45.810914642
              ],
              [
                16.111377946,
                45.810986
              ]
            ]
          ]
        ]
      }
    },
    {
      "type": "Feature",
      "properties": {
        "name": "kuća 3004",
        "block": "Novi Jelkovec – rekonstrukcija naselja",
        "type": "proposedBuildingSingle",
        "footprintMode": "polygon",
        "height": 19.5964,
        "heightM": 19.5964,
        "floors": 7,
        "storeys": 7,
        "floorCountBasis": "procjena iz GDI izmjerene visine / 3 m; nije podatak iz dozvole",
        "color": "#0dcaf0",
        "reconstructionState": "observed-built-state",
        "source": "DGU pravni tlocrt + podudarna GDI izmjerena visina",
        "dguBuildingId": 11910778,
        "dguBuildingNumber": "3004",
        "dguBuildingType": "KUĆA",
        "dguFootprintAreaM2": 1027.0708500000824,
        "gdiObjectId": 269003,
        "gdiSurveyYear": 2022,
        "gdiHeightM": 19.5964,
        "gdiMatchOverlapRatio": 0.9988642452123918,
        "observedUseClass": "Stambena i mješovita",
        "observedUseGroup": "Stambene i mješovite površine",
        "consensus:role": "building",
        "consensus:index": 53
      },
      "geometry": {
        "type": "MultiPolygon",
        "coordinates": [
          [
            [
              [
                16.111406066,
                45.811438513
              ],
              [
                16.111387148,
                45.811438988
              ],
              [
                16.111388217,
                45.811488841
              ],
              [
                16.111389619,
                45.811546162
              ],
              [
                16.111408278,
                45.811545956
              ],
              [
                16.111409684,
                45.811602738
              ],
              [
                16.111390767,
                45.811603213
              ],
              [
                16.111391845,
                45.811707143
              ],
              [
                16.111411917,
                45.811707302
              ],
              [
                16.111413192,
                45.811764443
              ],
              [
                16.11139389,
                45.811764647
              ],
              [
                16.111394958,
                45.811851571
              ],
              [
                16.111311576,
                45.811852097
              ],
              [
                16.111285582,
                45.811852369
              ],
              [
                16.111239901,
                45.811852753
              ],
              [
                16.111238206,
                45.811763488
              ],
              [
                16.111219033,
                45.811763692
              ],
              [
                16.11121894,
                45.811740117
              ],
              [
                16.111237727,
                45.811739911
              ],
              [
                16.111236592,
                45.811681061
              ],
              [
                16.111217805,
                45.811681267
              ],
              [
                16.11121732,
                45.811658501
              ],
              [
                16.111236107,
                45.811658295
              ],
              [
                16.111235093,
                45.811600704
              ],
              [
                16.111215919,
                45.811600909
              ],
              [
                16.111215564,
                45.811577963
              ],
              [
                16.111234608,
                45.811577848
              ],
              [
                16.111233468,
                45.811519807
              ],
              [
                16.111214167,
                45.811519921
              ],
              [
                16.11121394,
                45.811497066
              ],
              [
                16.111232985,
                45.811496861
              ],
              [
                16.111232902,
                45.811490292
              ],
              [
                16.111231859,
                45.811436751
              ],
              [
                16.111212943,
                45.811436956
              ],
              [
                16.111212721,
                45.811413291
              ],
              [
                16.11123138,
                45.811413084
              ],
              [
                16.111230366,
                45.811355404
              ],
              [
                16.111211579,
                45.81135561
              ],
              [
                16.111211225,
                45.811332484
              ],
              [
                16.111229884,
                45.811332278
              ],
              [
                16.111228736,
                45.811275227
              ],
              [
                16.111209692,
                45.811275432
              ],
              [
                16.111209469,
                45.811251947
              ],
              [
                16.111228257,
                45.811251741
              ],
              [
                16.111225984,
                45.81113458
              ],
              [
                16.111380912,
                45.811133127
              ],
              [
                16.111382882,
                45.811219874
              ],
              [
                16.111401669,
                45.811219668
              ],
              [
                16.111401664,
                45.811275905
              ],
              [
                16.111383774,
                45.811276564
              ],
              [
                16.111385875,
                45.811381487
              ],
              [
                16.111405303,
                45.811381733
              ],
              [
                16.111406066,
                45.811438513
              ]
            ]
          ]
        ]
      }
    },
    {
      "type": "Feature",
      "properties": {
        "name": "zgrada mješovite uporabe 3590",
        "block": "Novi Jelkovec – rekonstrukcija naselja",
        "type": "proposedBuildingSingle",
        "footprintMode": "polygon",
        "height": 22.7754,
        "heightM": 22.7754,
        "floors": 8,
        "storeys": 8,
        "floorCountBasis": "procjena iz GDI izmjerene visine / 3 m; nije podatak iz dozvole",
        "color": "#ffc107",
        "reconstructionState": "observed-built-state",
        "source": "DGU pravni tlocrt + podudarna GDI izmjerena visina",
        "dguBuildingId": 11903811,
        "dguBuildingNumber": "3590",
        "dguBuildingType": "ZGRADA MJEŠOVITE UPORABE",
        "dguFootprintAreaM2": 1035.518899994706,
        "gdiObjectId": 268978,
        "gdiSurveyYear": 2022,
        "gdiHeightM": 22.7754,
        "gdiMatchOverlapRatio": 0.27065279553209687,
        "observedUseClass": "Stambena i mješovita",
        "observedUseGroup": "Stambene i mješovite površine",
        "consensus:role": "building",
        "consensus:index": 54
      },
      "geometry": {
        "type": "MultiPolygon",
        "coordinates": [
          [
            [
              [
                16.11176889,
                45.810386536
              ],
              [
                16.111767801,
                45.810321028
              ],
              [
                16.111768779,
                45.810291338
              ],
              [
                16.111767487,
                45.810255162
              ],
              [
                16.111767645,
                45.810250933
              ],
              [
                16.11178759,
                45.810250731
              ],
              [
                16.111787398,
                45.810241192
              ],
              [
                16.111785732,
                45.810147698
              ],
              [
                16.111785536,
                45.810138879
              ],
              [
                16.111799304,
                45.810138746
              ],
              [
                16.111902374,
                45.810137657
              ],
              [
                16.111939432,
                45.810137333
              ],
              [
                16.111940882,
                45.810206442
              ],
              [
                16.11194331,
                45.810320094
              ],
              [
                16.111944535,
                45.810384524
              ],
              [
                16.111947212,
                45.810499257
              ],
              [
                16.111947194,
                45.810501866
              ],
              [
                16.111947932,
                45.810543799
              ],
              [
                16.111948296,
                45.810565575
              ],
              [
                16.111968498,
                45.810565464
              ],
              [
                16.11196993,
                45.810637182
              ],
              [
                16.111949858,
                45.810637024
              ],
              [
                16.111950727,
                45.810678688
              ],
              [
                16.111953024,
                45.810792609
              ],
              [
                16.111954344,
                45.810861898
              ],
              [
                16.111799674,
                45.810863352
              ],
              [
                16.111797361,
                45.81075177
              ],
              [
                16.11177742,
                45.810751522
              ],
              [
                16.111776103,
                45.810681694
              ],
              [
                16.111774988,
                45.8106385
              ],
              [
                16.111774783,
                45.810612495
              ],
              [
                16.111794856,
                45.810612293
              ],
              [
                16.111794239,
                45.81057153
              ],
              [
                16.111773651,
                45.81057173
              ],
              [
                16.111773829,
                45.810546087
              ],
              [
                16.111773317,
                45.810527099
              ],
              [
                16.111793391,
                45.810526898
              ],
              [
                16.111793036,
                45.810503862
              ],
              [
                16.111790354,
                45.810389849
              ],
              [
                16.111770153,
                45.81038996
              ],
              [
                16.11176889,
                45.810386536
              ]
            ]
          ]
        ]
      }
    },
    {
      "type": "Feature",
      "properties": {
        "name": "zgrada mješovite uporabe 3661",
        "block": "Novi Jelkovec – rekonstrukcija naselja",
        "type": "proposedBuildingSingle",
        "footprintMode": "polygon",
        "height": 20.5164,
        "heightM": 20.5164,
        "floors": 7,
        "storeys": 7,
        "floorCountBasis": "procjena iz GDI izmjerene visine / 3 m; nije podatak iz dozvole",
        "color": "#20c997",
        "reconstructionState": "observed-built-state",
        "source": "DGU pravni tlocrt + podudarna GDI izmjerena visina",
        "dguBuildingId": 11906896,
        "dguBuildingNumber": "3661",
        "dguBuildingType": "ZGRADA MJEŠOVITE UPORABE",
        "dguFootprintAreaM2": 973.2521000014204,
        "gdiObjectId": 268981,
        "gdiSurveyYear": 2022,
        "gdiHeightM": 20.5164,
        "gdiMatchOverlapRatio": 0.9999999999999999,
        "observedUseClass": "Stambena i mješovita",
        "observedUseGroup": "Stambene i mješovite površine",
        "consensus:role": "building",
        "consensus:index": 55
      },
      "geometry": {
        "type": "MultiPolygon",
        "coordinates": [
          [
            [
              [
                16.111965268,
                45.811493771
              ],
              [
                16.111966215,
                45.811542633
              ],
              [
                16.11197104,
                45.811774347
              ],
              [
                16.111972307,
                45.811851284
              ],
              [
                16.111898572,
                45.811852113
              ],
              [
                16.111816859,
                45.811853185
              ],
              [
                16.111815001,
                45.811750242
              ],
              [
                16.111814518,
                45.811727116
              ],
              [
                16.111811619,
                45.811570182
              ],
              [
                16.111810904,
                45.811543545
              ],
              [
                16.111809569,
                45.811494952
              ],
              [
                16.111808454,
                45.811433132
              ],
              [
                16.111808229,
                45.811410007
              ],
              [
                16.1118052,
                45.811253252
              ],
              [
                16.111804847,
                45.811230036
              ],
              [
                16.111804867,
                45.811227157
              ],
              [
                16.111802594,
                45.811128352
              ],
              [
                16.111957915,
                45.81112582
              ],
              [
                16.111965268,
                45.811493771
              ]
            ]
          ]
        ]
      }
    },
    {
      "type": "Feature",
      "properties": {
        "name": "škola 8116",
        "block": "Novi Jelkovec – rekonstrukcija naselja",
        "type": "proposedBuildingSingle",
        "footprintMode": "polygon",
        "height": 11.12026768,
        "heightM": 11.12026768,
        "floors": 4,
        "storeys": 4,
        "floorCountBasis": "procjena iz GDI izmjerene visine / 3 m; nije podatak iz dozvole",
        "color": "#2f6fed",
        "reconstructionState": "observed-built-state",
        "source": "DGU pravni tlocrt + podudarna GDI izmjerena visina",
        "dguBuildingId": 11905160,
        "dguBuildingNumber": "8116",
        "dguBuildingType": "ŠKOLA",
        "dguFootprintAreaM2": 3860.999849988036,
        "gdiObjectId": 288199,
        "gdiSurveyYear": 2022,
        "gdiHeightM": 11.12026768,
        "gdiMatchOverlapRatio": 0.37711481110777856,
        "observedUseClass": "D5- Školska",
        "observedUseGroup": "Javne i društvene površine",
        "consensus:role": "building",
        "consensus:index": 56
      },
      "geometry": {
        "type": "MultiPolygon",
        "coordinates": [
          [
            [
              [
                16.111607203,
                45.812175139
              ],
              [
                16.112198361,
                45.812169409
              ],
              [
                16.112198743,
                45.812188486
              ],
              [
                16.112201703,
                45.812188496
              ],
              [
                16.11220182,
                45.812190116
              ],
              [
                16.112229874,
                45.812189671
              ],
              [
                16.112231735,
                45.812273808
              ],
              [
                16.112298546,
                45.812287892
              ],
              [
                16.112296669,
                45.812187558
              ],
              [
                16.112786939,
                45.812183102
              ],
              [
                16.112787649,
                45.812229264
              ],
              [
                16.112820738,
                45.812226317
              ],
              [
                16.112824008,
                45.812385771
              ],
              [
                16.112791323,
                45.812386021
              ],
              [
                16.112794457,
                45.81256509
              ],
              [
                16.112593843,
                45.81256702
              ],
              [
                16.112408541,
                45.812569001
              ],
              [
                16.111615479,
                45.812576565
              ],
              [
                16.111607714,
                45.812194216
              ],
              [
                16.111607586,
                45.812194216
              ],
              [
                16.111607203,
                45.812175139
              ]
            ],
            [
              [
                16.112232234,
                45.812294595
              ],
              [
                16.112232623,
                45.812331218
              ],
              [
                16.112233467,
                45.812395016
              ],
              [
                16.112300505,
                45.812395064
              ],
              [
                16.112298917,
                45.812308678
              ],
              [
                16.112232234,
                45.812294595
              ]
            ],
            [
              [
                16.112211124,
                45.812481051
              ],
              [
                16.112211526,
                45.812497248
              ],
              [
                16.112302506,
                45.812496118
              ],
              [
                16.112300773,
                45.812411981
              ],
              [
                16.112206323,
                45.81241274
              ],
              [
                16.112207649,
                45.812481129
              ],
              [
                16.112211124,
                45.812481051
              ]
            ]
          ]
        ]
      }
    },
    {
      "type": "Feature",
      "properties": {
        "name": "kuća 2220",
        "block": "Novi Jelkovec – rekonstrukcija naselja",
        "type": "proposedBuildingSingle",
        "footprintMode": "polygon",
        "height": 13.581,
        "heightM": 13.581,
        "floors": 5,
        "storeys": 5,
        "floorCountBasis": "procjena iz GDI izmjerene visine / 3 m; nije podatak iz dozvole",
        "color": "#6f42c1",
        "reconstructionState": "observed-built-state",
        "source": "DGU pravni tlocrt + podudarna GDI izmjerena visina",
        "dguBuildingId": 11905118,
        "dguBuildingNumber": "2220",
        "dguBuildingType": "KUĆA",
        "dguFootprintAreaM2": 1105.7988499976864,
        "gdiObjectId": 251313,
        "gdiSurveyYear": 2008,
        "gdiHeightM": 13.581,
        "gdiMatchOverlapRatio": 0.2309750027106088,
        "observedUseClass": "Stambena i mješovita",
        "observedUseGroup": "Stambene i mješovite površine",
        "consensus:role": "building",
        "consensus:index": 57
      },
      "geometry": {
        "type": "MultiPolygon",
        "coordinates": [
          [
            [
              [
                16.112456996,
                45.810907154
              ],
              [
                16.112294991,
                45.810908764
              ],
              [
                16.112294078,
                45.810854863
              ],
              [
                16.112274647,
                45.810855157
              ],
              [
                16.112273374,
                45.81077912
              ],
              [
                16.112292676,
                45.810778826
              ],
              [
                16.112291636,
                45.810724655
              ],
              [
                16.112291088,
                45.810673904
              ],
              [
                16.112271015,
                45.810674016
              ],
              [
                16.112269354,
                45.810598158
              ],
              [
                16.112289299,
                45.810597956
              ],
              [
                16.112287998,
                45.810544413
              ],
              [
                16.112286956,
                45.810490512
              ],
              [
                16.112267783,
                45.810490717
              ],
              [
                16.112265993,
                45.810414948
              ],
              [
                16.112285681,
                45.810414655
              ],
              [
                16.112283836,
                45.810309643
              ],
              [
                16.112263892,
                45.810309755
              ],
              [
                16.112262361,
                45.810233717
              ],
              [
                16.112282435,
                45.810233515
              ],
              [
                16.112281222,
                45.810167196
              ],
              [
                16.11241135,
                45.810179155
              ],
              [
                16.112411033,
                45.810169256
              ],
              [
                16.11244037,
                45.810169086
              ],
              [
                16.112441439,
                45.810181957
              ],
              [
                16.112444053,
                45.810268886
              ],
              [
                16.112464126,
                45.810268684
              ],
              [
                16.112464757,
                45.810307647
              ],
              [
                16.11244494,
                45.81030785
              ],
              [
                16.11244833,
                45.810449849
              ],
              [
                16.11246789,
                45.810449555
              ],
              [
                16.112468904,
                45.81048888
              ],
              [
                16.112449217,
                45.810488993
              ],
              [
                16.112450515,
                45.810542985
              ],
              [
                16.112451948,
                45.81063324
              ],
              [
                16.112472021,
                45.810633038
              ],
              [
                16.112472005,
                45.810672539
              ],
              [
                16.112452703,
                45.810672743
              ],
              [
                16.112453639,
                45.810723315
              ],
              [
                16.112455197,
                45.810814019
              ],
              [
                16.11247527,
                45.810813907
              ],
              [
                16.112476027,
                45.810853231
              ],
              [
                16.112455953,
                45.810853433
              ],
              [
                16.112456996,
                45.810907154
              ]
            ]
          ]
        ]
      }
    },
    {
      "type": "Feature",
      "properties": {
        "name": "zgrada mješovite uporabe 3643",
        "block": "Novi Jelkovec – rekonstrukcija naselja",
        "type": "proposedBuildingSingle",
        "footprintMode": "polygon",
        "height": 18.983,
        "heightM": 18.983,
        "floors": 6,
        "storeys": 6,
        "floorCountBasis": "procjena iz GDI izmjerene visine / 3 m; nije podatak iz dozvole",
        "color": "#d63384",
        "reconstructionState": "observed-built-state",
        "source": "DGU pravni tlocrt + podudarna GDI izmjerena visina",
        "dguBuildingId": 11904733,
        "dguBuildingNumber": "3643",
        "dguBuildingType": "ZGRADA MJEŠOVITE UPORABE",
        "dguFootprintAreaM2": 1091.3075999997932,
        "gdiObjectId": 251295,
        "gdiSurveyYear": 2008,
        "gdiHeightM": 18.983,
        "gdiMatchOverlapRatio": 0.23446270468877858,
        "observedUseClass": "Stambena i mješovita",
        "observedUseGroup": "Stambene i mješovite površine",
        "consensus:role": "building",
        "consensus:index": 58
      },
      "geometry": {
        "type": "MultiPolygon",
        "coordinates": [
          [
            [
              [
                16.112476511,
                45.811841027
              ],
              [
                16.112312316,
                45.81184254
              ],
              [
                16.112311279,
                45.811788009
              ],
              [
                16.112293006,
                45.811788217
              ],
              [
                16.112291348,
                45.811711909
              ],
              [
                16.112309878,
                45.811711792
              ],
              [
                16.112307901,
                45.811607229
              ],
              [
                16.112288985,
                45.811607434
              ],
              [
                16.1122872,
                45.811530856
              ],
              [
                16.112306374,
                45.811530651
              ],
              [
                16.112305933,
                45.811501406
              ],
              [
                16.112305456,
                45.81147747
              ],
              [
                16.112304416,
                45.811423389
              ],
              [
                16.112285114,
                45.811423593
              ],
              [
                16.112283452,
                45.811347915
              ],
              [
                16.11230301,
                45.811347801
              ],
              [
                16.112301166,
                45.811242699
              ],
              [
                16.112281864,
                45.811242903
              ],
              [
                16.1122802,
                45.811167585
              ],
              [
                16.1123004,
                45.811167743
              ],
              [
                16.112299796,
                45.811124911
              ],
              [
                16.112461413,
                45.81112375
              ],
              [
                16.112464082,
                45.811165509
              ],
              [
                16.112464088,
                45.811201861
              ],
              [
                16.112483261,
                45.811201656
              ],
              [
                16.112483889,
                45.811240979
              ],
              [
                16.112464845,
                45.811241095
              ],
              [
                16.112467466,
                45.811382641
              ],
              [
                16.112486381,
                45.811382526
              ],
              [
                16.112487134,
                45.811422389
              ],
              [
                16.112468218,
                45.811422685
              ],
              [
                16.112469392,
                45.811475957
              ],
              [
                16.112469867,
                45.811500253
              ],
              [
                16.112471082,
                45.811566212
              ],
              [
                16.112489741,
                45.811566005
              ],
              [
                16.112490754,
                45.811605419
              ],
              [
                16.112471967,
                45.811605626
              ],
              [
                16.112474587,
                45.811747262
              ],
              [
                16.112492989,
                45.811747055
              ],
              [
                16.112494,
                45.811786739
              ],
              [
                16.112475342,
                45.811786856
              ],
              [
                16.112476511,
                45.811841027
              ]
            ]
          ]
        ]
      }
    },
    {
      "type": "Feature",
      "properties": {
        "name": "zgrada mješovite uporabe 3612",
        "block": "Novi Jelkovec – rekonstrukcija naselja",
        "type": "proposedBuildingSingle",
        "footprintMode": "polygon",
        "height": 22.529,
        "heightM": 22.529,
        "floors": 8,
        "storeys": 8,
        "floorCountBasis": "procjena iz GDI izmjerene visine / 3 m; nije podatak iz dozvole",
        "color": "#198754",
        "reconstructionState": "observed-built-state",
        "source": "DGU pravni tlocrt + podudarna GDI izmjerena visina",
        "dguBuildingId": 11904232,
        "dguBuildingNumber": "3612",
        "dguBuildingType": "ZGRADA MJEŠOVITE UPORABE",
        "dguFootprintAreaM2": 1073.466999999416,
        "gdiObjectId": 251307,
        "gdiSurveyYear": 2008,
        "gdiHeightM": 22.529,
        "gdiMatchOverlapRatio": 0.26020238440791826,
        "observedUseClass": "Stambena i mješovita",
        "observedUseGroup": "Stambene i mješovite površine",
        "consensus:role": "building",
        "consensus:index": 59
      },
      "geometry": {
        "type": "MultiPolygon",
        "coordinates": [
          [
            [
              [
                16.113057058,
                45.810282481
              ],
              [
                16.113069871,
                45.810383121
              ],
              [
                16.113063576,
                45.810437537
              ],
              [
                16.11307247,
                45.810490925
              ],
              [
                16.113066762,
                45.810590603
              ],
              [
                16.11307552,
                45.810645071
              ],
              [
                16.113068568,
                45.810701374
              ],
              [
                16.113078436,
                45.810800025
              ],
              [
                16.11307163,
                45.8108539
              ],
              [
                16.113080522,
                45.810907558
              ],
              [
                16.113072276,
                45.811002098
              ],
              [
                16.112913873,
                45.811003721
              ],
              [
                16.112902872,
                45.810920183
              ],
              [
                16.112901534,
                45.810908931
              ],
              [
                16.112907703,
                45.810854244
              ],
              [
                16.112898861,
                45.810774853
              ],
              [
                16.112901042,
                45.810701437
              ],
              [
                16.112902575,
                45.810647274
              ],
              [
                16.112898829,
                45.810593724
              ],
              [
                16.112893677,
                45.810520103
              ],
              [
                16.112900024,
                45.810439683
              ],
              [
                16.112891138,
                45.810385215
              ],
              [
                16.112891983,
                45.8103746
              ],
              [
                16.112899685,
                45.810284377
              ],
              [
                16.112901217,
                45.810267466
              ],
              [
                16.113057058,
                45.810282481
              ]
            ]
          ]
        ]
      }
    },
    {
      "type": "Feature",
      "properties": {
        "name": "zgrada mješovite uporabe 3589",
        "block": "Novi Jelkovec – rekonstrukcija naselja",
        "type": "proposedBuildingSingle",
        "footprintMode": "polygon",
        "height": 16.536,
        "heightM": 16.536,
        "floors": 6,
        "storeys": 6,
        "floorCountBasis": "procjena iz GDI izmjerene visine / 3 m; nije podatak iz dozvole",
        "color": "#fd7e14",
        "reconstructionState": "observed-built-state",
        "source": "DGU pravni tlocrt + podudarna GDI izmjerena visina",
        "dguBuildingId": 11903684,
        "dguBuildingNumber": "3589",
        "dguBuildingType": "ZGRADA MJEŠOVITE UPORABE",
        "dguFootprintAreaM2": 1067.03350000347,
        "gdiObjectId": 251302,
        "gdiSurveyYear": 2008,
        "gdiHeightM": 16.536,
        "gdiMatchOverlapRatio": 0.2599143580477264,
        "observedUseClass": "Stambena i mješovita",
        "observedUseGroup": "Stambene i mješovite površine",
        "consensus:role": "building",
        "consensus:index": 60
      },
      "geometry": {
        "type": "MultiPolygon",
        "coordinates": [
          [
            [
              [
                16.113073208,
                45.811109087
              ],
              [
                16.113086153,
                45.811209278
              ],
              [
                16.113079855,
                45.811264054
              ],
              [
                16.113088232,
                45.8113178
              ],
              [
                16.113082654,
                45.811417299
              ],
              [
                16.113091927,
                45.811471768
              ],
              [
                16.113084846,
                45.811528071
              ],
              [
                16.113094716,
                45.811626542
              ],
              [
                16.113087778,
                45.811680686
              ],
              [
                16.113096674,
                45.811733984
              ],
              [
                16.113088378,
                45.811835633
              ],
              [
                16.112929845,
                45.811837165
              ],
              [
                16.112919154,
                45.81174598
              ],
              [
                16.112917815,
                45.811734908
              ],
              [
                16.11292513,
                45.811681935
              ],
              [
                16.112915655,
                45.811600921
              ],
              [
                16.112918606,
                45.811527868
              ],
              [
                16.112920784,
                45.811473528
              ],
              [
                16.112916397,
                45.811419525
              ],
              [
                16.112910463,
                45.811347431
              ],
              [
                16.112916437,
                45.81126521
              ],
              [
                16.112908185,
                45.811211914
              ],
              [
                16.112908907,
                45.81120058
              ],
              [
                16.112916478,
                45.811110626
              ],
              [
                16.113073208,
                45.811109087
              ]
            ]
          ]
        ]
      }
    },
    {
      "type": "Feature",
      "properties": {
        "name": "kuća 2559",
        "block": "Novi Jelkovec – rekonstrukcija naselja",
        "type": "proposedBuildingSingle",
        "footprintMode": "polygon",
        "height": 16.412,
        "heightM": 16.412,
        "floors": 5,
        "storeys": 5,
        "floorCountBasis": "procjena iz GDI izmjerene visine / 3 m; nije podatak iz dozvole",
        "color": "#0dcaf0",
        "reconstructionState": "observed-built-state",
        "source": "DGU pravni tlocrt + podudarna GDI izmjerena visina",
        "dguBuildingId": 11910010,
        "dguBuildingNumber": "2559",
        "dguBuildingType": "KUĆA",
        "dguFootprintAreaM2": 898.244499997846,
        "gdiObjectId": 251306,
        "gdiSurveyYear": 2008,
        "gdiHeightM": 16.412,
        "gdiMatchOverlapRatio": 0.9529358743737524,
        "observedUseClass": "Stambena i mješovita",
        "observedUseGroup": "Stambene i mješovite površine",
        "consensus:role": "building",
        "consensus:index": 61
      },
      "geometry": {
        "type": "MultiPolygon",
        "coordinates": [
          [
            [
              [
                16.113582239,
                45.811032437
              ],
              [
                16.113421391,
                45.811034053
              ],
              [
                16.113420545,
                45.81098906
              ],
              [
                16.113410637,
                45.810989117
              ],
              [
                16.113409986,
                45.810952943
              ],
              [
                16.113419766,
                45.810952886
              ],
              [
                16.113418077,
                45.810843555
              ],
              [
                16.113407782,
                45.81084379
              ],
              [
                16.11340662,
                45.810807255
              ],
              [
                16.113416915,
                45.81080702
              ],
              [
                16.113414958,
                45.810717933
              ],
              [
                16.113405306,
                45.810718081
              ],
              [
                16.113404401,
                45.810681546
              ],
              [
                16.11341417,
                45.810682929
              ],
              [
                16.113411989,
                45.810570537
              ],
              [
                16.113402338,
                45.810570594
              ],
              [
                16.113399222,
                45.810407271
              ],
              [
                16.113468991,
                45.810439989
              ],
              [
                16.113571208,
                45.810487934
              ],
              [
                16.113584935,
                45.810493649
              ],
              [
                16.113588781,
                45.810495732
              ],
              [
                16.113597532,
                45.810923434
              ],
              [
                16.113580289,
                45.810923736
              ],
              [
                16.113582239,
                45.811032437
              ]
            ]
          ]
        ]
      }
    },
    {
      "type": "Feature",
      "properties": {
        "name": "kuća 2317",
        "block": "Novi Jelkovec – rekonstrukcija naselja",
        "type": "proposedBuildingSingle",
        "footprintMode": "polygon",
        "height": 14.5415,
        "heightM": 14.5415,
        "floors": 5,
        "storeys": 5,
        "floorCountBasis": "procjena iz GDI izmjerene visine / 3 m; nije podatak iz dozvole",
        "color": "#ffc107",
        "reconstructionState": "observed-built-state",
        "source": "DGU pravni tlocrt + podudarna GDI izmjerena visina",
        "dguBuildingId": 11907169,
        "dguBuildingNumber": "2317",
        "dguBuildingType": "KUĆA",
        "dguFootprintAreaM2": 1019.1664500058993,
        "gdiObjectId": 251305,
        "gdiSurveyYear": 2008,
        "gdiHeightM": 14.5415,
        "gdiMatchOverlapRatio": 0.4773937151138692,
        "observedUseClass": "Stambena i mješovita",
        "observedUseGroup": "Stambene i mješovite površine",
        "consensus:role": "building",
        "consensus:index": 62
      },
      "geometry": {
        "type": "MultiPolygon",
        "coordinates": [
          [
            [
              [
                16.113423978,
                45.811404057
              ],
              [
                16.113422655,
                45.811334949
              ],
              [
                16.113398077,
                45.811335315
              ],
              [
                16.113396376,
                45.81124641
              ],
              [
                16.113420952,
                45.811246313
              ],
              [
                16.113417895,
                45.811111603
              ],
              [
                16.113575269,
                45.811110066
              ],
              [
                16.113576694,
                45.811164419
              ],
              [
                16.113577977,
                45.81122084
              ],
              [
                16.113580218,
                45.81134322
              ],
              [
                16.113581373,
                45.811399461
              ],
              [
                16.113581224,
                45.81140252
              ],
              [
                16.11358257,
                45.811468389
              ],
              [
                16.113583857,
                45.811524091
              ],
              [
                16.113585268,
                45.811580603
              ],
              [
                16.11358764,
                45.811702713
              ],
              [
                16.113588533,
                45.811759673
              ],
              [
                16.113589711,
                45.811831211
              ],
              [
                16.113432077,
                45.811832927
              ],
              [
                16.113429429,
                45.811694889
              ],
              [
                16.11340524,
                45.811694808
              ],
              [
                16.113403664,
                45.811606352
              ],
              [
                16.113428112,
                45.811606345
              ],
              [
                16.113425324,
                45.811469927
              ],
              [
                16.113423978,
                45.811404057
              ]
            ]
          ]
        ]
      }
    },
    {
      "type": "Feature",
      "properties": {
        "name": "zgrada mješovite uporabe 3651",
        "block": "Novi Jelkovec – rekonstrukcija naselja",
        "type": "proposedBuildingSingle",
        "footprintMode": "polygon",
        "height": 24.38733029,
        "heightM": 24.38733029,
        "floors": 8,
        "storeys": 8,
        "floorCountBasis": "procjena iz GDI izmjerene visine / 3 m; nije podatak iz dozvole",
        "color": "#20c997",
        "reconstructionState": "observed-built-state",
        "source": "DGU pravni tlocrt + podudarna GDI izmjerena visina",
        "dguBuildingId": 11906886,
        "dguBuildingNumber": "3651",
        "dguBuildingType": "ZGRADA MJEŠOVITE UPORABE",
        "dguFootprintAreaM2": 1602.3419500011967,
        "gdiObjectId": 269188,
        "gdiSurveyYear": 2022,
        "gdiHeightM": 24.38733029,
        "gdiMatchOverlapRatio": 0.9999952142048768,
        "observedUseClass": "Stambena i mješovita",
        "observedUseGroup": "Stambene i mješovite površine",
        "consensus:role": "building",
        "consensus:index": 63
      },
      "geometry": {
        "type": "MultiPolygon",
        "coordinates": [
          [
            [
              [
                16.114208448,
                45.811166283
              ],
              [
                16.114216519,
                45.81156276
              ],
              [
                16.114219121,
                45.8116891
              ],
              [
                16.114221932,
                45.811822369
              ],
              [
                16.114018875,
                45.811824383
              ],
              [
                16.114016193,
                45.811691114
              ],
              [
                16.114013721,
                45.811564685
              ],
              [
                16.114005909,
                45.811168209
              ],
              [
                16.114003436,
                45.811041869
              ],
              [
                16.11400075,
                45.81090914
              ],
              [
                16.11420303,
                45.810907304
              ],
              [
                16.114205847,
                45.811039854
              ],
              [
                16.114208448,
                45.811166283
              ]
            ]
          ]
        ]
      }
    }
  ]
}
