{
  "type": "FeatureCollection",
  "features": [
    {
      "type": "Feature",
      "geometry": {
        "type": "MultiPolygon",
        "coordinates": [
          [
            [
              [
                -104.76499184199997,
                38.879546309000034
              ],
              [
                -104.76474868199995,
                38.878962474000048
              ],
              [
                -104.76453830399998,
                38.878972719000046
              ],
              [
                -104.76444553799996,
                38.878856203000055
              ],
              [
                -104.76430429999999,
                38.878716057000076
              ],
              [
                -104.76415562499994,
                38.878653993000057
              ],
              [
                -104.76407102799999,
                38.878009457000076
              ],
              [
                -104.76369124199999,
                38.878008728000054
              ],
              [
                -104.76359485699999,
                38.878002925000033
              ],
              [
                -104.76345304999995,
                38.877979551000067
              ],
              [
                -104.76337682899998,
                38.87795914000003
              ],
              [
                -104.76330317299994,
                38.877933612000049
              ],
              [
                -104.76319205599998,
                38.877882623000062
              ],
              [
                -104.76307929799998,
                38.877811458000053
              ],
              [
                -104.76259313399999,
                38.877388330000031
              ],
              [
                -104.76250515699996,
                38.877323927000077
              ],
              [
                -104.76240904699995,
                38.877267069000027
              ],
              [
                -104.76225195999996,
                38.877197264000074
              ],
              [
                -104.76210209099997,
                38.877152028000069
              ],
              [
                -104.76192575499999,
                38.877121190000025
              ],
              [
                -104.76176551399999,
                38.877112195000052
              ],
              [
                -104.76139541999999,
                38.877111659000036
              ],
              [
                -104.76137066099994,
                38.879540991000056
              ],
              [
                -104.76499184199997,
                38.879546309000034
              ]
            ],
            [
              [
                -104.76391277599998,
                38.878062889000034
              ],
              [
                -104.76400769199995,
                38.878063491000034
              ],
              [
                -104.76400749499999,
                38.87808547700007
              ],
              [
                -104.76400047999999,
                38.878085433000081
              ],
              [
                -104.76400038999998,
                38.878095479000081
              ],
              [
                -104.76400742099997,
                38.87809552300007
              ],
              [
                -104.76400726499998,
                38.87811243200008
              ],
              [
                -104.76400024799995,
                38.878112387000044
              ],
              [
                -104.76400015299998,
                38.878122433000044
              ],
              [
                -104.76400718199994,
                38.87812247800008
              ],
              [
                -104.76400697499997,
                38.878144464000059
              ],
              [
                -104.76397328899998,
                38.878144251000037
              ],
              [
                -104.76397308199995,
                38.878166237000073
              ],
              [
                -104.76396606499998,
                38.878166192000037
              ],
              [
                -104.76396596999996,
                38.878176239000027
              ],
              [
                -104.76397299699994,
                38.878176284000062
              ],
              [
                -104.76397283799997,
                38.878193191000037
              ],
              [
                -104.76396582099994,
                38.878193147000047
              ],
              [
                -104.76396572599998,
                38.878203194000037
              ],
              [
                -104.76397275499994,
                38.878203238000026
              ],
              [
                -104.76397234099994,
                38.87824721100003
              ],
              [
                -104.76396532299998,
                38.878247166000051
              ],
              [
                -104.76396522899995,
                38.878257212000051
              ],
              [
                -104.76397225599999,
                38.87825725700003
              ],
              [
                -104.76397209699996,
                38.87827416500005
              ],
              [
                -104.76396507999999,
                38.878274121000061
              ],
              [
                -104.76396498499997,
                38.878284167000061
              ],
              [
                -104.76397201399999,
                38.87828421100005
              ],
              [
                -104.76397180599997,
                38.878306198000075
              ],
              [
                -104.76387706599996,
                38.878305598000054
              ],
              [
                -104.76387732099994,
                38.878282953000053
              ],
              [
                -104.76386124999999,
                38.878282851000051
              ],
              [
                -104.76386135899997,
                38.87827324400007
              ],
              [
                -104.76387745399995,
                38.878273346000071
              ],
              [
                -104.76387763999998,
                38.878256877000069
              ],
              [
                -104.76386156899997,
                38.878256776000057
              ],
              [
                -104.76386167799996,
                38.878247169000076
              ],
              [
                -104.76387777299999,
                38.878247271000077
              ],
              [
                -104.76387828599997,
                38.878201980000028
              ],
              [
                -104.76386126699998,
                38.87820187300008
              ],
              [
                -104.76386137599997,
                38.878192266000042
              ],
              [
                -104.76387747099994,
                38.878192368000043
              ],
              [
                -104.76387765799996,
                38.878175899000041
              ],
              [
                -104.76386158699995,
                38.87817579700004
              ],
              [
                -104.76386169599999,
                38.878166191000048
              ],
              [
                -104.76387778899999,
                38.878166293000049
              ],
              [
                -104.76387804599995,
                38.878143647000059
              ],
              [
                -104.76391178199998,
                38.878143861000069
              ],
              [
                -104.76391203799994,
                38.878121216000068
              ],
              [
                -104.76389596699994,
                38.878121115000056
              ],
              [
                -104.76389607599998,
                38.878111508000075
              ],
              [
                -104.76391217099996,
                38.87811160900003
              ],
              [
                -104.76391236099994,
                38.878095141000074
              ],
              [
                -104.76389629599998,
                38.878095039000073
              ],
              [
                -104.76389640999997,
                38.878085432000034
              ],
              [
                -104.76391250899997,
                38.878085534000036
              ],
              [
                -104.76391277599998,
                38.878062889000034
              ]
            ],
            [
              [
                -104.76441528199996,
                38.879499449000036
              ],
              [
                -104.76432053899998,
                38.879498849000072
              ],
              [
                -104.76432079499995,
                38.87947620500006
              ],
              [
                -104.76430472399994,
                38.879476103000059
              ],
              [
                -104.76430483299998,
                38.879466496000077
              ],
              [
                -104.76432092799996,
                38.879466598000079
              ],
              [
                -104.76432111399998,
                38.879450129000077
              ],
              [
                -104.76430504299998,
                38.879450027000075
              ],
              [
                -104.76430515099997,
                38.879440420000037
              ],
              [
                -104.76432124699994,
                38.879440522000039
              ],
              [
                -104.76432175799994,
                38.879395233000025
              ],
              [
                -104.76430473999994,
                38.87939512500003
              ],
              [
                -104.76430484899998,
                38.879385518000049
              ],
              [
                -104.76432094399996,
                38.87938562000005
              ],
              [
                -104.76432113099997,
                38.879369151000049
              ],
              [
                -104.76430505999997,
                38.879369050000037
              ],
              [
                -104.76430516699997,
                38.879359443000055
              ],
              [
                -104.76432126299994,
                38.879359544000067
              ],
              [
                -104.76432151899996,
                38.879336900000055
              ],
              [
                -104.76435525599999,
                38.879337113000076
              ],
              [
                -104.76435551199995,
                38.879314469000064
              ],
              [
                -104.76433944099995,
                38.879314367000063
              ],
              [
                -104.76433954899994,
                38.879304760000025
              ],
              [
                -104.76435564399998,
                38.879304862000026
              ],
              [
                -104.76435583099999,
                38.879288393000024
              ],
              [
                -104.76433975899994,
                38.879288292000069
              ],
              [
                -104.76433986799998,
                38.879278684000042
              ],
              [
                -104.76435596299996,
                38.879278786000043
              ],
              [
                -104.76435621899998,
                38.879256142000031
              ],
              [
                -104.76433663899996,
                38.879256018000035
              ],
              [
                -104.76433698799997,
                38.879225138000038
              ],
              [
                -104.76440200099995,
                38.879225550000058
              ],
              [
                -104.76440170999996,
                38.879256430000055
              ],
              [
                -104.76445119099998,
                38.879256743000042
              ],
              [
                -104.76445098399995,
                38.879278729000077
              ],
              [
                -104.76444396699998,
                38.879278685000031
              ],
              [
                -104.76444387199996,
                38.879288731000031
              ],
              [
                -104.76445089899994,
                38.879288775000077
              ],
              [
                -104.76445073999997,
                38.87930568400003
              ],
              [
                -104.76444372299994,
                38.879305639000052
              ],
              [
                -104.76444362799998,
                38.879315685000051
              ],
              [
                -104.76445065699994,
                38.87931573000003
              ],
              [
                -104.76445044999997,
                38.879337716000066
              ],
              [
                -104.76441676399998,
                38.879337503000045
              ],
              [
                -104.76441655699995,
                38.87935948900008
              ],
              [
                -104.76440953799994,
                38.879359445000034
              ],
              [
                -104.76440944499996,
                38.879369491000034
              ],
              [
                -104.76441647199994,
                38.87936953500008
              ],
              [
                -104.76441631299997,
                38.879386444000033
              ],
              [
                -104.76440929599994,
                38.879386399000055
              ],
              [
                -104.76440920099998,
                38.879396445000054
              ],
              [
                -104.76441622999994,
                38.879396490000033
              ],
              [
                -104.76441581599994,
                38.879440462000048
              ],
              [
                -104.76440879799998,
                38.879440418000058
              ],
              [
                -104.76440870399995,
                38.879450464000058
              ],
              [
                -104.76441573199997,
                38.879450508000048
              ],
              [
                -104.76441557199996,
                38.879467417000058
              ],
              [
                -104.76440855499999,
                38.879467372000079
              ],
              [
                -104.76440845999997,
                38.879477418000079
              ],
              [
                -104.76441548899999,
                38.879477463000057
              ],
              [
                -104.76441528199996,
                38.879499449000036
              ]
            ],
            [
              [
                -104.76284687399999,
                38.879366035000032
              ],
              [
                -104.76274328199997,
                38.879365348000078
              ],
              [
                -104.76274350999995,
                38.879343390000031
              ],
              [
                -104.76272743399994,
                38.879342589000032
              ],
              [
                -104.76272753399996,
                38.879332978000036
              ],
              [
                -104.76274361699996,
                38.87933307600008
              ],
              [
                -104.76274378799997,
                38.879316601000028
              ],
              [
                -104.76272770499997,
                38.879316494000079
              ],
              [
                -104.76272780499994,
                38.879306883000027
              ],
              [
                -104.76274388799999,
                38.87930698100007
              ],
              [
                -104.76274435899995,
                38.879261674000077
              ],
              [
                -104.76272827499997,
                38.879261568000061
              ],
              [
                -104.76272837499994,
                38.879251958000054
              ],
              [
                -104.76274445899998,
                38.879252055000052
              ],
              [
                -104.76274462999999,
                38.879235580000056
              ],
              [
                -104.76272854599995,
                38.879235473000051
              ],
              [
                -104.76272864599997,
                38.879225863000045
              ],
              [
                -104.76274472999995,
                38.879225961000031
              ],
              [
                -104.76274496499997,
                38.879203307000068
              ],
              [
                -104.76271125299996,
                38.879203084000039
              ],
              [
                -104.76271148899997,
                38.879180430000076
              ],
              [
                -104.76269540499999,
                38.87918032400006
              ],
              [
                -104.76269550499995,
                38.879170713000065
              ],
              [
                -104.76271158799995,
                38.879170811000051
              ],
              [
                -104.76271175899996,
                38.879154336000056
              ],
              [
                -104.76269567599996,
                38.879154229000051
              ],
              [
                -104.76269577599999,
                38.879144619000044
              ],
              [
                -104.76271185899998,
                38.879144716000042
              ],
              [
                -104.76271209499998,
                38.879122063000068
              ],
              [
                -104.76281568599995,
                38.879122690000031
              ],
              [
                -104.76281543699997,
                38.879146699000046
              ],
              [
                -104.76282597199997,
                38.879146763000051
              ],
              [
                -104.76282562999995,
                38.879179689000068
              ],
              [
                -104.76281509499995,
                38.87917961900007
              ],
              [
                -104.76281484599997,
                38.879203628000027
              ],
              [
                -104.76284855799997,
                38.87920383200003
              ],
              [
                -104.76284830899999,
                38.879227840000055
              ],
              [
                -104.76285884299995,
                38.879227904000061
              ],
              [
                -104.76285850099998,
                38.879260830000078
              ],
              [
                -104.76284796699997,
                38.879260760000079
              ],
              [
                -104.76284746499999,
                38.879309106000051
              ],
              [
                -104.76285799999994,
                38.879309170000056
              ],
              [
                -104.76285765799997,
                38.879342096000073
              ],
              [
                -104.76284712299997,
                38.879342027000064
              ],
              [
                -104.76284687399999,
                38.879366035000032
              ]
            ],
            [
              [
                -104.76173573799997,
                38.879355796000027
              ],
              [
                -104.76164095099995,
                38.879354741000043
              ],
              [
                -104.76164136899996,
                38.879332097000031
              ],
              [
                -104.76162529099997,
                38.879331918000048
              ],
              [
                -104.76162546799998,
                38.879322312000056
              ],
              [
                -104.76164155399994,
                38.879322491000039
              ],
              [
                -104.76164185799996,
                38.879306023000026
              ],
              [
                -104.76162577999997,
                38.879305845000033
              ],
              [
                -104.76162595699998,
                38.879296238000052
              ],
              [
                -104.76164204199995,
                38.879296418000024
              ],
              [
                -104.76164287899996,
                38.879251131000046
              ],
              [
                -104.76162679999999,
                38.879250952000064
              ],
              [
                -104.76162697799998,
                38.879241345000025
              ],
              [
                -104.76164306299995,
                38.879241525000054
              ],
              [
                -104.76164336699998,
                38.879225057000042
              ],
              [
                -104.76162728899999,
                38.87922487700007
              ],
              [
                -104.76162746599999,
                38.879215272000067
              ],
              [
                -104.76164355099996,
                38.879215450000061
              ],
              [
                -104.76164396999997,
                38.879192807000038
              ],
              [
                -104.76167768699997,
                38.879193182000051
              ],
              [
                -104.76167810399994,
                38.879170539000029
              ],
              [
                -104.76166202599995,
                38.879170360000046
              ],
              [
                -104.76166220299996,
                38.879160754000054
              ],
              [
                -104.76167828799998,
                38.879160933000037
              ],
              [
                -104.76167859299994,
                38.879144465000024
              ],
              [
                -104.76166251499995,
                38.879144286000042
              ],
              [
                -104.76166269199996,
                38.87913468000005
              ],
              [
                -104.76167877699999,
                38.879134859000033
              ],
              [
                -104.76167919599999,
                38.879112216000067
              ],
              [
                -104.76164549399999,
                38.879111840000064
              ],
              [
                -104.76164591199995,
                38.879089197000042
              ],
              [
                -104.76162983299997,
                38.879089018000059
              ],
              [
                -104.76163001099997,
                38.879079412000067
              ],
              [
                -104.76164609699998,
                38.87907959100005
              ],
              [
                -104.76164640099995,
                38.879063123000037
              ],
              [
                -104.76163032199997,
                38.879062945000044
              ],
              [
                -104.76163049899998,
                38.879053338000062
              ],
              [
                -104.76164658499994,
                38.879053518000035
              ],
              [
                -104.76164700299995,
                38.87903087400008
              ],
              [
                -104.76174182899996,
                38.879031929000064
              ],
              [
                -104.76174143499998,
                38.879053914000053
              ],
              [
                -104.76173441299994,
                38.879053836000026
              ],
              [
                -104.76173423399996,
                38.879063881000036
              ],
              [
                -104.76174125699998,
                38.879063959000064
              ],
              [
                -104.76174095399995,
                38.879080867000027
              ],
              [
                -104.76173393199997,
                38.879080788000067
              ],
              [
                -104.76173375299999,
                38.879090833000078
              ],
              [
                -104.76174077699994,
                38.879090912000038
              ],
              [
                -104.76174038199997,
                38.879112896000038
              ],
              [
                -104.76177409799999,
                38.879113272000041
              ],
              [
                -104.76177370299996,
                38.87913525600004
              ],
              [
                -104.76176668199997,
                38.87913517800007
              ],
              [
                -104.76176650099995,
                38.879145224000069
              ],
              [
                -104.76177352599996,
                38.879145301000051
              ],
              [
                -104.76177322299998,
                38.879162209000071
              ],
              [
                -104.76176620099994,
                38.879162131000044
              ],
              [
                -104.76176601999998,
                38.879172176000054
              ],
              [
                -104.76177304499998,
                38.879172254000025
              ],
              [
                -104.76177265099994,
                38.879194240000061
              ],
              [
                -104.76173863199995,
                38.879193860000044
              ],
              [
                -104.76173823799996,
                38.879215846000079
              ],
              [
                -104.76173121699998,
                38.879215768000051
              ],
              [
                -104.76173103699995,
                38.879225813000062
              ],
              [
                -104.76173806099996,
                38.879225891000033
              ],
              [
                -104.76173775699999,
                38.879242798000064
              ],
              [
                -104.76173073699994,
                38.879242720000036
              ],
              [
                -104.76173055599997,
                38.879252765000047
              ],
              [
                -104.76173757999999,
                38.879252843000074
              ],
              [
                -104.76173679099998,
                38.879296812000064
              ],
              [
                -104.76172976899994,
                38.879296734000036
              ],
              [
                -104.76172958899997,
                38.879306780000036
              ],
              [
                -104.76173661399997,
                38.879306859000053
              ],
              [
                -104.76173630999995,
                38.879323765000038
              ],
              [
                -104.76172928799997,
                38.879323687000067
              ],
              [
                -104.76172910799994,
                38.879333733000067
              ],
              [
                -104.76173613299994,
                38.879333811000038
              ],
              [
                -104.76173573799997,
                38.879355796000027
              ]
            ],
            [
              [
                -104.76256489999997,
                38.877436217000024
              ],
              [
                -104.76257730399999,
                38.877428214000076
              ],
              [
                -104.76258512799996,
                38.877435623000054
              ],
              [
                -104.76257272399994,
                38.877443626000058
              ],
              [
                -104.76258613599998,
                38.877456328000051
              ],
              [
                -104.76259853899995,
                38.877448325000046
              ],
              [
                -104.76260636299997,
                38.877455735000069
              ],
              [
                -104.76259395999995,
                38.877463737000028
              ],
              [
                -104.76261239999997,
                38.87748120200007
              ],
              [
                -104.76258640099996,
                38.877497977000075
              ],
              [
                -104.76260484299996,
                38.87751544200006
              ],
              [
                -104.76261724599999,
                38.877507439000055
              ],
              [
                -104.76262506999996,
                38.877514848000033
              ],
              [
                -104.76261266599994,
                38.877522852000027
              ],
              [
                -104.76262607899997,
                38.87753555300003
              ],
              [
                -104.76263848199994,
                38.877527550000025
              ],
              [
                -104.76264630499998,
                38.877534960000048
              ],
              [
                -104.76263390199995,
                38.877542962000064
              ],
              [
                -104.76265234299996,
                38.877560427000049
              ],
              [
                -104.76267834199996,
                38.877543654000078
              ],
              [
                -104.76269678399996,
                38.877561119000063
              ],
              [
                -104.76270918799997,
                38.877553116000058
              ],
              [
                -104.76271701199994,
                38.877560526000025
              ],
              [
                -104.76270460799998,
                38.87756852800004
              ],
              [
                -104.76271801999997,
                38.877581230000033
              ],
              [
                -104.76273042299994,
                38.877573228000074
              ],
              [
                -104.76273824699996,
                38.87758063800004
              ],
              [
                -104.76272584299994,
                38.877588640000056
              ],
              [
                -104.76274428399995,
                38.877606105000041
              ],
              [
                -104.76271828499995,
                38.877622879000057
              ],
              [
                -104.76273672699995,
                38.877640344000042
              ],
              [
                -104.76274912999997,
                38.877632341000037
              ],
              [
                -104.76275695399994,
                38.877639751000061
              ],
              [
                -104.76274454999998,
                38.877647753000076
              ],
              [
                -104.76275796299996,
                38.877660455000068
              ],
              [
                -104.76277036599998,
                38.877652453000053
              ],
              [
                -104.76277818899996,
                38.877659863000076
              ],
              [
                -104.76276578599999,
                38.877667865000035
              ],
              [
                -104.76278422699994,
                38.877685330000077
              ],
              [
                -104.76280047699998,
                38.877674846000048
              ],
              [
                -104.76282562499995,
                38.877698662000057
              ],
              [
                -104.76277552099998,
                38.877730987000064
              ],
              [
                -104.76275037399995,
                38.877707171000054
              ],
              [
                -104.76271110299996,
                38.877732507000076
              ],
              [
                -104.76269319799997,
                38.877715550000062
              ],
              [
                -104.76270132299999,
                38.877710308000076
              ],
              [
                -104.76269314199999,
                38.877702560000046
              ],
              [
                -104.76268501699997,
                38.877707802000032
              ],
              [
                -104.76267124699996,
                38.877694761000043
              ],
              [
                -104.76267937199998,
                38.877689519000057
              ],
              [
                -104.76267119099998,
                38.877681770000038
              ],
              [
                -104.76266306599996,
                38.877687012000024
              ],
              [
                -104.76264516099997,
                38.877670055000067
              ],
              [
                -104.76267115999997,
                38.87765328200004
              ],
              [
                -104.76265325599996,
                38.877636325000026
              ],
              [
                -104.76266138099999,
                38.87763108300004
              ],
              [
                -104.76265319899994,
                38.877623335000067
              ],
              [
                -104.76264507399998,
                38.877628577000053
              ],
              [
                -104.76263130399997,
                38.877615536000064
              ],
              [
                -104.76263942999998,
                38.877610294000078
              ],
              [
                -104.76263124799999,
                38.877602545000059
              ],
              [
                -104.76262312399996,
                38.877607787000045
              ],
              [
                -104.76260521799998,
                38.877590830000031
              ],
              [
                -104.76257921899997,
                38.877607604000048
              ],
              [
                -104.76256131399998,
                38.877590647000034
              ],
              [
                -104.76256943899995,
                38.877585405000048
              ],
              [
                -104.76256125799995,
                38.877577657000074
              ],
              [
                -104.76255313299998,
                38.87758289900006
              ],
              [
                -104.76253936299997,
                38.877569858000072
              ],
              [
                -104.76254748799994,
                38.877564617000075
              ],
              [
                -104.76253930699994,
                38.877556868000056
              ],
              [
                -104.76253118199998,
                38.877562110000042
              ],
              [
                -104.76251327699998,
                38.877545153000028
              ],
              [
                -104.76253927599998,
                38.877528379000069
              ],
              [
                -104.76252137199998,
                38.877511422000055
              ],
              [
                -104.76252949599996,
                38.877506180000069
              ],
              [
                -104.76252131599995,
                38.877498432000039
              ],
              [
                -104.76251318999999,
                38.877503674000025
              ],
              [
                -104.76249942099997,
                38.877490633000036
              ],
              [
                -104.76250754599994,
                38.87748539100005
              ],
              [
                -104.76249936399995,
                38.877477643000077
              ],
              [
                -104.76249123999997,
                38.877482885000063
              ],
              [
                -104.76247333499998,
                38.877465928000049
              ],
              [
                -104.76254645899996,
                38.87741875200004
              ],
              [
                -104.76256489999997,
                38.877436217000024
              ]
            ],
            [
              [
                -104.76306395799998,
                38.877931104000027
              ],
              [
                -104.76303348899995,
                38.877950761000079
              ],
              [
                -104.76306590199994,
                38.877981457000033
              ],
              [
                -104.76304420799994,
                38.87799545300004
              ],
              [
                -104.76303750199997,
                38.877989102000072
              ],
              [
                -104.76302758999998,
                38.877995497000029
              ],
              [
                -104.76303429599994,
                38.878001848000054
              ],
              [
                -104.76301761299999,
                38.878012611000031
              ],
              [
                -104.76301090699997,
                38.878006260000063
              ],
              [
                -104.76300099499997,
                38.878012656000067
              ],
              [
                -104.76300770099999,
                38.878019006000045
              ],
              [
                -104.76298600699994,
                38.878033002000052
              ],
              [
                -104.76296454799996,
                38.878012679000051
              ],
              [
                -104.76294285399996,
                38.878026675000058
              ],
              [
                -104.76293614799994,
                38.878020324000033
              ],
              [
                -104.76292623499995,
                38.878026719000047
              ],
              [
                -104.76293294199996,
                38.878033070000072
              ],
              [
                -104.76291625899995,
                38.878043833000049
              ],
              [
                -104.76290955299999,
                38.878037482000025
              ],
              [
                -104.76289964099999,
                38.878043878000028
              ],
              [
                -104.76290634699996,
                38.878050228000063
              ],
              [
                -104.76288465299996,
                38.87806422400007
              ],
              [
                -104.76290611199994,
                38.878084547000071
              ],
              [
                -104.76288441899999,
                38.878098543000078
              ],
              [
                -104.76287771299997,
                38.878092192000054
              ],
              [
                -104.76286779999998,
                38.878098587000068
              ],
              [
                -104.76287450599995,
                38.878104938000035
              ],
              [
                -104.76285782299999,
                38.87811570100007
              ],
              [
                -104.76285111699997,
                38.878109350000045
              ],
              [
                -104.76284120499997,
                38.878115745000059
              ],
              [
                -104.76284791099994,
                38.878122097000073
              ],
              [
                -104.76282621699994,
                38.878136092000034
              ],
              [
                -104.76280475699997,
                38.878115769000033
              ],
              [
                -104.76278306499995,
                38.87812976500004
              ],
              [
                -104.76277635799994,
                38.878123414000072
              ],
              [
                -104.76276644599994,
                38.878129809000029
              ],
              [
                -104.76277315099998,
                38.878136160000054
              ],
              [
                -104.76275646899995,
                38.878146923000031
              ],
              [
                -104.76274976199994,
                38.878140572000063
              ],
              [
                -104.76273984999995,
                38.878146967000077
              ],
              [
                -104.76274655599997,
                38.878153318000045
              ],
              [
                -104.76272486199997,
                38.878167314000052
              ],
              [
                -104.76266450799994,
                38.878110155000059
              ],
              [
                -104.76268685099996,
                38.878095740000049
              ],
              [
                -104.76267661399999,
                38.878086045000032
              ],
              [
                -104.76268609299996,
                38.87807992900008
              ],
              [
                -104.76269633099997,
                38.87808962400004
              ],
              [
                -104.76271258099996,
                38.878079141000057
              ],
              [
                -104.76270234299994,
                38.878069445000051
              ],
              [
                -104.76271182199997,
                38.878063330000032
              ],
              [
                -104.76272205999999,
                38.878073026000038
              ],
              [
                -104.76274440399999,
                38.878058611000029
              ],
              [
                -104.76276586199998,
                38.87807893300004
              ],
              [
                -104.76278820599998,
                38.878064519000077
              ],
              [
                -104.76277796799997,
                38.87805482300007
              ],
              [
                -104.76278744799998,
                38.878048707000062
              ],
              [
                -104.76279768499995,
                38.878058403000068
              ],
              [
                -104.76281393499994,
                38.878047919000039
              ],
              [
                -104.76280369799997,
                38.878038223000033
              ],
              [
                -104.76281317599995,
                38.87803210800007
              ],
              [
                -104.76282341399997,
                38.878041804000077
              ],
              [
                -104.76284575799997,
                38.878027389000067
              ],
              [
                -104.76282429799994,
                38.878007066000066
              ],
              [
                -104.76284664199994,
                38.877992650000067
              ],
              [
                -104.76283640399998,
                38.87798295500005
              ],
              [
                -104.76284588299995,
                38.877976840000031
              ],
              [
                -104.76285612099997,
                38.877986535000048
              ],
              [
                -104.76287237099996,
                38.877976052000065
              ],
              [
                -104.76286213199995,
                38.877966355000069
              ],
              [
                -104.76287161199997,
                38.87796024000005
              ],
              [
                -104.76288184999999,
                38.877969935000067
              ],
              [
                -104.76290419399999,
                38.877955521000047
              ],
              [
                -104.76292565199998,
                38.877975844000048
              ],
              [
                -104.76294799599998,
                38.877961428000049
              ],
              [
                -104.76293775899995,
                38.877951733000032
              ],
              [
                -104.76294723699999,
                38.87794561700008
              ],
              [
                -104.76295747499995,
                38.877955313000029
              ],
              [
                -104.76297372499994,
                38.877944830000047
              ],
              [
                -104.76296348799997,
                38.877935133000051
              ],
              [
                -104.76297296599995,
                38.877929018000032
              ],
              [
                -104.76298320499995,
                38.877938714000038
              ],
              [
                -104.76300554799997,
                38.877924299000028
              ],
              [
                -104.76299213599998,
                38.877911597000036
              ],
              [
                -104.76302260299997,
                38.877891939000051
              ],
              [
                -104.76306395799998,
                38.877931104000027
              ]
            ],
            [
              [
                -104.76173532399997,
                38.877537645000075
              ],
              [
                -104.76164051999996,
                38.877536590000034
              ],
              [
                -104.76164093299997,
                38.877513946000079
              ],
              [
                -104.76162484999998,
                38.877513767000039
              ],
              [
                -104.76162502599999,
                38.877504161000047
              ],
              [
                -104.76164110799999,
                38.87750434000003
              ],
              [
                -104.76164140799995,
                38.877487872000074
              ],
              [
                -104.76162532499995,
                38.877487694000024
              ],
              [
                -104.76162549999998,
                38.877478087000043
              ],
              [
                -104.76164158299997,
                38.877478266000026
              ],
              [
                -104.76164199399994,
                38.87745562300006
              ],
              [
                -104.76167710699997,
                38.877456014000074
              ],
              [
                -104.76167751999998,
                38.877433370000062
              ],
              [
                -104.76166143899997,
                38.87743319100008
              ],
              [
                -104.76166161299994,
                38.877423585000031
              ],
              [
                -104.76167769499995,
                38.877423763000024
              ],
              [
                -104.76167799499996,
                38.877407295000069
              ],
              [
                -104.76166191299995,
                38.877407117000075
              ],
              [
                -104.76166208699999,
                38.877397511000026
              ],
              [
                -104.76167816999998,
                38.877397690000066
              ],
              [
                -104.76167858199994,
                38.877375046000054
              ],
              [
                -104.76164346899998,
                38.87737465500004
              ],
              [
                -104.76164388199999,
                38.877352012000074
              ],
              [
                -104.76162780099997,
                38.877351833000034
              ],
              [
                -104.76162797499995,
                38.877342227000042
              ],
              [
                -104.76164405699996,
                38.877342406000025
              ],
              [
                -104.76164435699997,
                38.87732593800007
              ],
              [
                -104.76162827499996,
                38.87732575900003
              ],
              [
                -104.76162845099998,
                38.877316153000038
              ],
              [
                -104.76164453199999,
                38.877316331000031
              ],
              [
                -104.76164494399995,
                38.877293689000055
              ],
              [
                -104.76168005599999,
                38.87729407900008
              ],
              [
                -104.76168046899994,
                38.877271436000058
              ],
              [
                -104.76166438799999,
                38.877271257000075
              ],
              [
                -104.76166456299995,
                38.877261650000037
              ],
              [
                -104.76168064399997,
                38.877261829000076
              ],
              [
                -104.76168094399998,
                38.877245361000064
              ],
              [
                -104.76166486299996,
                38.877245182000024
              ],
              [
                -104.76166503799999,
                38.877235577000079
              ],
              [
                -104.76168111899995,
                38.877235755000072
              ],
              [
                -104.76168153199995,
                38.877213112000049
              ],
              [
                -104.76166397399999,
                38.877212916000076
              ],
              [
                -104.76166453799999,
                38.877182039000047
              ],
              [
                -104.76172949499994,
                38.877182762000075
              ],
              [
                -104.76172893299997,
                38.877213639000047
              ],
              [
                -104.76177633599997,
                38.877214167000034
              ],
              [
                -104.76177592299996,
                38.877236810000056
              ],
              [
                -104.76176538899995,
                38.877236693000043
              ],
              [
                -104.76176521399998,
                38.877246299000035
              ],
              [
                -104.76177574799999,
                38.877246416000048
              ],
              [
                -104.76177544799998,
                38.877262884000061
              ],
              [
                -104.76176491399997,
                38.877262767000047
              ],
              [
                -104.76176473899994,
                38.877272374000029
              ],
              [
                -104.76177527299996,
                38.877272490000053
              ],
              [
                -104.76177485999995,
                38.877295134000065
              ],
              [
                -104.76173974699998,
                38.87729474300005
              ],
              [
                -104.76173933599995,
                38.877317387000062
              ],
              [
                -104.76172880199994,
                38.877317269000059
              ],
              [
                -104.76172862699997,
                38.877326876000041
              ],
              [
                -104.76173916099998,
                38.877326993000054
              ],
              [
                -104.76173886099997,
                38.877343460000077
              ],
              [
                -104.76172832699996,
                38.877343344000053
              ],
              [
                -104.76172815199999,
                38.877352950000045
              ],
              [
                -104.76173868599994,
                38.877353067000058
              ],
              [
                -104.76173827299999,
                38.87737571100007
              ],
              [
                -104.76177338599996,
                38.877376101000038
              ],
              [
                -104.76177297399994,
                38.87739874500005
              ],
              [
                -104.76176243999998,
                38.877398628000037
              ],
              [
                -104.76176226499996,
                38.87740823300004
              ],
              [
                -104.76177279899997,
                38.877408351000042
              ],
              [
                -104.76177249899996,
                38.877424819000055
              ],
              [
                -104.76176196499995,
                38.877424701000052
              ],
              [
                -104.76176178999998,
                38.877434308000034
              ],
              [
                -104.76177232399999,
                38.877434425000047
              ],
              [
                -104.76177191099998,
                38.877457068000069
              ],
              [
                -104.76173679799996,
                38.877456677000055
              ],
              [
                -104.76173638699998,
                38.877479321000067
              ],
              [
                -104.76172585299997,
                38.877479204000053
              ],
              [
                -104.76172567799995,
                38.877488810000045
              ],
              [
                -104.76173621199996,
                38.877488927000059
              ],
              [
                -104.76173591199995,
                38.877505395000071
              ],
              [
                -104.76172537799994,
                38.877505278000058
              ],
              [
                -104.76172520299997,
                38.87751488400005
              ],
              [
                -104.76173573699998,
                38.877515001000063
              ],
              [
                -104.76173532399997,
                38.877537645000075
              ]
            ],
            [
              [
                -104.76379852699995,
                38.879044819000057
              ],
              [
                -104.76376400699996,
                38.879044623000027
              ],
              [
                -104.76376445499994,
                38.879001428000038
              ],
              [
                -104.76373755699996,
                38.879001275000064
              ],
              [
                -104.76373712199995,
                38.879043169000056
              ],
              [
                -104.76366235999996,
                38.87904274400006
              ],
              [
                -104.76366279399997,
                38.879000920000067
              ],
              [
                -104.76364477799996,
                38.879000818000065
              ],
              [
                -104.76364506299996,
                38.878973392000034
              ],
              [
                -104.76366307799998,
                38.878973518000066
              ],
              [
                -104.76366360399999,
                38.878922781000028
              ],
              [
                -104.76370528499996,
                38.878923073000067
              ],
              [
                -104.76370511399995,
                38.878939556000034
              ],
              [
                -104.76384002799995,
                38.878940498000077
              ],
              [
                -104.76384030099996,
                38.87891417000003
              ],
              [
                -104.76391832799999,
                38.878914715000064
              ],
              [
                -104.76391847099995,
                38.878901002000077
              ],
              [
                -104.76393918899998,
                38.878901147000079
              ],
              [
                -104.76393904699995,
                38.878914882000061
              ],
              [
                -104.76401707299999,
                38.878915428000028
              ],
              [
                -104.76401621899998,
                38.878997842000047
              ],
              [
                -104.76397580099996,
                38.878997612000035
              ],
              [
                -104.76397557599995,
                38.879019342000049
              ],
              [
                -104.76394105599996,
                38.879019146000076
              ],
              [
                -104.76394150399994,
                38.878975951000029
              ],
              [
                -104.76391460499997,
                38.878975798000056
              ],
              [
                -104.76391415699999,
                38.87901906500008
              ],
              [
                -104.76387963699995,
                38.879018870000039
              ],
              [
                -104.76387986199995,
                38.878997175000052
              ],
              [
                -104.76383944299994,
                38.878996946000029
              ],
              [
                -104.76383916999998,
                38.879023319000055
              ],
              [
                -104.76379875199996,
                38.879023089000043
              ],
              [
                -104.76379852699995,
                38.879044819000057
              ]
            ],
            [
              [
                -104.76199872899997,
                38.877216642000064
              ],
              [
                -104.76199797299995,
                38.877257864000057
              ],
              [
                -104.76208635299997,
                38.877258759000028
              ],
              [
                -104.76208665299998,
                38.877242242000079
              ],
              [
                -104.76217485999996,
                38.877243021000027
              ],
              [
                -104.76217393699994,
                38.877293648000034
              ],
              [
                -104.76219195099998,
                38.877293808000047
              ],
              [
                -104.76219145299996,
                38.877321174000031
              ],
              [
                -104.76217343999997,
                38.877320932000032
              ],
              [
                -104.76217268099998,
                38.877362665000078
              ],
              [
                -104.76209792799995,
                38.877361662000055
              ],
              [
                -104.76209869299998,
                38.877319683000053
              ],
              [
                -104.76207179699998,
                38.877319340000042
              ],
              [
                -104.76207101099999,
                38.877362514000026
              ],
              [
                -104.76203649499996,
                38.87736209500008
              ],
              [
                -104.76203688299995,
                38.877340797000045
              ],
              [
                -104.76199646799995,
                38.877340308000043
              ],
              [
                -104.76199721799998,
                38.87729908600005
              ],
              [
                -104.76195679899996,
                38.877298676000066
              ],
              [
                -104.76195640799995,
                38.877319974000045
              ],
              [
                -104.76192188899995,
                38.877319624000052
              ],
              [
                -104.76192266999999,
                38.877276451000057
              ],
              [
                -104.76189580699997,
                38.877276151000046
              ],
              [
                -104.76189502199998,
                38.87731932500003
              ],
              [
                -104.76186050599995,
                38.877318907000074
              ],
              [
                -104.76186089399994,
                38.877297609000038
              ],
              [
                -104.76182047899994,
                38.877297119000048
              ],
              [
                -104.76182198199996,
                38.877214675000062
              ],
              [
                -104.76199872899997,
                38.877216642000064
              ]
            ],
            [
              [
                -104.76253854799995,
                38.877717167000071
              ],
              [
                -104.76250328599997,
                38.877683772000069
              ],
              [
                -104.76252987299995,
                38.877666563000048
              ],
              [
                -104.76254752699998,
                38.877683282000078
              ],
              [
                -104.76257865799994,
                38.877663133000055
              ],
              [
                -104.76264561299996,
                38.877726541000072
              ],
              [
                -104.76258535599999,
                38.877765292000049
              ],
              [
                -104.76259651399994,
                38.877775860000042
              ],
              [
                -104.76258051399998,
                38.87778614900003
              ],
              [
                -104.76256932099994,
                38.877775548000045
              ],
              [
                -104.76250906299998,
                38.877814297000043
              ],
              [
                -104.76248756999996,
                38.877793943000029
              ],
              [
                -104.76242731399998,
                38.877832692000027
              ],
              [
                -104.76243847199999,
                38.877843261000066
              ],
              [
                -104.76243047199995,
                38.877848406000055
              ],
              [
                -104.76244609499997,
                38.877863201000025
              ],
              [
                -104.76243524799997,
                38.877870177000034
              ],
              [
                -104.76242405299996,
                38.877859575000059
              ],
              [
                -104.76236677899999,
                38.877896407000037
              ],
              [
                -104.76232535999998,
                38.877857181000024
              ],
              [
                -104.76231144799999,
                38.877866127000061
              ],
              [
                -104.76228905999994,
                38.877844924000044
              ],
              [
                -104.76230293599997,
                38.877835943000036
              ],
              [
                -104.76226885699998,
                38.877803608000079
              ],
              [
                -104.76232637699997,
                38.877766337000025
              ],
              [
                -104.76236041199996,
                38.877798570000039
              ],
              [
                -104.76238113099998,
                38.87778516000003
              ],
              [
                -104.76234586899994,
                38.877751765000028
              ],
              [
                -104.76237245699997,
                38.877734556000064
              ],
              [
                -104.76239010999996,
                38.877751276000026
              ],
              [
                -104.76242124299995,
                38.877731126000072
              ],
              [
                -104.76244266799995,
                38.87775141700007
              ],
              [
                -104.76247379999995,
                38.877731267000058
              ],
              [
                -104.76245609099999,
                38.877714496000067
              ],
              [
                -104.76248267799997,
                38.877697286000057
              ],
              [
                -104.76251782899999,
                38.877730577000079
              ],
              [
                -104.76253854799995,
                38.877717167000071
              ]
            ],
            [
              [
                -104.76194074599994,
                38.878712531000076
              ],
              [
                -104.76183716199995,
                38.87871135000006
              ],
              [
                -104.76183759999998,
                38.878687325000044
              ],
              [
                -104.76182706599997,
                38.878687204000073
              ],
              [
                -104.76182766599999,
                38.878654257000051
              ],
              [
                -104.76183819999994,
                38.878654372000028
              ],
              [
                -104.76183863799997,
                38.878630347000069
              ],
              [
                -104.76186672899996,
                38.878630652000027
              ],
              [
                -104.76186714199997,
                38.878607964000025
              ],
              [
                -104.76185106099996,
                38.878607761000069
              ],
              [
                -104.76185123599998,
                38.878598136000051
              ],
              [
                -104.76186731699994,
                38.87859829100006
              ],
              [
                -104.76186826199995,
                38.878546458000073
              ],
              [
                -104.76186123899998,
                38.878546390000054
              ],
              [
                -104.76186155099998,
                38.878529269000069
              ],
              [
                -104.76186857299996,
                38.878529358000037
              ],
              [
                -104.76186900899995,
                38.878505389000054
              ],
              [
                -104.76184091999994,
                38.878505034000057
              ],
              [
                -104.76184133199996,
                38.878482347000045
              ],
              [
                -104.76182525099995,
                38.878482144000031
              ],
              [
                -104.76182542699996,
                38.87847251900007
              ],
              [
                -104.76184150899996,
                38.878472674000079
              ],
              [
                -104.76184245399998,
                38.878420840000047
              ],
              [
                -104.76183542999996,
                38.878420773000073
              ],
              [
                -104.76183574199996,
                38.878403652000031
              ],
              [
                -104.76184276399994,
                38.878403740000067
              ],
              [
                -104.76184320099998,
                38.878379772000073
              ],
              [
                -104.76193975999996,
                38.878380991000029
              ],
              [
                -104.76193960899997,
                38.878389241000036
              ],
              [
                -104.76195569099997,
                38.878389444000049
              ],
              [
                -104.76195551499995,
                38.878399069000068
              ],
              [
                -104.76193943299995,
                38.878398914000059
              ],
              [
                -104.76193822699997,
                38.878465184000049
              ],
              [
                -104.76194524899995,
                38.878465252000069
              ],
              [
                -104.76194493799994,
                38.878482373000054
              ],
              [
                -104.76193791499998,
                38.878482285000075
              ],
              [
                -104.76193747799999,
                38.878506253000069
              ],
              [
                -104.76196556799994,
                38.878506608000066
              ],
              [
                -104.76196541799999,
                38.878514858000074
              ],
              [
                -104.76198149899994,
                38.87851506100003
              ],
              [
                -104.76198132399998,
                38.878524686000048
              ],
              [
                -104.76196524099998,
                38.878524532000029
              ],
              [
                -104.76196403499995,
                38.87859080100003
              ],
              [
                -104.76197105799997,
                38.87859086900005
              ],
              [
                -104.76197074599997,
                38.878607990000035
              ],
              [
                -104.76196372399994,
                38.878607902000056
              ],
              [
                -104.76196328699996,
                38.878631871000039
              ],
              [
                -104.76194221999998,
                38.878631605000066
              ],
              [
                -104.76194180699997,
                38.87865424000006
              ],
              [
                -104.76195146299995,
                38.878654345000029
              ],
              [
                -104.76195128899997,
                38.878663947000064
              ],
              [
                -104.76194163299999,
                38.878663837000033
              ],
              [
                -104.76194133299998,
                38.878680299000052
              ],
              [
                -104.76195098999995,
                38.878680403000033
              ],
              [
                -104.76195081399999,
                38.878690006000056
              ],
              [
                -104.76194115799996,
                38.878689896000026
              ],
              [
                -104.76194074599994,
                38.878712531000076
              ]
            ],
            [
              [
                -104.76213759499996,
                38.879203093000058
              ],
              [
                -104.76213683499998,
                38.879244845000073
              ],
              [
                -104.76215484799997,
                38.879245010000034
              ],
              [
                -104.76215434999995,
                38.87927238900005
              ],
              [
                -104.76213633799995,
                38.879272153000045
              ],
              [
                -104.76213541499999,
                38.879322803000036
              ],
              [
                -104.76206125899995,
                38.879321834000052
              ],
              [
                -104.76206100899998,
                38.879335523000066
              ],
              [
                -104.76204696399998,
                38.879335341000058
              ],
              [
                -104.76204721399995,
                38.879321583000035
              ],
              [
                -104.76203685699994,
                38.879321448000042
              ],
              [
                -104.76203710699997,
                38.879307691000065
              ],
              [
                -104.76195908799997,
                38.879306671000052
              ],
              [
                -104.76195862699996,
                38.879331921000073
              ],
              [
                -104.76188060499999,
                38.879331054000033
              ],
              [
                -104.76188035499996,
                38.879344777000028
              ],
              [
                -104.76185963799998,
                38.879344546000027
              ],
              [
                -104.76185988799995,
                38.879330823000032
              ],
              [
                -104.76178186499999,
                38.87932995400007
              ],
              [
                -104.76178336499999,
                38.879247615000054
              ],
              [
                -104.76182378099998,
                38.87924806500007
              ],
              [
                -104.76182415199997,
                38.879227727000057
              ],
              [
                -104.76185866799995,
                38.879228111000032
              ],
              [
                -104.76185787999998,
                38.879271340000059
              ],
              [
                -104.76188477799997,
                38.879271639000081
              ],
              [
                -104.76188556499994,
                38.879228411000042
              ],
              [
                -104.76192008199996,
                38.879228795000074
              ],
              [
                -104.76191971099996,
                38.879249132000041
              ],
              [
                -104.76196012699995,
                38.879249582000057
              ],
              [
                -104.76196062699995,
                38.879222068000047
              ],
              [
                -104.76200104499998,
                38.879222439000046
              ],
              [
                -104.76200141599998,
                38.87920205100005
              ],
              [
                -104.76203593399998,
                38.879202367000062
              ],
              [
                -104.76203517299996,
                38.879244120000067
              ],
              [
                -104.76206207199999,
                38.87924436600008
              ],
              [
                -104.76206283499994,
                38.879202407000037
              ],
              [
                -104.76213759499996,
                38.879203093000058
              ]
            ],
            [
              [
                -104.76198565599998,
                38.878880791000029
              ],
              [
                -104.76197529899997,
                38.878880675000062
              ],
              [
                -104.76197554799995,
                38.878866952000067
              ],
              [
                -104.76189752599998,
                38.878866084000038
              ],
              [
                -104.76189902599998,
                38.878783744000032
              ],
              [
                -104.76193944099998,
                38.878784195000037
              ],
              [
                -104.76194005599996,
                38.87875040800003
              ],
              [
                -104.76197458099995,
                38.878750354000033
              ],
              [
                -104.76197375899994,
                38.87879551900005
              ],
              [
                -104.76200069599997,
                38.87879623200007
              ],
              [
                -104.76200135999994,
                38.878757116000031
              ],
              [
                -104.76203588399994,
                38.878757062000034
              ],
              [
                -104.76203548799998,
                38.878795915000069
              ],
              [
                -104.76207559899996,
                38.878795948000061
              ],
              [
                -104.76207605799999,
                38.878770781000071
              ],
              [
                -104.76211647299999,
                38.878771230000041
              ],
              [
                -104.76211711799999,
                38.878735796000058
              ],
              [
                -104.76215163399996,
                38.878736180000033
              ],
              [
                -104.76215087299994,
                38.878778036000028
              ],
              [
                -104.76217776999994,
                38.87877833500005
              ],
              [
                -104.76217853099996,
                38.878736480000043
              ],
              [
                -104.76225328799995,
                38.878737311000066
              ],
              [
                -104.76225252499995,
                38.878779167000062
              ],
              [
                -104.76227053799994,
                38.87877936700005
              ],
              [
                -104.76227003899999,
                38.878806814000029
              ],
              [
                -104.76225202599994,
                38.878806614000041
              ],
              [
                -104.76225110199994,
                38.878857389000075
              ],
              [
                -104.76217694199994,
                38.878856564000046
              ],
              [
                -104.76217669199997,
                38.87887028800003
              ],
              [
                -104.76216264699997,
                38.878870132000031
              ],
              [
                -104.76216289699994,
                38.878856409000036
              ],
              [
                -104.76215253799995,
                38.878856293000069
              ],
              [
                -104.76215278899997,
                38.878842570000074
              ],
              [
                -104.76207476599996,
                38.878841702000045
              ],
              [
                -104.76207428599997,
                38.878868050000051
              ],
              [
                -104.76199626499994,
                38.878867183000068
              ],
              [
                -104.76199601499997,
                38.878880906000063
              ],
              [
                -104.76198565599998,
                38.878880791000029
              ]
            ],
            [
              [
                -104.76471784799998,
                38.879343654000024
              ],
              [
                -104.76471740499994,
                38.879386901000032
              ],
              [
                -104.76474430699994,
                38.879387078000036
              ],
              [
                -104.76474475899994,
                38.879343864000077
              ],
              [
                -104.76481938699999,
                38.879344356000047
              ],
              [
                -104.76481895799998,
                38.879386231000069
              ],
              [
                -104.76483697399999,
                38.879386350000061
              ],
              [
                -104.76483669399994,
                38.879413809000027
              ],
              [
                -104.76481868099995,
                38.879413700000043
              ],
              [
                -104.76481816099994,
                38.879464498000061
              ],
              [
                -104.76474400199999,
                38.879464050000024
              ],
              [
                -104.76474386199999,
                38.879477779000069
              ],
              [
                -104.76472981599994,
                38.879477695000048
              ],
              [
                -104.76472995999995,
                38.879463976000068
              ],
              [
                -104.76471960199996,
                38.879463913000052
              ],
              [
                -104.76471974499998,
                38.879450194000071
              ],
              [
                -104.76464172499999,
                38.87944972300005
              ],
              [
                -104.76464134299994,
                38.879487066000024
              ],
              [
                -104.76456332099997,
                38.87948659500006
              ],
              [
                -104.76456318099997,
                38.879500325000038
              ],
              [
                -104.76454246499998,
                38.879500199000063
              ],
              [
                -104.76454260799994,
                38.879486480000025
              ],
              [
                -104.76446458699996,
                38.879486008000072
              ],
              [
                -104.76446544899994,
                38.879403694000075
              ],
              [
                -104.76450587099998,
                38.879403961000037
              ],
              [
                -104.76450624299997,
                38.879368538000051
              ],
              [
                -104.76454076499999,
                38.879368767000074
              ],
              [
                -104.76454032099997,
                38.879412014000025
              ],
              [
                -104.76456722299997,
                38.879412192000075
              ],
              [
                -104.76456767499997,
                38.87936897700007
              ],
              [
                -104.76460219799998,
                38.879369205000046
              ],
              [
                -104.76460183399996,
                38.879404654000041
              ],
              [
                -104.76464225699999,
                38.879404921000059
              ],
              [
                -104.76464253299997,
                38.879378581000026
              ],
              [
                -104.76468295499996,
                38.879378848000044
              ],
              [
                -104.76468332599995,
                38.879343425000059
              ],
              [
                -104.76471784799998,
                38.879343654000024
              ]
            ],
            [
              [
                -104.76198843399999,
                38.878219064000064
              ],
              [
                -104.76188485099999,
                38.878217911000036
              ],
              [
                -104.76188528799997,
                38.878193895000038
              ],
              [
                -104.76187475399996,
                38.878193777000035
              ],
              [
                -104.76187535399998,
                38.878160842000057
              ],
              [
                -104.76188654699996,
                38.87816170900004
              ],
              [
                -104.76188632599997,
                38.878136944000062
              ],
              [
                -104.76185823499998,
                38.878136631000075
              ],
              [
                -104.76185867299995,
                38.878112615000077
              ],
              [
                -104.76184813899994,
                38.878112498000064
              ],
              [
                -104.76184873799997,
                38.878079562000039
              ],
              [
                -104.76185993099995,
                38.878080429000079
              ],
              [
                -104.76185970999995,
                38.878055663000055
              ],
              [
                -104.76188779999995,
                38.878055976000041
              ],
              [
                -104.76188823799998,
                38.878031961000033
              ],
              [
                -104.76187770399997,
                38.878031843000031
              ],
              [
                -104.76187800299999,
                38.878015375000075
              ],
              [
                -104.76187830299995,
                38.877998907000062
              ],
              [
                -104.76188949499999,
                38.877999775000035
              ],
              [
                -104.76188927399994,
                38.877975009000068
              ],
              [
                -104.76186118399994,
                38.87797469700007
              ],
              [
                -104.76186227999995,
                38.877951430000053
              ],
              [
                -104.76185174599999,
                38.877951314000029
              ],
              [
                -104.76185234599996,
                38.877918378000061
              ],
              [
                -104.76186287899998,
                38.877918495000074
              ],
              [
                -104.76186331699995,
                38.877894479000076
              ],
              [
                -104.76196624099998,
                38.877894882000078
              ],
              [
                -104.76196582899996,
                38.877917525000043
              ],
              [
                -104.76198191099996,
                38.877917704000026
              ],
              [
                -104.76198173599994,
                38.877927311000064
              ],
              [
                -104.76196565399994,
                38.877927132000025
              ],
              [
                -104.76196535399998,
                38.877943600000037
              ],
              [
                -104.76198143599999,
                38.877943778000031
              ],
              [
                -104.76198126099996,
                38.877953385000069
              ],
              [
                -104.76196517899996,
                38.877953206000029
              ],
              [
                -104.76196476699994,
                38.877975849000052
              ],
              [
                -104.76199285699994,
                38.877976162000039
              ],
              [
                -104.76199244499998,
                38.877998805000061
              ],
              [
                -104.76200852699998,
                38.877998984000044
              ],
              [
                -104.76200835199995,
                38.878008590000036
              ],
              [
                -104.76199226999995,
                38.878008411000053
              ],
              [
                -104.76199196999994,
                38.878024879000066
              ],
              [
                -104.76200805199994,
                38.878025058000048
              ],
              [
                -104.76200787699997,
                38.87803466400004
              ],
              [
                -104.76199179599996,
                38.878034486000047
              ],
              [
                -104.76199138299995,
                38.87805712800008
              ],
              [
                -104.76196329199996,
                38.878056817000072
              ],
              [
                -104.76196288099999,
                38.878079459000048
              ],
              [
                -104.76197896199994,
                38.878079639000077
              ],
              [
                -104.76197878699998,
                38.878089245000069
              ],
              [
                -104.76196270599996,
                38.87808906600003
              ],
              [
                -104.76196240599995,
                38.878105534000042
              ],
              [
                -104.76197848699996,
                38.878105713000025
              ],
              [
                -104.76197831199994,
                38.878115319000074
              ],
              [
                -104.76196223099998,
                38.878115140000034
              ],
              [
                -104.76196181799997,
                38.878137783000057
              ],
              [
                -104.76198990799998,
                38.878138096000043
              ],
              [
                -104.76198949699995,
                38.878160740000055
              ],
              [
                -104.76200557799996,
                38.878160918000049
              ],
              [
                -104.76200540299999,
                38.87817052500003
              ],
              [
                -104.76198932199998,
                38.878170345000058
              ],
              [
                -104.76198902199997,
                38.87818681300007
              ],
              [
                -104.76200510299998,
                38.878186993000043
              ],
              [
                -104.76200492799995,
                38.878196599000034
              ],
              [
                -104.76198884699994,
                38.878196420000052
              ],
              [
                -104.76198843399999,
                38.878219064000064
              ]
            ],
            [
              [
                -104.76240969299994,
                38.877376696000056
              ],
              [
                -104.76243247699995,
                38.877397709000036
              ],
              [
                -104.76241880499998,
                38.877406591000067
              ],
              [
                -104.76245526299999,
                38.877440216000025
              ],
              [
                -104.76239873899999,
                38.877478463000045
              ],
              [
                -104.76236353299998,
                38.877445120000061
              ],
              [
                -104.76234278699997,
                38.87745850500005
              ],
              [
                -104.76237687599996,
                38.877490789000035
              ],
              [
                -104.76235025299997,
                38.877507964000074
              ],
              [
                -104.76237996099997,
                38.877536099000054
              ],
              [
                -104.76233865799998,
                38.877562745000034
              ],
              [
                -104.76235578099994,
                38.87757896100004
              ],
              [
                -104.76239708299994,
                38.877552315000059
              ],
              [
                -104.76244467199996,
                38.877597386000048
              ],
              [
                -104.76240337099995,
                38.877624032000028
              ],
              [
                -104.76241483799998,
                38.87763489200006
              ],
              [
                -104.76238775499996,
                38.877652365000074
              ],
              [
                -104.76237628799998,
                38.877641505000042
              ],
              [
                -104.76232618499995,
                38.877673829000059
              ],
              [
                -104.76229965099998,
                38.877648701000055
              ],
              [
                -104.76231590099997,
                38.877638217000026
              ],
              [
                -104.76229187099995,
                38.877615459000026
              ],
              [
                -104.76227832999996,
                38.877624196000056
              ],
              [
                -104.76227274199994,
                38.877618903000041
              ],
              [
                -104.76225378399994,
                38.877631134000069
              ],
              [
                -104.76224484199997,
                38.877622666000036
              ],
              [
                -104.76225838399995,
                38.877613930000052
              ],
              [
                -104.76221117399996,
                38.877569219000065
              ],
              [
                -104.76226127799998,
                38.877536894000059
              ],
              [
                -104.76224981099995,
                38.877526034000027
              ],
              [
                -104.76227689399997,
                38.87750856200006
              ],
              [
                -104.76228835999996,
                38.877519421000045
              ],
              [
                -104.76231232899994,
                38.877503958000034
              ],
              [
                -104.76224656399995,
                38.877439978000041
              ],
              [
                -104.76229110799994,
                38.877411437000035
              ],
              [
                -104.76228014799995,
                38.877400773000033
              ],
              [
                -104.76228826499994,
                38.877395572000069
              ],
              [
                -104.76227291899994,
                38.877380644000027
              ],
              [
                -104.76228392499996,
                38.877373592000026
              ],
              [
                -104.76229531699994,
                38.87738409800005
              ],
              [
                -104.76235342599995,
                38.87734686500005
              ],
              [
                -104.76239557699995,
                38.877385739000033
              ],
              [
                -104.76240969299994,
                38.877376696000056
              ]
            ],
            [
              [
                -104.76322171399994,
                38.877995421000037
              ],
              [
                -104.76322829999998,
                38.878001663000077
              ],
              [
                -104.76324723699997,
                38.877989422000041
              ],
              [
                -104.76325616599996,
                38.877997884000024
              ],
              [
                -104.76324261099995,
                38.878006614000071
              ],
              [
                -104.76328975899997,
                38.878051295000034
              ],
              [
                -104.76323960199994,
                38.878083595000078
              ],
              [
                -104.76325105299998,
                38.87809444800007
              ],
              [
                -104.76322394099998,
                38.878111907000061
              ],
              [
                -104.76321245899999,
                38.878101040000047
              ],
              [
                -104.76318737999998,
                38.878117189000079
              ],
              [
                -104.76321387799999,
                38.878142302000072
              ],
              [
                -104.76319761099995,
                38.878152777000025
              ],
              [
                -104.76322160899997,
                38.87817552000007
              ],
              [
                -104.76323513599999,
                38.878166777000047
              ],
              [
                -104.76324730299996,
                38.878178307000042
              ],
              [
                -104.76323374699996,
                38.878187036000043
              ],
              [
                -104.76325774599997,
                38.878209779000031
              ],
              [
                -104.76327397699998,
                38.878199287000029
              ],
              [
                -104.76330047699997,
                38.878224400000079
              ],
              [
                -104.76325031799996,
                38.878256699000076
              ],
              [
                -104.76326176999999,
                38.878267552000068
              ],
              [
                -104.76323465799999,
                38.87828501100006
              ],
              [
                -104.76322317499995,
                38.878274144000045
              ],
              [
                -104.76318182899996,
                38.878300770000067
              ],
              [
                -104.76313417499995,
                38.878255670000044
              ],
              [
                -104.76317543199997,
                38.878229002000069
              ],
              [
                -104.76315828699995,
                38.878212776000055
              ],
              [
                -104.76311693999997,
                38.878239400000041
              ],
              [
                -104.76306928699995,
                38.878194301000065
              ],
              [
                -104.76311054399997,
                38.878167634000079
              ],
              [
                -104.76309906099999,
                38.878156767000064
              ],
              [
                -104.76312611599997,
                38.878139280000028
              ],
              [
                -104.76313756699994,
                38.878150133000076
              ],
              [
                -104.76317003199995,
                38.878129149000074
              ],
              [
                -104.76312237799999,
                38.878084049000051
              ],
              [
                -104.76316363499996,
                38.878057382000065
              ],
              [
                -104.76314648999994,
                38.878041156000052
              ],
              [
                -104.76310378799997,
                38.87806865400006
              ],
              [
                -104.76308178599999,
                38.878047830000071
              ],
              [
                -104.76310318499998,
                38.878033998000035
              ],
              [
                -104.76307742299997,
                38.878009616000043
              ],
              [
                -104.76315858299995,
                38.877957156000036
              ],
              [
                -104.76320818699998,
                38.87800416500005
              ],
              [
                -104.76322171399994,
                38.877995421000037
              ]
            ],
            [
              [
                -104.76418038099996,
                38.87883185000004
              ],
              [
                -104.76419439899996,
                38.878831925000043
              ],
              [
                -104.76419414999998,
                38.878851115000032
              ],
              [
                -104.76420291099998,
                38.878851162000046
              ],
              [
                -104.76420273399998,
                38.87886486900004
              ],
              [
                -104.76424916699995,
                38.878865118000078
              ],
              [
                -104.76424929399997,
                38.878848629000061
              ],
              [
                -104.76428388299996,
                38.878848814000037
              ],
              [
                -104.76428322499999,
                38.878899531000059
              ],
              [
                -104.76430120199996,
                38.878899626000077
              ],
              [
                -104.76430084699996,
                38.878927040000065
              ],
              [
                -104.76428279599997,
                38.878926909000029
              ],
              [
                -104.76428272399994,
                38.878932392000024
              ],
              [
                -104.76433623399998,
                38.878932739000049
              ],
              [
                -104.76433636399997,
                38.878918661000057
              ],
              [
                -104.76437145299997,
                38.878918889000033
              ],
              [
                -104.76437129199996,
                38.878932973000076
              ],
              [
                -104.76443620499998,
                38.878933394000057
              ],
              [
                -104.76443554499997,
                38.878991377000034
              ],
              [
                -104.76445308999996,
                38.878991491000079
              ],
              [
                -104.76445296499998,
                38.879002472000025
              ],
              [
                -104.76442836499996,
                38.87900232100003
              ],
              [
                -104.76442828699999,
                38.87900918400004
              ],
              [
                -104.76441071399995,
                38.879009076000045
              ],
              [
                -104.76441000699998,
                38.879071177000071
              ],
              [
                -104.76430932099998,
                38.879070556000045
              ],
              [
                -104.76430961599999,
                38.879038969000078
              ],
              [
                -104.76428181799997,
                38.879038798000067
              ],
              [
                -104.76428206999998,
                38.879011821000063
              ],
              [
                -104.76433733299996,
                38.879012180000075
              ],
              [
                -104.76433752999998,
                38.878991159000066
              ],
              [
                -104.76428217799997,
                38.878990818000034
              ],
              [
                -104.76428240199999,
                38.878966860000048
              ],
              [
                -104.76420748899994,
                38.878966314000024
              ],
              [
                -104.76420781399997,
                38.878924403000042
              ],
              [
                -104.76418085899996,
                38.878924206000079
              ],
              [
                -104.76418031599997,
                38.878966012000035
              ],
              [
                -104.76410540299997,
                38.878965466000068
              ],
              [
                -104.76410572799995,
                38.878923555000029
              ],
              [
                -104.76408767699996,
                38.87892342300006
              ],
              [
                -104.76408788999998,
                38.878895941000053
              ],
              [
                -104.76410586699996,
                38.87889603800005
              ],
              [
                -104.76410626099994,
                38.878845194000064
              ],
              [
                -104.76418027499994,
                38.878845591000072
              ],
              [
                -104.76418038099996,
                38.87883185000004
              ]
            ],
            [
              [
                -104.76179274399999,
                38.877686183000037
              ],
              [
                -104.76170453899999,
                38.877685327000052
              ],
              [
                -104.76170546099996,
                38.877634643000079
              ],
              [
                -104.76168744799998,
                38.877634469000043
              ],
              [
                -104.76168794799997,
                38.877607072000046
              ],
              [
                -104.76170595999997,
                38.877607298000044
              ],
              [
                -104.76170673399997,
                38.877564779000068
              ],
              [
                -104.76178148699995,
                38.877565717000039
              ],
              [
                -104.76178072399995,
                38.877607649000026
              ],
              [
                -104.76180761899997,
                38.877607887000067
              ],
              [
                -104.76180840099994,
                38.877564329000052
              ],
              [
                -104.76184298499999,
                38.877564508000034
              ],
              [
                -104.76184360999997,
                38.877530051000065
              ],
              [
                -104.76189715699996,
                38.877530600000057
              ],
              [
                -104.76189753899996,
                38.877509563000046
              ],
              [
                -104.76184399199997,
                38.877508958000078
              ],
              [
                -104.76184505599997,
                38.877450513000042
              ],
              [
                -104.76189860299996,
                38.87745110000003
              ],
              [
                -104.76189885899998,
                38.877437017000034
              ],
              [
                -104.76193397199995,
                38.877437402000055
              ],
              [
                -104.76193371599999,
                38.877451480000047
              ],
              [
                -104.76199867399998,
                38.877452192000078
              ],
              [
                -104.76199807999996,
                38.877484765000077
              ],
              [
                -104.76197697799995,
                38.877486413000042
              ],
              [
                -104.76197634999994,
                38.87752088600007
              ],
              [
                -104.76201497499994,
                38.877521282000032
              ],
              [
                -104.76201477399997,
                38.87753224800008
              ],
              [
                -104.76199721699999,
                38.877532037000037
              ],
              [
                -104.76199616099996,
                38.877589940000064
              ],
              [
                -104.76193120099998,
                38.87758916000007
              ],
              [
                -104.76193094499996,
                38.87760322400004
              ],
              [
                -104.76189583199994,
                38.877602802000069
              ],
              [
                -104.76189608799996,
                38.877588707000029
              ],
              [
                -104.76188295599997,
                38.877588549000052
              ],
              [
                -104.76188144699995,
                38.877670260000059
              ],
              [
                -104.76179306099999,
                38.877668750000055
              ],
              [
                -104.76179274399999,
                38.877686183000037
              ]
            ],
            [
              [
                -104.76292535799996,
                38.878370198000027
              ],
              [
                -104.76288400099997,
                38.878330918000074
              ],
              [
                -104.76287010699997,
                38.878339849000042
              ],
              [
                -104.76284775199997,
                38.878318617000048
              ],
              [
                -104.76286164399994,
                38.878309621000028
              ],
              [
                -104.76285328299997,
                38.87830168000005
              ],
              [
                -104.76277202899996,
                38.878353911000033
              ],
              [
                -104.76272235699997,
                38.878306731000066
              ],
              [
                -104.76270881399995,
                38.878315437000026
              ],
              [
                -104.76270221999994,
                38.878309173000048
              ],
              [
                -104.76268325999996,
                38.878321360000029
              ],
              [
                -104.76267431899998,
                38.878312867000034
              ],
              [
                -104.76268785999997,
                38.878304099000047
              ],
              [
                -104.76264026599995,
                38.878258894000055
              ],
              [
                -104.76269036699995,
                38.878226454000071
              ],
              [
                -104.76267889999997,
                38.878215562000037
              ],
              [
                -104.76270598099995,
                38.878198026000064
              ],
              [
                -104.76271744699994,
                38.878208854000036
              ],
              [
                -104.76275874699996,
                38.878182112000047
              ],
              [
                -104.76280633499994,
                38.878227049000031
              ],
              [
                -104.76276503099996,
                38.87825360000005
              ],
              [
                -104.76278215199994,
                38.878269768000052
              ],
              [
                -104.76282480599997,
                38.878242149000073
              ],
              [
                -104.76284677799998,
                38.87826289700007
              ],
              [
                -104.76288301299996,
                38.878239435000069
              ],
              [
                -104.76291709999998,
                38.878271623000046
              ],
              [
                -104.76293784399996,
                38.878258191000043
              ],
              [
                -104.76290375299999,
                38.87822581100005
              ],
              [
                -104.76296140999995,
                38.878188478000027
              ],
              [
                -104.76299549699996,
                38.878220666000061
              ],
              [
                -104.76300938899999,
                38.878211671000031
              ],
              [
                -104.76303174099996,
                38.878232777000051
              ],
              [
                -104.76301784699996,
                38.878241709000065
              ],
              [
                -104.76305919899994,
                38.878280757000027
              ],
              [
                -104.76302704899996,
                38.878301423000039
              ],
              [
                -104.76301363599998,
                38.87828868400004
              ],
              [
                -104.76298451999997,
                38.87830739900005
              ],
              [
                -104.76299569599996,
                38.878317953000078
              ],
              [
                -104.76298892499995,
                38.87832230500004
              ],
              [
                -104.76300457199994,
                38.878337081000041
              ],
              [
                -104.76299373799998,
                38.878344044000073
              ],
              [
                -104.76298256099994,
                38.878333428000076
              ],
              [
                -104.76292535799996,
                38.878370198000027
              ]
            ],
            [
              [
                -104.76455697599994,
                38.879057557000067
              ],
              [
                -104.76455682799997,
                38.879071274000069
              ],
              [
                -104.76463096799995,
                38.879071710000062
              ],
              [
                -104.76463041999995,
                38.879122461000065
              ],
              [
                -104.76464842899998,
                38.879122567000024
              ],
              [
                -104.76464813199999,
                38.879150000000038
              ],
              [
                -104.76463011199996,
                38.879149878000078
              ],
              [
                -104.76462996299995,
                38.87916359500008
              ],
              [
                -104.76473527599995,
                38.87916421500006
              ],
              [
                -104.76473461799998,
                38.87922517100003
              ],
              [
                -104.76475216999995,
                38.879225275000067
              ],
              [
                -104.76475208299996,
                38.87923336800003
              ],
              [
                -104.76477665599998,
                38.879233513000031
              ],
              [
                -104.76477653699999,
                38.879244486000061
              ],
              [
                -104.76475897299997,
                38.879244367000069
              ],
              [
                -104.76475834799999,
                38.879302306000056
              ],
              [
                -104.76469336099996,
                38.879301866000048
              ],
              [
                -104.76469320999996,
                38.879315939000037
              ],
              [
                -104.76465808199998,
                38.879315702000042
              ],
              [
                -104.76465822199998,
                38.879301613000052
              ],
              [
                -104.76460465099996,
                38.879301251000072
              ],
              [
                -104.76460523199995,
                38.879242780000027
              ],
              [
                -104.76466052099994,
                38.879243107000036
              ],
              [
                -104.76466072899996,
                38.879222069000036
              ],
              [
                -104.76460715899998,
                38.879221707000056
              ],
              [
                -104.76460742699999,
                38.879194710000036
              ],
              [
                -104.76455684299998,
                38.879194368000071
              ],
              [
                -104.76455725799997,
                38.879152486000066
              ],
              [
                -104.76453035099996,
                38.879152304000058
              ],
              [
                -104.76452989899997,
                38.879194139000049
              ],
              [
                -104.76445184499994,
                38.879193611000062
              ],
              [
                -104.76445225999998,
                38.879151729000057
              ],
              [
                -104.76443423899997,
                38.87915160700004
              ],
              [
                -104.76443451199998,
                38.87912414300007
              ],
              [
                -104.76445252099995,
                38.879124250000075
              ],
              [
                -104.76445302499997,
                38.879073442000049
              ],
              [
                -104.76449469299996,
                38.879073687000073
              ],
              [
                -104.76449451599996,
                38.879090147000056
              ],
              [
                -104.76453225199998,
                38.879090370000029
              ],
              [
                -104.76453238799996,
                38.879076638000072
              ],
              [
                -104.76454274399998,
                38.879076699000052
              ],
              [
                -104.76454293399996,
                38.879057474000035
              ],
              [
                -104.76455697599994,
                38.879057557000067
              ]
            ],
            [
              [
                -104.76191953699998,
                38.879012192000062
              ],
              [
                -104.76186607899996,
                38.879011597000044
              ],
              [
                -104.76186664199997,
                38.878983904000052
              ],
              [
                -104.76179183499994,
                38.87898307200004
              ],
              [
                -104.76179256099999,
                38.878941216000044
              ],
              [
                -104.76176564599996,
                38.878940916000033
              ],
              [
                -104.76176484699994,
                38.878982772000029
              ],
              [
                -104.76169003899997,
                38.878981939000028
              ],
              [
                -104.76169076499997,
                38.878940083000032
              ],
              [
                -104.76167273899995,
                38.878939882000054
              ],
              [
                -104.76167321599996,
                38.878912435000075
              ],
              [
                -104.76169121599997,
                38.878912636000052
              ],
              [
                -104.76169209699998,
                38.87886185900004
              ],
              [
                -104.76176680299994,
                38.878862690000062
              ],
              [
                -104.76176703999994,
                38.878848967000067
              ],
              [
                -104.76178107599998,
                38.878849123000066
              ],
              [
                -104.76178081299997,
                38.878862846000061
              ],
              [
                -104.76186895899997,
                38.878863828000078
              ],
              [
                -104.76186798899994,
                38.878914603000055
              ],
              [
                -104.76188599099999,
                38.878914803000043
              ],
              [
                -104.76188546699996,
                38.878942249000033
              ],
              [
                -104.76186744099999,
                38.878942049000045
              ],
              [
                -104.76186722899996,
                38.878953164000052
              ],
              [
                -104.76192086699996,
                38.878953761000048
              ],
              [
                -104.76192115299995,
                38.878939681000077
              ],
              [
                -104.76195632599996,
                38.878940073000081
              ],
              [
                -104.76195609899997,
                38.878954153000052
              ],
              [
                -104.76202116799999,
                38.878954877000069
              ],
              [
                -104.76202023699994,
                38.879012845000034
              ],
              [
                -104.76203782299996,
                38.879013042000054
              ],
              [
                -104.76203764699994,
                38.879024020000031
              ],
              [
                -104.76201310799996,
                38.879023747000076
              ],
              [
                -104.76201297899996,
                38.879031844000053
              ],
              [
                -104.76199545099996,
                38.87903164800008
              ],
              [
                -104.76199447099998,
                38.879092637000042
              ],
              [
                -104.76188930699999,
                38.879091466000034
              ],
              [
                -104.76188994999995,
                38.879059876000042
              ],
              [
                -104.76186492199997,
                38.879059598000026
              ],
              [
                -104.76186547099996,
                38.879032618000053
              ],
              [
                -104.76191910899996,
                38.879033215000049
              ],
              [
                -104.76191932299997,
                38.879022703000032
              ],
              [
                -104.76191953699998,
                38.879012192000062
              ]
            ],
            [
              [
                -104.76253139599999,
                38.879222141000071
              ],
              [
                -104.76253126099999,
                38.879234713000073
              ],
              [
                -104.76256022199999,
                38.87923489700006
              ],
              [
                -104.76255993799998,
                38.879261248000034
              ],
              [
                -104.76258924999996,
                38.879261434000057
              ],
              [
                -104.76258937599994,
                38.879248862000054
              ],
              [
                -104.76260166299994,
                38.879248940000025
              ],
              [
                -104.76260152699996,
                38.879261511000038
              ],
              [
                -104.76262259099997,
                38.879261645000042
              ],
              [
                -104.76262271599995,
                38.87924907300004
              ],
              [
                -104.76263500299996,
                38.879249151000067
              ],
              [
                -104.76263486799996,
                38.87926172300007
              ],
              [
                -104.76266382899996,
                38.879261907000057
              ],
              [
                -104.76266274299996,
                38.879342878000045
              ],
              [
                -104.76263200699998,
                38.879342683000061
              ],
              [
                -104.76263191799995,
                38.879350917000068
              ],
              [
                -104.76258976599996,
                38.879350650000049
              ],
              [
                -104.76258984899994,
                38.879342415000053
              ],
              [
                -104.76255911299995,
                38.879342220000069
              ],
              [
                -104.76255937599996,
                38.879315869000038
              ],
              [
                -104.76252863999997,
                38.879315674000054
              ],
              [
                -104.76252855099995,
                38.87932390900005
              ],
              [
                -104.76248639899995,
                38.879323641000042
              ],
              [
                -104.76248648099994,
                38.879315407000036
              ],
              [
                -104.76245574499995,
                38.879315212000051
              ],
              [
                -104.76245546099994,
                38.879341562000036
              ],
              [
                -104.76242472499996,
                38.879341367000052
              ],
              [
                -104.76242463599999,
                38.879349602000048
              ],
              [
                -104.76238248399994,
                38.87934933400004
              ],
              [
                -104.76238256599999,
                38.879341100000033
              ],
              [
                -104.76235182999994,
                38.879340905000049
              ],
              [
                -104.76235210699997,
                38.879313319000062
              ],
              [
                -104.76231243799998,
                38.879312894000066
              ],
              [
                -104.76231227699998,
                38.879325466000068
              ],
              [
                -104.76229996299998,
                38.879325388000041
              ],
              [
                -104.76230006199995,
                38.879312816000038
              ],
              [
                -104.76224430099995,
                38.87931246200003
              ],
              [
                -104.76224425599997,
                38.879317951000075
              ],
              [
                -104.76222235099999,
                38.879317812000068
              ],
              [
                -104.76222242199998,
                38.879312323000079
              ],
              [
                -104.76219180099997,
                38.879312182000035
              ],
              [
                -104.76219272499998,
                38.879236646000038
              ],
              [
                -104.76220328099998,
                38.879236713000068
              ],
              [
                -104.76220344099994,
                38.879224143000044
              ],
              [
                -104.76221575599999,
                38.879224221000072
              ],
              [
                -104.76221565699996,
                38.879236792000029
              ],
              [
                -104.76230044499994,
                38.87923733000008
              ],
              [
                -104.76230048799994,
                38.879231841000035
              ],
              [
                -104.76232239299998,
                38.879231980000043
              ],
              [
                -104.76232232199999,
                38.879237469000032
              ],
              [
                -104.76235298999995,
                38.879237664000073
              ],
              [
                -104.76235272999998,
                38.879259897000054
              ],
              [
                -104.76238184099998,
                38.879260117000058
              ],
              [
                -104.76238196599996,
                38.879247546000045
              ],
              [
                -104.76239425299997,
                38.879247624000072
              ],
              [
                -104.76239411699999,
                38.879260195000029
              ],
              [
                -104.76241517999995,
                38.879260329000033
              ],
              [
                -104.76241530599998,
                38.87924775700003
              ],
              [
                -104.76242759299998,
                38.879247835000058
              ],
              [
                -104.76242745699994,
                38.879260407000061
              ],
              [
                -104.76245641899999,
                38.879260591000047
              ],
              [
                -104.76245668199999,
                38.879234240000073
              ],
              [
                -104.76248564399998,
                38.87923442400006
              ],
              [
                -104.76248576899997,
                38.879221852000057
              ],
              [
                -104.76249805599997,
                38.879221930000028
              ],
              [
                -104.76249791999999,
                38.879234502000031
              ],
              [
                -104.76251898399994,
                38.879234635000046
              ],
              [
                -104.76251910899998,
                38.879222063000043
              ],
              [
                -104.76253139599999,
                38.879222141000071
              ]
            ],
            [
              [
                -104.76333254199994,
                38.879200755000056
              ],
              [
                -104.76329038999995,
                38.879200488000038
              ],
              [
                -104.76329047199994,
                38.879192253000042
              ],
              [
                -104.76325973599995,
                38.879192058000058
              ],
              [
                -104.76326001399997,
                38.87916447300006
              ],
              [
                -104.76322034399999,
                38.879164049000053
              ],
              [
                -104.76322018299999,
                38.879176620000067
              ],
              [
                -104.76320786899998,
                38.879176542000039
              ],
              [
                -104.76320796799996,
                38.879163970000036
              ],
              [
                -104.76315220699996,
                38.879163617000074
              ],
              [
                -104.76315216299997,
                38.879169107000052
              ],
              [
                -104.76313025799999,
                38.879168968000045
              ],
              [
                -104.76313032799999,
                38.879163478000066
              ],
              [
                -104.76309966199995,
                38.879163284000072
              ],
              [
                -104.76309920299997,
                38.87918953500008
              ],
              [
                -104.76306846699998,
                38.879189340000039
              ],
              [
                -104.76306837799996,
                38.879197575000035
              ],
              [
                -104.76302622599997,
                38.879197307000027
              ],
              [
                -104.76302630799995,
                38.879189073000077
              ],
              [
                -104.76299557199997,
                38.879188878000036
              ],
              [
                -104.76299647099995,
                38.879107871000031
              ],
              [
                -104.76302558199995,
                38.879108090000045
              ],
              [
                -104.76302570699994,
                38.879095520000078
              ],
              [
                -104.76303799399994,
                38.87909559700006
              ],
              [
                -104.76303785799996,
                38.879108168000073
              ],
              [
                -104.76305892099998,
                38.879108302000077
              ],
              [
                -104.76305904699996,
                38.879095731000064
              ],
              [
                -104.76307133299997,
                38.879095809000034
              ],
              [
                -104.76307119799998,
                38.879108380000048
              ],
              [
                -104.76310015899998,
                38.879108563000045
              ],
              [
                -104.76310063099999,
                38.879087802000072
              ],
              [
                -104.76311118599995,
                38.879087869000045
              ],
              [
                -104.76311134699995,
                38.879075297000043
              ],
              [
                -104.76312366099995,
                38.87907537500007
              ],
              [
                -104.76312356199998,
                38.879087947000073
              ],
              [
                -104.76320834999996,
                38.879088485000068
              ],
              [
                -104.76320839299996,
                38.879082995000033
              ],
              [
                -104.76323029899999,
                38.879083134000041
              ],
              [
                -104.76323022799994,
                38.879088624000076
              ],
              [
                -104.76326089499997,
                38.879088818000071
              ],
              [
                -104.76326063699997,
                38.879111051000052
              ],
              [
                -104.76328974599994,
                38.879111271000056
              ],
              [
                -104.76328987199997,
                38.879098700000043
              ],
              [
                -104.76330215799999,
                38.879098778000071
              ],
              [
                -104.76330202299994,
                38.879111348000038
              ],
              [
                -104.76332308499997,
                38.879111482000042
              ],
              [
                -104.76332321099994,
                38.879098911000028
              ],
              [
                -104.76333549699996,
                38.879098989000056
              ],
              [
                -104.76333536199996,
                38.879111560000069
              ],
              [
                -104.76336432499994,
                38.879111743000067
              ],
              [
                -104.76336458799994,
                38.879085393000025
              ],
              [
                -104.76339354899994,
                38.87908557600008
              ],
              [
                -104.76339367499997,
                38.879073005000066
              ],
              [
                -104.76340596099999,
                38.879073083000037
              ],
              [
                -104.76340582599994,
                38.87908565400005
              ],
              [
                -104.76342688799997,
                38.879085787000065
              ],
              [
                -104.76342701399994,
                38.879073217000041
              ],
              [
                -104.76343930099995,
                38.879073294000079
              ],
              [
                -104.76343916499997,
                38.879085865000036
              ],
              [
                -104.76346812699995,
                38.87908604900008
              ],
              [
                -104.76346784399999,
                38.879112399000064
              ],
              [
                -104.76349715599997,
                38.87911258500003
              ],
              [
                -104.76349728099996,
                38.879100014000073
              ],
              [
                -104.76350956799996,
                38.879100092000044
              ],
              [
                -104.76350943199998,
                38.879112663000058
              ],
              [
                -104.76353049499994,
                38.879112796000072
              ],
              [
                -104.76353062099997,
                38.879100226000048
              ],
              [
                -104.76354290799998,
                38.87910030300003
              ],
              [
                -104.76354277299998,
                38.879112874000043
              ],
              [
                -104.76357173399998,
                38.87911305800003
              ],
              [
                -104.76357064999996,
                38.879194029000075
              ],
              [
                -104.76353991399998,
                38.879193834000034
              ],
              [
                -104.76353982499995,
                38.87920206900003
              ],
              [
                -104.76349767299996,
                38.879201802000068
              ],
              [
                -104.76349775499995,
                38.879193567000073
              ],
              [
                -104.76346701899996,
                38.879193372000032
              ],
              [
                -104.76346728199997,
                38.879167022000047
              ],
              [
                -104.76343654599998,
                38.879166827000063
              ],
              [
                -104.76343645699995,
                38.879175062000058
              ],
              [
                -104.76339430499996,
                38.87917479500004
              ],
              [
                -104.76339438699995,
                38.879166560000044
              ],
              [
                -104.76336365099996,
                38.87916636500006
              ],
              [
                -104.76336336699995,
                38.879192715000045
              ],
              [
                -104.76333263099997,
                38.879192520000061
              ],
              [
                -104.76333254199994,
                38.879200755000056
              ]
            ],
            [
              [
                -104.76264241899997,
                38.879112030000044
              ],
              [
                -104.76262440399995,
                38.879111916000056
              ],
              [
                -104.76262396899995,
                38.879153774000031
              ],
              [
                -104.76254920799994,
                38.879153300000041
              ],
              [
                -104.76254964299994,
                38.879111442000067
              ],
              [
                -104.76252274399997,
                38.879111271000056
              ],
              [
                -104.76252229499994,
                38.879154502000063
              ],
              [
                -104.76248777499995,
                38.879154283000048
              ],
              [
                -104.76248800099995,
                38.879132570000024
              ],
              [
                -104.76244758299998,
                38.87913231400006
              ],
              [
                -104.76244730999997,
                38.879158665000034
              ],
              [
                -104.76240689099996,
                38.87915840800008
              ],
              [
                -104.76240666499996,
                38.879180120000058
              ],
              [
                -104.76237214699995,
                38.879179901000043
              ],
              [
                -104.76237259599998,
                38.879136669000047
              ],
              [
                -104.76234569699994,
                38.879136499000026
              ],
              [
                -104.76234524799997,
                38.879179731000079
              ],
              [
                -104.76231072899998,
                38.879179512000064
              ],
              [
                -104.76231095499998,
                38.879157799000041
              ],
              [
                -104.76227053599996,
                38.879157543000076
              ],
              [
                -104.76227080999996,
                38.879131193000035
              ],
              [
                -104.76223039099995,
                38.879130936000024
              ],
              [
                -104.76223016599994,
                38.879152648000058
              ],
              [
                -104.76219564699994,
                38.879152429000044
              ],
              [
                -104.76219609699996,
                38.879109198000037
              ],
              [
                -104.76216919699999,
                38.879109027000027
              ],
              [
                -104.76216876199999,
                38.879150885000058
              ],
              [
                -104.76209399999999,
                38.879150410000079
              ],
              [
                -104.76209443499994,
                38.879108552000048
              ],
              [
                -104.76207642099996,
                38.87910843800006
              ],
              [
                -104.76207670699995,
                38.879080989000045
              ],
              [
                -104.76209472099998,
                38.879081104000079
              ],
              [
                -104.76209524799998,
                38.879030324000041
              ],
              [
                -104.76213693099999,
                38.879030588000035
              ],
              [
                -104.76213675999998,
                38.879047058000026
              ],
              [
                -104.76217450999997,
                38.879047298000046
              ],
              [
                -104.76217465199994,
                38.879033573000072
              ],
              [
                -104.76219378999997,
                38.879033694000043
              ],
              [
                -104.76219364699995,
                38.879047419000074
              ],
              [
                -104.76227167499997,
                38.879047914000068
              ],
              [
                -104.76227140099996,
                38.879074265000042
              ],
              [
                -104.76234942899998,
                38.879074760000037
              ],
              [
                -104.76234957199995,
                38.879061035000063
              ],
              [
                -104.76237028899999,
                38.879061167000032
              ],
              [
                -104.76237014699996,
                38.879074892000062
              ],
              [
                -104.76244817499997,
                38.879075387000057
              ],
              [
                -104.76244844799999,
                38.879049036000026
              ],
              [
                -104.76252647499996,
                38.879049531000078
              ],
              [
                -104.76252661799998,
                38.879035807000037
              ],
              [
                -104.76254575599995,
                38.879035928000064
              ],
              [
                -104.76254561399998,
                38.879049653000038
              ],
              [
                -104.76258336299998,
                38.879049892000069
              ],
              [
                -104.76258353399999,
                38.879033423000067
              ],
              [
                -104.76262521599995,
                38.87903368700006
              ],
              [
                -104.76262468899995,
                38.879084467000041
              ],
              [
                -104.76264270399997,
                38.879084581000029
              ],
              [
                -104.76264241899997,
                38.879112030000044
              ]
            ],
            [
              [
                -104.76347710999994,
                38.879030245000024
              ],
              [
                -104.76344257499994,
                38.879030048000061
              ],
              [
                -104.76344278699997,
                38.879008354000064
              ],
              [
                -104.76340234999998,
                38.879008122000073
              ],
              [
                -104.76340260799998,
                38.878981793000037
              ],
              [
                -104.76336216999994,
                38.878981562000035
              ],
              [
                -104.76336193199995,
                38.87900329100006
              ],
              [
                -104.76332739699995,
                38.879003093000051
              ],
              [
                -104.76332781899998,
                38.878959897000072
              ],
              [
                -104.76330090799996,
                38.878959743000053
              ],
              [
                -104.76330043299998,
                38.87900300900003
              ],
              [
                -104.76326589799999,
                38.879002811000078
              ],
              [
                -104.76326611099995,
                38.87898111700008
              ],
              [
                -104.76322567299997,
                38.878980886000079
              ],
              [
                -104.76322592999998,
                38.878954556000053
              ],
              [
                -104.76318549299998,
                38.878954325000052
              ],
              [
                -104.76318525499994,
                38.878976054000077
              ],
              [
                -104.76315071999994,
                38.878975857000057
              ],
              [
                -104.76315114199997,
                38.878932660000032
              ],
              [
                -104.76312423099995,
                38.878932506000069
              ],
              [
                -104.76312377199997,
                38.878974398000025
              ],
              [
                -104.76304019099996,
                38.878973920000078
              ],
              [
                -104.76304068799999,
                38.878923182000051
              ],
              [
                -104.76302266599998,
                38.878923078000071
              ],
              [
                -104.76302293299995,
                38.87889565200004
              ],
              [
                -104.76304093999994,
                38.878895777000025
              ],
              [
                -104.76304134899999,
                38.878853952000043
              ],
              [
                -104.76308301199998,
                38.878854242000045
              ],
              [
                -104.76308283099996,
                38.87887072400008
              ],
              [
                -104.76312933699995,
                38.878871048000065
              ],
              [
                -104.76312947199995,
                38.878857335000077
              ],
              [
                -104.76314860099995,
                38.878857468000035
              ],
              [
                -104.76314844999996,
                38.878871203000074
              ],
              [
                -104.76322643999998,
                38.878871747000062
              ],
              [
                -104.76322615199996,
                38.878898118000052
              ],
              [
                -104.76330414199998,
                38.878898661000051
              ],
              [
                -104.76330427599999,
                38.878884948000064
              ],
              [
                -104.76332498499994,
                38.878885092000075
              ],
              [
                -104.76332483399995,
                38.878898827000057
              ],
              [
                -104.76340282399997,
                38.878899370000056
              ],
              [
                -104.76340253599994,
                38.878925741000046
              ],
              [
                -104.76348052599997,
                38.878926284000045
              ],
              [
                -104.76348065999997,
                38.878912571000058
              ],
              [
                -104.76349978999997,
                38.878912704000072
              ],
              [
                -104.76349963899997,
                38.878926440000043
              ],
              [
                -104.76354614499996,
                38.878926763000038
              ],
              [
                -104.76354630599997,
                38.878910307000069
              ],
              [
                -104.76358796899996,
                38.878910597000072
              ],
              [
                -104.76358741199999,
                38.878961417000028
              ],
              [
                -104.76360541799994,
                38.87896154200007
              ],
              [
                -104.76360511699994,
                38.87898901300008
              ],
              [
                -104.76358709399994,
                38.878988910000032
              ],
              [
                -104.76358663499997,
                38.879030801000056
              ],
              [
                -104.76350407299998,
                38.879030330000035
              ],
              [
                -104.76350449499995,
                38.878987134000056
              ],
              [
                -104.76347758399999,
                38.878986980000036
              ],
              [
                -104.76347710999994,
                38.879030245000024
              ]
            ],
            [
              [
                -104.76293307799995,
                38.878653160000056
              ],
              [
                -104.76293292099996,
                38.87866963700003
              ],
              [
                -104.76294328699998,
                38.878669707000029
              ],
              [
                -104.76294315599995,
                38.878683438000053
              ],
              [
                -104.76302123299996,
                38.878683963000071
              ],
              [
                -104.76302044599998,
                38.878766349000045
              ],
              [
                -104.76298005299998,
                38.878766108000036
              ],
              [
                -104.76297984499996,
                38.878787830000078
              ],
              [
                -104.76294534899995,
                38.87878762400004
              ],
              [
                -104.76294583299995,
                38.878744415000028
              ],
              [
                -104.76291895199995,
                38.878744255000072
              ],
              [
                -104.76291855199997,
                38.878786134000052
              ],
              [
                -104.76287924799999,
                38.878785900000025
              ],
              [
                -104.76287868799994,
                38.878844366000067
              ],
              [
                -104.76282517199996,
                38.87884404700003
              ],
              [
                -104.76282497099999,
                38.878865083000051
              ],
              [
                -104.76287855599998,
                38.878865443000052
              ],
              [
                -104.76287799699998,
                38.878923909000036
              ],
              [
                -104.76294405799996,
                38.878924354000048
              ],
              [
                -104.76294375499998,
                38.878955962000077
              ],
              [
                -104.76297154899999,
                38.878956149000032
              ],
              [
                -104.76297129199997,
                38.878983144000074
              ],
              [
                -104.76291601899999,
                38.878982815000029
              ],
              [
                -104.76291581799995,
                38.87900385100005
              ],
              [
                -104.76296940499998,
                38.879004210000062
              ],
              [
                -104.76296884599998,
                38.879062677000036
              ],
              [
                -104.76291532899995,
                38.879062358000056
              ],
              [
                -104.76291519399996,
                38.879076446000056
              ],
              [
                -104.76288010099995,
                38.87907623600006
              ],
              [
                -104.76288025799994,
                38.879062163000071
              ],
              [
                -104.76281533599996,
                38.879061775000025
              ],
              [
                -104.76281570099997,
                38.879029210000056
              ],
              [
                -104.76283678399994,
                38.879029352000032
              ],
              [
                -104.76283711499997,
                38.878999860000079
              ],
              [
                -104.76281956699995,
                38.878999755000052
              ],
              [
                -104.76281973499994,
                38.878984803000037
              ],
              [
                -104.76283730399996,
                38.878984922000029
              ],
              [
                -104.76283798799994,
                38.878923961000055
              ],
              [
                -104.76282114299994,
                38.878923860000043
              ],
              [
                -104.76282100799995,
                38.878937948000043
              ],
              [
                -104.76278591599998,
                38.878937739000037
              ],
              [
                -104.76278607299997,
                38.878923665000059
              ],
              [
                -104.76272114999995,
                38.878923278000059
              ],
              [
                -104.76272179999995,
                38.878865336000047
              ],
              [
                -104.76270425299998,
                38.878865231000077
              ],
              [
                -104.76270437599999,
                38.878854257000057
              ],
              [
                -104.76272897199999,
                38.878854423000064
              ],
              [
                -104.76272904899997,
                38.878847564000068
              ],
              [
                -104.76274661799994,
                38.878847682000071
              ],
              [
                -104.76274694999995,
                38.878818189000071
              ],
              [
                -104.76272589299998,
                38.878818064000029
              ],
              [
                -104.76272625799999,
                38.87878549900006
              ],
              [
                -104.76279126399999,
                38.878785936000043
              ],
              [
                -104.76279140499997,
                38.878773371000079
              ],
              [
                -104.76282654399995,
                38.878773607000028
              ],
              [
                -104.76282642399997,
                38.878786184000035
              ],
              [
                -104.76284328899999,
                38.87878629800008
              ],
              [
                -104.76284375799997,
                38.878744460000064
              ],
              [
                -104.76282575499994,
                38.878744353000059
              ],
              [
                -104.76282606299998,
                38.878716918000066
              ],
              [
                -104.76284408899994,
                38.878717039000037
              ],
              [
                -104.76284465799995,
                38.878666285000065
              ],
              [
                -104.76291886899998,
                38.878666783000028
              ],
              [
                -104.76291902299994,
                38.878653066000027
              ],
              [
                -104.76293307799995,
                38.878653160000056
              ]
            ],
            [
              [
                -104.76431817699995,
                38.879214726000043
              ],
              [
                -104.76427859499995,
                38.879214475000026
              ],
              [
                -104.76427843399995,
                38.87922704600004
              ],
              [
                -104.76426611999995,
                38.879226968000069
              ],
              [
                -104.76426621899998,
                38.879214397000055
              ],
              [
                -104.76421045699999,
                38.879214044000037
              ],
              [
                -104.76421041399999,
                38.879219533000025
              ],
              [
                -104.76418850799996,
                38.879219395000064
              ],
              [
                -104.76418857899995,
                38.879213905000029
              ],
              [
                -104.76415791199997,
                38.879213711000034
              ],
              [
                -104.76415824999998,
                38.879187361000049
              ],
              [
                -104.76412751399994,
                38.879187166000065
              ],
              [
                -104.76412742499997,
                38.879195400000071
              ],
              [
                -104.76408527299998,
                38.879195134000042
              ],
              [
                -104.76408535499996,
                38.879186899000047
              ],
              [
                -104.76405461899998,
                38.879186705000052
              ],
              [
                -104.76405433599996,
                38.879213055000037
              ],
              [
                -104.76402359999997,
                38.879212860000052
              ],
              [
                -104.76402351099995,
                38.879221095000048
              ],
              [
                -104.76398135899996,
                38.87922082800003
              ],
              [
                -104.76398144199999,
                38.87921259400008
              ],
              [
                -104.76395070499996,
                38.879212399000039
              ],
              [
                -104.76395096799996,
                38.879186048000065
              ],
              [
                -104.76392023199998,
                38.879185853000024
              ],
              [
                -104.76392014399994,
                38.879194088000077
              ],
              [
                -104.76387799199995,
                38.879193821000058
              ],
              [
                -104.76387807399999,
                38.879185586000062
              ],
              [
                -104.76384733799995,
                38.879185392000068
              ],
              [
                -104.76384705399994,
                38.879211742000052
              ],
              [
                -104.76381631799995,
                38.879211548000058
              ],
              [
                -104.76381622999997,
                38.879219782000064
              ],
              [
                -104.76377407699994,
                38.879219515000045
              ],
              [
                -104.76377415899998,
                38.879211281000039
              ],
              [
                -104.76374342299994,
                38.879211086000055
              ],
              [
                -104.76374368599994,
                38.879184735000024
              ],
              [
                -104.76371294999996,
                38.87918454000004
              ],
              [
                -104.76371286199998,
                38.879192775000035
              ],
              [
                -104.76367070899994,
                38.879192508000074
              ],
              [
                -104.76367079099998,
                38.879184273000078
              ],
              [
                -104.76364005499994,
                38.879184079000026
              ],
              [
                -104.76364086299998,
                38.879103106000059
              ],
              [
                -104.76366982499997,
                38.879103289000057
              ],
              [
                -104.76366995099994,
                38.879090718000043
              ],
              [
                -104.76368223699995,
                38.879090795000025
              ],
              [
                -104.76368210199996,
                38.879103367000027
              ],
              [
                -104.76370316399999,
                38.879103501000031
              ],
              [
                -104.76370328999997,
                38.879090929000029
              ],
              [
                -104.76371557599998,
                38.879091007000056
              ],
              [
                -104.76371544099999,
                38.87910357800007
              ],
              [
                -104.76374440399997,
                38.879103762000057
              ],
              [
                -104.76374411899997,
                38.879130112000041
              ],
              [
                -104.76377343299998,
                38.879130297000074
              ],
              [
                -104.76377355699998,
                38.879117726000061
              ],
              [
                -104.76378584499997,
                38.879117804000032
              ],
              [
                -104.76378570899999,
                38.879130375000045
              ],
              [
                -104.76380677199995,
                38.879130509000049
              ],
              [
                -104.76380689799998,
                38.879117938000036
              ],
              [
                -104.76381918399994,
                38.879118015000074
              ],
              [
                -104.76381904899995,
                38.879130586000031
              ],
              [
                -104.76384800999995,
                38.879130770000074
              ],
              [
                -104.76384827299995,
                38.879104420000033
              ],
              [
                -104.76387723499994,
                38.87910460300003
              ],
              [
                -104.76387735999998,
                38.879092032000074
              ],
              [
                -104.76388964699998,
                38.879092109000055
              ],
              [
                -104.76388951099995,
                38.879104681000058
              ],
              [
                -104.76391057399996,
                38.879104815000062
              ],
              [
                -104.76391069999994,
                38.879092243000059
              ],
              [
                -104.76392298599995,
                38.87909232100003
              ],
              [
                -104.76392285199995,
                38.879104892000043
              ],
              [
                -104.76395181299995,
                38.87910507600003
              ],
              [
                -104.76395152899994,
                38.879131425000026
              ],
              [
                -104.76398084199997,
                38.879131611000048
              ],
              [
                -104.76398096699995,
                38.879119040000035
              ],
              [
                -104.76399325399996,
                38.879119118000062
              ],
              [
                -104.76399311899996,
                38.879131689000076
              ],
              [
                -104.76401418199998,
                38.879131822000033
              ],
              [
                -104.76401430699997,
                38.879119251000077
              ],
              [
                -104.76402659399997,
                38.879119329000048
              ],
              [
                -104.76402645799999,
                38.879131900000061
              ],
              [
                -104.76405541999998,
                38.879132083000059
              ],
              [
                -104.76405568299998,
                38.879105733000074
              ],
              [
                -104.76408464399998,
                38.879105917000061
              ],
              [
                -104.76408476999995,
                38.879093345000058
              ],
              [
                -104.76409705599997,
                38.879093423000029
              ],
              [
                -104.76409692099998,
                38.879105995000032
              ],
              [
                -104.76411798499998,
                38.879106128000046
              ],
              [
                -104.76411810899998,
                38.879093556000043
              ],
              [
                -104.76413039699997,
                38.879093634000071
              ],
              [
                -104.76413026199998,
                38.879106206000074
              ],
              [
                -104.76415922299998,
                38.879106389000071
              ],
              [
                -104.76415887999997,
                38.879138229000034
              ],
              [
                -104.76416943499999,
                38.879138296000065
              ],
              [
                -104.76416959699998,
                38.879125724000062
              ],
              [
                -104.76418191099998,
                38.879125802000033
              ],
              [
                -104.76418181199995,
                38.879138374000036
              ],
              [
                -104.76426659999998,
                38.879138911000041
              ],
              [
                -104.76426664299998,
                38.879133421000063
              ],
              [
                -104.76428854899996,
                38.879133559000024
              ],
              [
                -104.76428847799997,
                38.879139050000049
              ],
              [
                -104.76431914499994,
                38.879139244000044
              ],
              [
                -104.76431817699995,
                38.879214726000043
              ]
            ],
            [
              [
                -104.76235741999994,
                38.878677223000068
              ],
              [
                -104.76235767599997,
                38.87866314300004
              ],
              [
                -104.76239278899999,
                38.878663533000065
              ],
              [
                -104.76239253299997,
                38.878677613000036
              ],
              [
                -104.76245749199995,
                38.878678335000075
              ],
              [
                -104.76245643699997,
                38.87873630200005
              ],
              [
                -104.76247399399995,
                38.87873649800008
              ],
              [
                -104.76247379399996,
                38.878747476000058
              ],
              [
                -104.76247366899997,
                38.878754338000078
              ],
              [
                -104.76245611199994,
                38.878754142000048
              ],
              [
                -104.76245557499999,
                38.878783648000081
              ],
              [
                -104.76247313199997,
                38.878783843000065
              ],
              [
                -104.76247253899999,
                38.878816422000057
              ],
              [
                -104.76240757999994,
                38.878815699000029
              ],
              [
                -104.76240732299999,
                38.878829779000057
              ],
              [
                -104.76237220999997,
                38.878829389000032
              ],
              [
                -104.76237246499994,
                38.878815309000061
              ],
              [
                -104.76231891799995,
                38.878814713000054
              ],
              [
                -104.76231998199995,
                38.878756280000061
              ],
              [
                -104.76237352999999,
                38.878756876000068
              ],
              [
                -104.76237391199999,
                38.878735852000034
              ],
              [
                -104.76232036499994,
                38.878735256000027
              ],
              [
                -104.76232159599999,
                38.878677544000027
              ],
              [
                -104.76225663699995,
                38.878676822000045
              ],
              [
                -104.76225637999994,
                38.878690902000073
              ],
              [
                -104.76222126699997,
                38.878690511000059
              ],
              [
                -104.76222152399998,
                38.878676431000031
              ],
              [
                -104.76216797599994,
                38.878675835000024
              ],
              [
                -104.76216903999995,
                38.878617401000042
              ],
              [
                -104.76222258799999,
                38.878617997000049
              ],
              [
                -104.76222297099997,
                38.878596973000072
              ],
              [
                -104.76216942299999,
                38.878596377000065
              ],
              [
                -104.76217158399999,
                38.87853939200005
              ],
              [
                -104.76214349299994,
                38.878539079000063
              ],
              [
                -104.76214323699998,
                38.878553159000035
              ],
              [
                -104.76210812399995,
                38.878552769000066
              ],
              [
                -104.76210837999997,
                38.878538689000038
              ],
              [
                -104.76205483199999,
                38.878538093000031
              ],
              [
                -104.76205589699998,
                38.87847965900005
              ],
              [
                -104.76210944299999,
                38.878480255000056
              ],
              [
                -104.76210963599999,
                38.878469743000039
              ],
              [
                -104.76210982699996,
                38.878459231000079
              ],
              [
                -104.76205627899998,
                38.878458635000072
              ],
              [
                -104.76205734399997,
                38.87840020200008
              ],
              [
                -104.76221096299997,
                38.878401911000026
              ],
              [
                -104.76221036999999,
                38.878434490000075
              ],
              [
                -104.76219277899997,
                38.87843618800008
              ],
              [
                -104.76219227599995,
                38.878463799000031
              ],
              [
                -104.76220983299999,
                38.878463995000061
              ],
              [
                -104.76220958299996,
                38.878477718000056
              ],
              [
                -104.76219202699997,
                38.878477523000072
              ],
              [
                -104.76219148999996,
                38.878507027000069
              ],
              [
                -104.76220904599995,
                38.878507223000042
              ],
              [
                -104.76220845299997,
                38.878539802000034
              ],
              [
                -104.76232410599994,
                38.878539653000075
              ],
              [
                -104.76232351399995,
                38.878572232000067
              ],
              [
                -104.76230595799996,
                38.878572037000026
              ],
              [
                -104.76230541899997,
                38.878601542000069
              ],
              [
                -104.76232297599995,
                38.878601737000054
              ],
              [
                -104.76232272599998,
                38.878615460000049
              ],
              [
                -104.76230516999999,
                38.878615265000064
              ],
              [
                -104.76230463299999,
                38.878644770000051
              ],
              [
                -104.76232218899997,
                38.878644966000024
              ],
              [
                -104.76232159599999,
                38.878677544000027
              ],
              [
                -104.76235741999994,
                38.878677223000068
              ]
            ],
            [
              [
                -104.76219971199998,
                38.878223490000039
              ],
              [
                -104.76216459699998,
                38.878223132000073
              ],
              [
                -104.76216485399999,
                38.878209067000057
              ],
              [
                -104.76211130599995,
                38.878208519000054
              ],
              [
                -104.76211236799998,
                38.878150151000057
              ],
              [
                -104.76215362499994,
                38.878150646000051
              ],
              [
                -104.76215381699996,
                38.878140146000078
              ],
              [
                -104.76215400799998,
                38.878129646000048
              ],
              [
                -104.76211274899998,
                38.87812922300003
              ],
              [
                -104.76211323999996,
                38.878102274000071
              ],
              [
                -104.76214923099997,
                38.87810270600005
              ],
              [
                -104.76214979199995,
                38.878071864000049
              ],
              [
                -104.76211467899998,
                38.878071504000047
              ],
              [
                -104.76211525299999,
                38.878039949000026
              ],
              [
                -104.76207926199999,
                38.878039580000063
              ],
              [
                -104.76207975199998,
                38.878012630000057
              ],
              [
                -104.76213505399994,
                38.878013294000027
              ],
              [
                -104.76213543699998,
                38.87799229400008
              ],
              [
                -104.76208013299998,
                38.877991727000051
              ],
              [
                -104.76208062399996,
                38.877964778000035
              ],
              [
                -104.76211661299999,
                38.87796521000007
              ],
              [
                -104.76211717599995,
                38.877934368000069
              ],
              [
                -104.76208206099994,
                38.877934008000068
              ],
              [
                -104.76208263599995,
                38.877902453000047
              ],
              [
                -104.76204664399995,
                38.877902084000027
              ],
              [
                -104.76204713499999,
                38.877875135000068
              ],
              [
                -104.76210068199998,
                38.877875777000042
              ],
              [
                -104.76210106399998,
                38.877854777000039
              ],
              [
                -104.76204751599994,
                38.877854229000036
              ],
              [
                -104.76204797999998,
                38.877828759000067
              ],
              [
                -104.76197323299999,
                38.877827477000039
              ],
              [
                -104.76197400099994,
                38.877785297000059
              ],
              [
                -104.76194710699997,
                38.877784917000042
              ],
              [
                -104.76194634399997,
                38.877826773000038
              ],
              [
                -104.76187158899995,
                38.877825941000026
              ],
              [
                -104.76187235099997,
                38.87778408500003
              ],
              [
                -104.76185433799998,
                38.877783885000042
              ],
              [
                -104.76185483799998,
                38.877756438000063
              ],
              [
                -104.76187285099996,
                38.877756638000051
              ],
              [
                -104.76187377499997,
                38.877705863000074
              ],
              [
                -104.76191545399996,
                38.877706327000055
              ],
              [
                -104.76191515499994,
                38.877722794000078
              ],
              [
                -104.76195290099997,
                38.877723214000071
              ],
              [
                -104.76195315099994,
                38.877709491000076
              ],
              [
                -104.76196192799995,
                38.877709589000062
              ],
              [
                -104.76196217999995,
                38.877695760000051
              ],
              [
                -104.76197622699999,
                38.87769583100004
              ],
              [
                -104.76197597899994,
                38.877709449000065
              ],
              [
                -104.76205014499999,
                38.877709826000057
              ],
              [
                -104.76204922899996,
                38.877760210000076
              ],
              [
                -104.76206724299999,
                38.87776030200007
              ],
              [
                -104.76206674699995,
                38.877787535000039
              ],
              [
                -104.76204873599994,
                38.877787227000056
              ],
              [
                -104.76204857999994,
                38.877795819000028
              ],
              [
                -104.76210212499996,
                38.877796462000049
              ],
              [
                -104.76210238199997,
                38.877782398000079
              ],
              [
                -104.76213749499999,
                38.87778281900006
              ],
              [
                -104.76213723799998,
                38.877796915000033
              ],
              [
                -104.76220219499999,
                38.877797695000027
              ],
              [
                -104.76220160099996,
                38.877830310000036
              ],
              [
                -104.76218053399998,
                38.877830095000036
              ],
              [
                -104.76218012099997,
                38.877852763000078
              ],
              [
                -104.76219767699996,
                38.877852975000053
              ],
              [
                -104.76219747699997,
                38.877863965000074
              ],
              [
                -104.76219727699998,
                38.877874956000028
              ],
              [
                -104.76217971999995,
                38.877874776000056
              ],
              [
                -104.76217866299999,
                38.877932809000072
              ],
              [
                -104.76221377599995,
                38.877933231000043
              ],
              [
                -104.76221271999998,
                38.877991263000069
              ],
              [
                -104.76223027499998,
                38.877991474000055
              ],
              [
                -104.76223007499999,
                38.878002464000076
              ],
              [
                -104.76222987499995,
                38.878013456000076
              ],
              [
                -104.76221231799997,
                38.878013276000047
              ],
              [
                -104.76221126199994,
                38.878071308000074
              ],
              [
                -104.76224637499996,
                38.878071730000045
              ],
              [
                -104.76224531799994,
                38.878129762000071
              ],
              [
                -104.76226287399999,
                38.878129973000057
              ],
              [
                -104.76226254899996,
                38.878147833000071
              ],
              [
                -104.76224499199998,
                38.878147653000042
              ],
              [
                -104.76224445399998,
                38.878177192000066
              ],
              [
                -104.76226552199995,
                38.878177445000063
              ],
              [
                -104.76226492799998,
                38.878210061000061
              ],
              [
                -104.76219996799995,
                38.878209395000056
              ],
              [
                -104.76219971199998,
                38.878223490000039
              ]
            ],
            [
              [
                -104.76337330999996,
                38.878366462000031
              ],
              [
                -104.76337304299994,
                38.878398055000048
              ],
              [
                -104.76340086099998,
                38.878398231000062
              ],
              [
                -104.76340063299995,
                38.878425213000071
              ],
              [
                -104.76334540799996,
                38.878424862000031
              ],
              [
                -104.76334522999997,
                38.878445889000034
              ],
              [
                -104.76339886099998,
                38.87844622800003
              ],
              [
                -104.76339858999995,
                38.878478315000052
              ],
              [
                -104.76347337499999,
                38.878478741000038
              ],
              [
                -104.76347295999994,
                38.878520565000031
              ],
              [
                -104.76349986699995,
                38.878520719000051
              ],
              [
                -104.76350033299997,
                38.878477452000027
              ],
              [
                -104.76353486399995,
                38.878477648000057
              ],
              [
                -104.76353464899995,
                38.878499342000055
              ],
              [
                -104.76357507999995,
                38.878499572000067
              ],
              [
                -104.76357481699995,
                38.878525901000046
              ],
              [
                -104.76361524999999,
                38.878526131000058
              ],
              [
                -104.76361548399996,
                38.878504401000043
              ],
              [
                -104.76365001399995,
                38.878504598000063
              ],
              [
                -104.76364958499994,
                38.878547794000042
              ],
              [
                -104.76367649199995,
                38.878547946000026
              ],
              [
                -104.76367695899995,
                38.878504680000049
              ],
              [
                -104.76371148899995,
                38.878504876000079
              ],
              [
                -104.76371127299996,
                38.878526570000076
              ],
              [
                -104.76375170399996,
                38.878526800000031
              ],
              [
                -104.76375198899996,
                38.878500428000052
              ],
              [
                -104.76379242099995,
                38.878500658000064
              ],
              [
                -104.76379265499997,
                38.87847892800005
              ],
              [
                -104.76382718499997,
                38.87847912400008
              ],
              [
                -104.76382675599996,
                38.878522320000059
              ],
              [
                -104.76385366299996,
                38.878522474000079
              ],
              [
                -104.76385412999997,
                38.878479207000055
              ],
              [
                -104.76388865999996,
                38.878479403000028
              ],
              [
                -104.76388905999994,
                38.878420964000043
              ],
              [
                -104.76394246399997,
                38.878421302000049
              ],
              [
                -104.76394260799998,
                38.878400277000026
              ],
              [
                -104.76388714999996,
                38.878399925000053
              ],
              [
                -104.76388733499999,
                38.878372943000045
              ],
              [
                -104.76391503499997,
                38.87837311800007
              ],
              [
                -104.76391525199995,
                38.878341525000053
              ],
              [
                -104.76402030899999,
                38.878342190000069
              ],
              [
                -104.76401946299995,
                38.878403179000031
              ],
              [
                -104.76403697299997,
                38.878403290000051
              ],
              [
                -104.76403685999998,
                38.878411387000028
              ],
              [
                -104.76406137399994,
                38.878411542000038
              ],
              [
                -104.76406122099996,
                38.878422521000061
              ],
              [
                -104.76404361499999,
                38.878422409000052
              ],
              [
                -104.76404281099997,
                38.878480379000052
              ],
              [
                -104.76397766799994,
                38.878479967000033
              ],
              [
                -104.76397747299995,
                38.87849404800005
              ],
              [
                -104.76394226099995,
                38.878493825000078
              ],
              [
                -104.76394235799995,
                38.878479743000071
              ],
              [
                -104.76392799399997,
                38.878479652000067
              ],
              [
                -104.76392757799994,
                38.87852147600006
              ],
              [
                -104.76394559799996,
                38.878521579000051
              ],
              [
                -104.76394532499995,
                38.878549005000025
              ],
              [
                -104.76392731699997,
                38.87854887900005
              ],
              [
                -104.76392681199997,
                38.878599617000077
              ],
              [
                -104.76388535499996,
                38.878599327000074
              ],
              [
                -104.76388553199996,
                38.878582845000039
              ],
              [
                -104.76384779599999,
                38.878582582000035
              ],
              [
                -104.76384765899996,
                38.878596295000079
              ],
              [
                -104.76382852799998,
                38.878596161000075
              ],
              [
                -104.76382867599995,
                38.878582425000047
              ],
              [
                -104.76375067599997,
                38.878581881000059
              ],
              [
                -104.76375041299997,
                38.878608210000039
              ],
              [
                -104.76367241299994,
                38.878607665000061
              ],
              [
                -104.76367227599997,
                38.878621378000048
              ],
              [
                -104.76365156499998,
                38.878621234000036
              ],
              [
                -104.76365171299994,
                38.878607498000065
              ],
              [
                -104.76357371299997,
                38.878606954000077
              ],
              [
                -104.76357399699998,
                38.878580581000051
              ],
              [
                -104.76349599599996,
                38.878580037000063
              ],
              [
                -104.76349585999998,
                38.87859375000005
              ],
              [
                -104.76348550399996,
                38.878593677000026
              ],
              [
                -104.76348531299999,
                38.878612875000044
              ],
              [
                -104.76347127199995,
                38.878612777000058
              ],
              [
                -104.76347141999997,
                38.878599042000076
              ],
              [
                -104.76339727999999,
                38.87859852400004
              ],
              [
                -104.76339782899998,
                38.878547703000038
              ],
              [
                -104.76337981999995,
                38.878547577000063
              ],
              [
                -104.76338011699994,
                38.878520106000053
              ],
              [
                -104.76339813799996,
                38.878520208000054
              ],
              [
                -104.76339830599994,
                38.878504670000041
              ],
              [
                -104.76334483399995,
                38.878504331000045
              ],
              [
                -104.76334471499996,
                38.878518412000062
              ],
              [
                -104.76330965099999,
                38.878518190000079
              ],
              [
                -104.76330982499996,
                38.878504108000072
              ],
              [
                -104.76324495699998,
                38.878503697000042
              ],
              [
                -104.76324535799995,
                38.878471116000071
              ],
              [
                -104.76326645899996,
                38.878471250000075
              ],
              [
                -104.76326682099995,
                38.878441743000053
              ],
              [
                -104.76324928899999,
                38.878441632000033
              ],
              [
                -104.76324947299997,
                38.878426672000046
              ],
              [
                -104.76326705699995,
                38.878426784000055
              ],
              [
                -104.76326738299997,
                38.878400323000051
              ],
              [
                -104.76326780599999,
                38.878365794000047
              ],
              [
                -104.76337330999996,
                38.878366462000031
              ]
            ]
          ],
          [
            [
              [
                -104.75887476699995,
                38.876958646000048
              ],
              [
                -104.75800045099999,
                38.87695737100006
              ],
              [
                -104.75789065599997,
                38.876961369000071
              ],
              [
                -104.75788319699996,
                38.87768978400004
              ],
              [
                -104.75794639999998,
                38.877690180000059
              ],
              [
                -104.75794394099995,
                38.877930336000077
              ],
              [
                -104.75886477199998,
                38.877936093000073
              ],
              [
                -104.75887476699995,
                38.876958646000048
              ]
            ],
            [
              [
                -104.75869339299999,
                38.877638651000041
              ],
              [
                -104.75861282799997,
                38.877638137000076
              ],
              [
                -104.75861413399997,
                38.877542070000061
              ],
              [
                -104.75847401999994,
                38.877541176000079
              ],
              [
                -104.75847457999998,
                38.877500004000069
              ],
              [
                -104.75840452399996,
                38.877499557000078
              ],
              [
                -104.75840545799997,
                38.877430938000032
              ],
              [
                -104.75878211599996,
                38.877433341000028
              ],
              [
                -104.75878021799997,
                38.877694105000046
              ],
              [
                -104.75869264599999,
                38.877693547000035
              ],
              [
                -104.75869339299999,
                38.877638651000041
              ]
            ],
            [
              [
                -104.75812326799996,
                38.877726275000043
              ],
              [
                -104.75812201499997,
                38.877794891000065
              ],
              [
                -104.75849069899999,
                38.877799004000053
              ],
              [
                -104.75848969599997,
                38.87785389700008
              ],
              [
                -104.75852480899994,
                38.877854288000037
              ],
              [
                -104.75852380699996,
                38.877909181000064
              ],
              [
                -104.75797955799999,
                38.877903109000044
              ],
              [
                -104.75798447099999,
                38.877634133000072
              ],
              [
                -104.75805469599999,
                38.87763491700008
              ],
              [
                -104.75805419499994,
                38.87766236300007
              ],
              [
                -104.75812441999994,
                38.877663148000067
              ],
              [
                -104.75812326799996,
                38.877726275000043
              ]
            ],
            [
              [
                -104.75848629499995,
                38.877389909000044
              ],
              [
                -104.75834444099996,
                38.877388326000073
              ],
              [
                -104.75834494199995,
                38.877360880000026
              ],
              [
                -104.75819395799999,
                38.877359195000054
              ],
              [
                -104.75819546099996,
                38.877276855000048
              ],
              [
                -104.75811786199995,
                38.877275990000044
              ],
              [
                -104.75812038799995,
                38.877137659000027
              ],
              [
                -104.75823801599995,
                38.877138972000068
              ],
              [
                -104.75827412699999,
                38.877198123000028
              ],
              [
                -104.75831977299998,
                38.877198632000045
              ],
              [
                -104.75832134199999,
                38.877112724000028
              ],
              [
                -104.75848707199998,
                38.877114573000028
              ],
              [
                -104.75848657099999,
                38.877142020000065
              ],
              [
                -104.75866216899999,
                38.877143979000039
              ],
              [
                -104.75865814599996,
                38.877364374000081
              ],
              [
                -104.75848679699999,
                38.877362463000054
              ],
              [
                -104.75848629499995,
                38.877389909000044
              ]
            ]
          ]
        ]
      },
      "properties": {
        "id": "6334100000"
      }
    }
  ]
}
